6c9311dedbbc1c5bc362990167f3af1b,27025,16781,06:41:21
1c563bc990eb89e821e43468b7012f56,41736,26203,06:46:14
cc0ff4598d656579408ce485d4392108,9712,202,06:46:00
eca7d3febb27f6369161050006a21235,33573,27818,06:47:17
a59914908a73789e07da5dcf519419bc,41771,53661,06:48:19
5a2743b21af3ca64f9a84272dace3018,8582,38864,06:50:35
f26428b32ac33bddbf128935a74bdb09,41745,2062,06:51:06
0abe835c58246ca7eca7156364bcced8,41768,35094,06:52:02
f22426be36873179095ffad5aa9fc79d,61729,17173,06:50:28
624085d0667dbf8c54788d675aa2b326,63233,30521,06:57:06
c7ed996523d50d8066172d713178d731,41764,40603,06:58:45
c4c2fb702f9b07a2b390c9ff8cfe58a9,41760,4918,07:01:02
96d53c0a95c7f437fe29259d2af55cce,41768,53222,06:59:53
96d53c0a95c7f437fe29259d2af55cce,41768,53222,06:59:54
96d53c0a95c7f437fe29259d2af55cce,41768,53222,06:59:55
7311a0d873a6806cacad9f4054589eaf,41753,11933,07:00:54
9f3db10a7e2a92cf9df437c15590f72b,41745,21844,07:02:00
8d5be180f035cef33052f948b85f83ea,41817,46728,07:05:32
638d4e9f5f765aa7fa1a2a2ee6548a4d,56843,51034,07:05:00
a444d17d2769c03176a66361353f0db1,33563,11215,07:06:13
c0c724d4013fd34bf1226308ae2ae2d3,61789,2072,07:06:32
b168be3eede03d43dafb30acfe3dcbe2,41212,64621,07:06:55
fdd1578a0772d614a1c9e1b3389f31e8,33590,6657,07:07:53
bae4f11b2a57867905c829a239959c1b,41760,47574,07:10:17
d0af8d26d2e742069c78bc6dbfcc7b90,62866,12862,07:10:07
701a704459c2cdf673a1fb5c02f27785,33142,5312,07:09:37
a51dc7cd75721aab6e2693a8ffd1a3c4,41776,24975,07:09:46
9bf040e4cc2d9be36720930842f7e73b,33599,55189,07:11:18
769dcba2bdd07f4f4d281906854506a9,41832,45091,07:09:45
ee68375e4d2802bcbddb09fdbb187e6b,41764,8921,07:10:22
fdd1578a0772d614a1c9e1b3389f31e8,33590,6657,07:11:48
b5bcf9d4acfe7000e950658d33a004b0,41745,21844,07:13:37
06725bdf31f3e7fff77ff5c8bb0b4d6c,41776,30603,07:16:33
ce730e06dbfab7e07853f75503e7a827,41784,22446,07:16:02
ff3250250c94df99fe007042ac2628b8,33553,36639,07:16:32
cab8ea5854e0d56f07d85cf7659de564,33561,50442,07:13:50
b8d3ea85b9110a4fea653309f4c13aa6,41777,27313,07:14:09
00a2bf8df8b5a00581974399a5392e20,63235,32612,07:18:47
d37412f0d804f299646a4c6f3d4a1be4,17922,33654,07:18:03
f8f6ed502010fa8f2e7fcd25cb09a7f6,41744,38815,07:21:32
1ac43f52846bf6c0d8fc132d7ce927a4,41744,1763,07:19:53
e4aeb7293a986d339f15631aadc4d094,41764,45351,07:23:31
a13333c6b610ca285ed2c38edc6034ef,41760,44582,07:24:35
8e6db94505c93885b300357b6b2cf816,33577,297,07:25:33
6cd5cc5be049a0e7d6223a19b8fbe9e4,33556,37101,07:27:40
064dd830697ededdfa764e58aedc6c83,33599,56018,07:26:44
76ac1ae4f14355001beab234ff73076e,41784,38142,07:27:25
86ac303bfab62ad4802b8a3ae956ab4c,59720,50591,07:27:22
bb5069eb1bbe29d5cebcd4e4c384512f,41760,39304,07:31:24
6c577a5af94958d49f8fd66c2082780c,41744,38491,07:32:27
d16696ac9f99ddb251d45d44781b8989,41768,6614,07:32:07
23455d67160d6847f2da03523f248a7b,53534,31871,07:30:56
c11e367c0f2987c728681f0f9adada4b,61723,4151,07:35:45
5981f694fcb40c25b3693e8b520352ab,61829,5322,07:32:46
8699353fa8b2765541c100bab33ad4ed,41745,2111,07:36:45
7c5c1280d7c5f58167a28292a261aedf,41832,41502,07:37:00
c90688c88e73d91761cc935b715c2184,41744,45495,07:37:33
354baac5214df47060086cd6c3045b88,41744,891,07:37:50
8699353fa8b2765541c100bab33ad4ed,41745,2111,07:39:06
4874a769fdda578331fce9bf1d48782f,56401,50074,07:38:34
6d94e422849179bcb549f4f2b04f4a1b,41816,49761,07:38:46
4301b6b5d761d9ddec892fcbbb9b7d83,41769,4001,07:38:18
c4752f4c61382a7666a0fb07205d82e3,41792,39351,07:38:49
64cdb76178440fd6d203c0457f8a2427,54019,33873,07:39:47
e5e57016345336c4a87de6103cffce4c,33588,58127,07:37:38
61271b6a8ea31cbc13ed6a6e8631022a,41832,40203,07:41:28
d5405a79acaabd5e0fa9088caf2c0244,41768,24053,07:41:41
d5405a79acaabd5e0fa9088caf2c0244,41768,24053,07:41:41
c86ff86af5bd37b48380650791f86ad7,37124,40611,07:39:11
24fdb15a605b4d5c9e867f487c1a26b2,41736,16971,07:39:38
5330e5f278ded0ad3ce816f28aa82d2f,46346,2071,07:44:02
13a10d060f8b3850e8e5bad5476114c0,33592,16968,07:40:00
ebd231128588ace02d3ad79277d50f99,41736,45112,07:44:28
40013e4e2964962b34c22bff08da446e,33558,42911,07:44:41
a8b654a8f8b97fc485fcb243cf5a7ce7,33561,49930,07:39:38
27eb8917322864386b79d7411969465f,41760,9742,07:45:16
bb60db9c366c149e6776b2766d8fb7ef,41745,1803,07:43:05
e5871ff49a56f918a37c71b65db8ad85,29961,52251,07:45:25
de7dfa2d968dbcc0bac17efb7653f9a0,41792,11634,07:46:43
c5d753ae62505aac80fbeb61b4a6f701,41764,40623,07:48:12
900c6d63290cba754f6a40dd2472fc54,41736,5901,07:48:08
13a10d060f8b3850e8e5bad5476114c0,33592,16968,07:44:53
72e94f2f826152c8c23e64ec54ddc36a,41768,55981,07:50:34
933dc91cd211690339258b19227de30a,41736,28631,07:46:39
5f10fa7a8ba28b09b326762274e7b087,41744,81,07:50:14
40013e4e2964962b34c22bff08da446e,33558,42911,07:51:36
97b03ec0df394744914c87a4a3b5afa4,41764,45451,07:54:03
3f7d127844dd569d60e9a1378e0c2bd6,3185,11001,07:49:13
97b03ec0df394744914c87a4a3b5afa4,41764,45451,07:54:59
074b6294c6f288f27f563ee4cfa9f7ed,41764,41112,07:49:19
3ba0f1bc5ffecc29544990f76c06602f,41792,31998,07:52:53
2aa73ce49d82f3a45dcc882681fb0efd,41736,43060,07:53:37
97b03ec0df394744914c87a4a3b5afa4,41764,45451,07:55:06
1b13dc6d62a8943971925a42130542fb,33570,50942,07:53:42
98df320c82a6110577f32cdbb0f64878,33558,48542,07:54:39
c2602a149896715473418de07c56aa5f,41764,45451,07:56:02
c2602a149896715473418de07c56aa5f,41764,45451,07:56:02
88e827d9e0aa8cd982e1975f1e5bde52,41768,36275,07:56:59
e6c0ded91ed86a151726c21c516c4b11,33581,13476,07:57:13
33f9305a650acfb282d1e3b6a6eaf232,41776,23392,07:58:12
e7b20d86a43edc10d73e73546d8f9477,41760,4461,07:59:10
e7b20d86a43edc10d73e73546d8f9477,41760,4461,07:59:10
b418a99e1d2c2e6ab6811e86ddaf0c7d,41832,41802,07:59:53
3ba23400312d3d28ee0e548c3cf8a6ad,57625,2123,07:59:24
0c234ec9b5f9f398b51f3baf0a1ed56b,41784,47842,08:00:49
43ff7aaf216010f85c0fadf767643b97,41744,832,08:00:41
ef14d14e74f9e49cc0de4f8c076e0e6d,41744,1769,08:02:07
a803b8e1f25d0c253bfa9ba069196041,41776,3311,08:02:08
6d014e24c03da8890df04dda41de1cef,41832,44581,08:04:07
64b48f206181490fd09f86822425f9a2,41753,3773,08:03:28
fe3b1e7d6c8140d0768daed78696723c,41736,23133,08:03:42
cb5c4cc5cb2813465930028a1035ba9e,33558,41640,08:03:03
b583e2e5cca8ef2620bf31d452e72b48,41736,5191,08:04:32
af9e4280b268fbe2f2ec232fe56a3578,57734,10151,08:06:12
542b90f899e3182dc4f5c6b49aed8332,41823,50662,08:06:15
542b90f899e3182dc4f5c6b49aed8332,41823,50662,08:06:17
68508e937383199709ac524a12bd7461,56336,10874,08:06:34
c3dba19f810c69c95671703d6c8e5139,41752,30943,08:07:33
382dfe5da054b0a34d2bf798cf7913d1,41792,45103,08:08:08
afbdc60b6d6051aadb56e54658793150,41784,2181,08:10:52
0e98b96193f3a8c0a48e5c0c03f4e998,41784,38112,08:09:47
be33acfcf2dd1d08f1e129f3e2c52830,41772,28302,08:10:42
68508e937383199709ac524a12bd7461,56336,10874,08:12:15
074b6294c6f288f27f563ee4cfa9f7ed,41764,41112,08:09:59
3df76d4955127724f3726af83c0efce8,41764,41101,08:13:58
34c9f242c9aedde24805e0c7fc5285b9,41745,1565,08:14:28
6e89687da6b03d7d34d012172d145b99,41744,30232,08:14:35
3ace42937f4fc4cd8c277f07baa4af90,33568,7375,08:15:06
b0e41808f3f648b079e32bc77a3db635,41792,38023,08:16:21
b16ac9de6bfb79f17a43682b0592cfe6,41768,26305,08:17:29
3ba36ee23913326825930623a05f338b,41776,10031,08:14:39
2d33cce0a4de0faf79d003324606d40f,41833,42003,08:17:21
da09a76db21e97d38f8b2d2564e75109,41744,1313,08:22:20
68e610023a20daf5582fdcdc5b1a73ff,55056,49581,08:26:22
6000a0cab7093b0679647cae1eb40d68,41744,442,08:26:29
ff2d35c6368f269ac122f56583fdb85f,41768,51832,08:27:59
f5c38c0c34a80fdc0a58542b4660e5e1,41736,9613,08:30:22
37f6b3772926297a56e74c14d3c14837,41792,10982,08:29:52
18dbe4396ab4c388502ab82ca93e1889,41792,25025,08:30:47
621802ea5537ac6fffbd79ded38d51bb,41760,4792,08:27:31
9d6e48cefea8a86e1a6af8b9fc12d085,41760,38794,08:31:12
1da43de49aa9e423075307a27f8308dc,41784,2443,08:32:00
1696553a3cd89a70f4c575391f3721c7,41784,24083,08:32:13
9154acc0a5048223af6ad4b8c7acce18,33591,25972,08:32:16
d83f3b235174bb56ef92a4d3cfe9549d,41771,51654,08:32:54
8a66f2d00845a31301cf73713283dd58,41744,2643,08:32:37
9051133a718994f703ddb4156d7cc56b,55584,41864,08:32:57
0e73e61af1280e56e06fb430ed80bd3a,41816,46329,08:33:23
2e895ed48238d48df14232d3f005298f,41833,42113,08:35:17
5ea85d6577795ebefb614ed0ea9a6657,41792,6961,08:35:46
bdf60c25b888dfdbf5eeec6da39f22e8,41736,41362,08:35:58
759706ac78e329c3c2ea6651a85b869a,41744,22,08:36:52
759706ac78e329c3c2ea6651a85b869a,41744,22,08:36:53
6cd60a44e88c7d8dfda850102e9ac9db,41736,5421,08:35:24
d5f7403c14164b20f921090110a359f3,62864,10631,08:37:01
d5f7403c14164b20f921090110a359f3,62864,10631,08:37:02
de688a8ccc66bf1e85a90ea0d20162d3,41792,43495,08:37:12
de688a8ccc66bf1e85a90ea0d20162d3,41792,43495,08:37:12
beb3f4e07acc9274eb3962bb3036f7bd,37130,7082,08:34:01
7d6ea0246838ea9f792ec19e19aa799f,41744,26786,08:37:51
7d6ea0246838ea9f792ec19e19aa799f,41744,26786,08:37:52
e0e656331b87af07fc6c1eec5d58625d,41760,4323,08:38:18
e0e656331b87af07fc6c1eec5d58625d,41760,4323,08:38:19
68c00add6ffcd52e71d7e0c99e5873af,41760,38791,08:38:44
7a162866736359c91bdb5ef066a27aa5,41744,26323,08:39:14
0efc04c48f2cdf302545f12a86049f49,41823,423,08:40:13
0efc04c48f2cdf302545f12a86049f49,41823,423,08:40:14
be5452bfae37b8af42e17a48e39a4950,41736,5311,08:39:07
1751cb12ef678a2a4da4c008db71356f,41736,43064,08:40:16
1751cb12ef678a2a4da4c008db71356f,41736,43064,08:40:16
65e564d4dddab476a48cc23b94c8ea4d,41744,38732,08:39:35
cbf67e1f3cffc828865b8eca71e8c39d,41744,812,08:39:44
db41d1debaa4ccc598682d2d75bf71e4,41736,41862,08:40:10
db41d1debaa4ccc598682d2d75bf71e4,41736,41862,08:40:10
cf2f0383d421bf4461f2090d0fda38fd,41776,24653,08:40:22
cf2f0383d421bf4461f2090d0fda38fd,41776,24653,08:40:22
f941db69fe3ef796ba2722eb4161ca3f,61764,1032,08:40:25
f941db69fe3ef796ba2722eb4161ca3f,61764,1032,08:40:25
4ce7bf62a57ecd137cdb42c3635516e2,41736,5171,08:40:33
4ce7bf62a57ecd137cdb42c3635516e2,41736,5171,08:40:33
0194d0504fde177755dac9a39f285157,41744,38703,08:41:29
de5d3f11bc9504ea17fd723ef24236f3,41744,16461,08:41:45
02a78aa0c6e425e3639914556f766536,41745,39871,08:42:05
f6bd012c58273e5f8310a234deb98d67,41792,31992,08:41:14
f6bd012c58273e5f8310a234deb98d67,41792,31992,08:41:14
1cac30baa45b4aadc6b1e3e0480d2410,41792,7682,08:41:10
1cac30baa45b4aadc6b1e3e0480d2410,41792,7682,08:41:10
dbee9d9dc74017c4518138fc69bba5f7,62733,12218,08:41:03
d00fa2932aa5027bd4c81618d8813794,62755,50561,08:42:06
d00fa2932aa5027bd4c81618d8813794,62755,50561,08:42:07
759163ec216841f2a77e0d834c8ce0f0,40978,23521,08:38:34
64d10ffe1ed9cc798ba1d09aaf17e142,41792,7612,08:41:47
64d10ffe1ed9cc798ba1d09aaf17e142,41792,7612,08:41:48
48c559936894cf40f192e62c8f5ea89f,41760,40742,08:42:30
61b56f8d15be7773aeaebe3f51dc74f0,33591,16331,08:42:33
ae5e055c30d595c07ec214f536299045,41792,26549,08:42:54
e331ef818ee9bbd863284387bfccf139,61710,1782,08:43:13
ed844e9a783f35b6bdfd59fa394b46f3,41768,5276,08:42:32
99a84dd7c0ae13d3a6df577f7dab026a,41745,45744,08:42:17
a47919253ad4a893263738d9e0e33db2,41832,43011,08:44:16
a47919253ad4a893263738d9e0e33db2,41832,43011,08:44:16
1216a173db7765a15df25685df5cc44c,41764,44423,08:44:26
1216a173db7765a15df25685df5cc44c,41764,44423,08:44:26
efe24cb3ced7abcc4af353e5408619e5,41744,1333,08:43:44
efe24cb3ced7abcc4af353e5408619e5,41744,1333,08:43:44
445a67f185b7b2e8473a6a5906c6fba1,41768,24161,08:44:25
445a67f185b7b2e8473a6a5906c6fba1,41768,24161,08:44:25
afc5e13d68eecf69522c6a04a48233cf,41764,9051,08:43:52
8b2d076f181e9cfaa34c0a74ec1c64d8,53714,36163,08:45:54
cb636cc376b59a17ee8c0b23190c591b,41760,38791,08:45:14
cb636cc376b59a17ee8c0b23190c591b,41760,38791,08:45:14
1a755a15ca3e6331dc4d963d0634e253,41792,7251,08:45:32
1a755a15ca3e6331dc4d963d0634e253,41792,7251,08:45:33
45e14133793e7cb5d2455ef85b3ef43c,41744,42952,08:45:42
45e14133793e7cb5d2455ef85b3ef43c,41744,42952,08:45:42
652d3a99159aae59be1e77c3fd194445,41764,42082,08:45:57
652d3a99159aae59be1e77c3fd194445,41764,42082,08:45:57
6f88c4ed9d3b5c194431c99d0392d944,41792,39962,08:45:06
99a84dd7c0ae13d3a6df577f7dab026a,41745,45744,08:45:30
6bfb82f7178c2f429d0b24edc7c5ecb8,63763,11612,08:46:43
6bfb82f7178c2f429d0b24edc7c5ecb8,63763,11612,08:46:43
193330df670c778132d8e8dc1ae6b8fb,41744,1322,08:46:15
fa64dcba2d7ae82a1d7686d8f65747eb,41792,41594,08:47:06
d3f0d088aa41ed6aff860adb413bfa3f,41752,3163,08:45:32
464480faa3d6c289f040f1883ef26520,41753,3854,08:45:28
464480faa3d6c289f040f1883ef26520,41753,3854,08:45:29
0f81425ab3cb4bdd3902f5a1b4da2fd2,41736,5229,08:46:12
0f81425ab3cb4bdd3902f5a1b4da2fd2,41736,5229,08:46:12
c72094589c64b3e292dd968ece239b8e,41848,59443,08:46:13
c72094589c64b3e292dd968ece239b8e,41848,59443,08:46:13
ae09560a6e5ce182950579cc573139b0,41764,45458,08:47:00
ae09560a6e5ce182950579cc573139b0,41764,45458,08:47:01
5f75b83d3ca2dbddf92de74f15736781,41756,29292,08:44:20
ae64e6a1667a505a57d4837f77380c3b,41792,7123,08:46:55
ae64e6a1667a505a57d4837f77380c3b,41792,7123,08:46:56
acd479d0ccad51d93af8086d07cb059d,49521,17173,08:47:09
c4143eee818185818792cdb5a67c8d6e,41764,21424,08:46:17
c4143eee818185818792cdb5a67c8d6e,41764,21424,08:46:17
3ec82503d020ab92f42a3d1f172b7727,41784,2252,08:46:14
3ec82503d020ab92f42a3d1f172b7727,41784,2252,08:46:15
80dee0abfc2404ef3281f41478489fb8,33568,17816,08:47:22
80dee0abfc2404ef3281f41478489fb8,33568,17816,08:47:22
c0a8ba9d1f30cce1fc2ed9a50af1ebd5,41760,4243,08:47:58
c0a8ba9d1f30cce1fc2ed9a50af1ebd5,41760,4243,08:47:59
ca9a17ed1fc8945be31fe5943ff62d64,41772,28157,08:48:05
ca9a17ed1fc8945be31fe5943ff62d64,41772,28157,08:48:05
bd1603d73ba149b5871b1082116a60f1,41792,10981,08:48:12
bd1603d73ba149b5871b1082116a60f1,41792,10981,08:48:13
41af1ebf92232252d533e153ce52b953,54042,29782,08:49:52
41af1ebf92232252d533e153ce52b953,54042,29782,08:49:53
c03a9beec9778ea6b87cfb0d2c9db009,48416,46412,08:48:53
c03a9beec9778ea6b87cfb0d2c9db009,48416,46412,08:48:53
015e7593d424a51207b70474da1bee79,41784,1681,08:49:12
015e7593d424a51207b70474da1bee79,41784,1681,08:49:13
4aa0c0717a27a7cf88ba77c90c3c3e5e,41744,40001,08:49:25
4aa0c0717a27a7cf88ba77c90c3c3e5e,41744,40001,08:49:25
1fcaa7e4464d9e0ad8921914194ec234,41792,7941,08:50:10
1fcaa7e4464d9e0ad8921914194ec234,41792,7941,08:50:10
a8b117274c042b83150045a6d5e1deb6,61827,93,08:49:11
a8b117274c042b83150045a6d5e1deb6,61827,93,08:49:11
bda545a0e0fd73e8d6048553f6393bd9,33567,19248,08:49:30
e671dbc77d406031e45024aa08dafd3d,41768,27655,08:49:36
bda545a0e0fd73e8d6048553f6393bd9,33567,19248,08:49:31
e671dbc77d406031e45024aa08dafd3d,41768,27655,08:49:36
191e2e7f324df64df07e60365177a045,41760,4895,08:48:54
191e2e7f324df64df07e60365177a045,41760,4895,08:48:54
dc5eb4a16f0decea51b3c94841d0ab82,41744,18583,08:49:49
dc5eb4a16f0decea51b3c94841d0ab82,41744,18583,08:49:50
8c8090572024c54a2b765327f4119b11,41832,45521,08:49:16
8c8090572024c54a2b765327f4119b11,41832,45521,08:49:17
46a320bd2e4957b51c646163e0330282,41792,7522,08:51:14
46a320bd2e4957b51c646163e0330282,41792,7522,08:51:14
f09c0f38e69482e88205b18604569ab0,41784,44488,08:51:09
f09c0f38e69482e88205b18604569ab0,41784,44488,08:51:10
c8f589f1d6b895bb39f8cc19605e1411,41760,44571,08:50:11
c8f589f1d6b895bb39f8cc19605e1411,41760,44571,08:50:12
86c872dbb5179ae55bafcda43316f50a,41784,38117,08:50:59
86c872dbb5179ae55bafcda43316f50a,41784,38117,08:51:00
fc5c706e1f5f915410bde550cab2681b,41736,23983,08:51:06
fc5c706e1f5f915410bde550cab2681b,41736,23983,08:51:06
d34980ec5f12b830a88999423bd49e5d,41816,46686,08:51:19
d34980ec5f12b830a88999423bd49e5d,41816,46686,08:51:19
1257d1c28c9d2461966ac2dd679152cd,41736,5227,08:51:47
1257d1c28c9d2461966ac2dd679152cd,41736,5227,08:51:47
e7ee6e8724b85a21df9eafe6e380cccb,41745,2451,08:50:52
e7ee6e8724b85a21df9eafe6e380cccb,41745,2451,08:50:53
532a303b70c460ae1e71b24a2b1f2d95,41760,44591,08:50:42
532a303b70c460ae1e71b24a2b1f2d95,41760,44591,08:50:42
902e6aa0075404609845e01689b7987a,41760,43755,08:51:42
902e6aa0075404609845e01689b7987a,41760,43755,08:51:43
6c44aad7cca4e7e9a505da50b87b9a8e,41784,1973,08:51:42
a48ae734a0a50a07ad44f08f6a25ebd7,41745,2301,08:51:56
a48ae734a0a50a07ad44f08f6a25ebd7,41745,2301,08:51:56
46a320bd2e4957b51c646163e0330282,41792,7522,08:51:52
46a320bd2e4957b51c646163e0330282,41792,7522,08:51:53
897fd9ca4ac99ee84418986871745dde,41744,1246,08:52:48
ab5c952ad117d26d113eb82674e3140c,41792,24391,08:52:42
8a58de64a11bdd10fa67db130e367525,41770,49632,08:53:07
8a58de64a11bdd10fa67db130e367525,41770,49632,08:53:07
80dee0abfc2404ef3281f41478489fb8,33568,17816,08:53:24
09162490468e14f29a36f99b8471d337,41823,391,08:53:10
09162490468e14f29a36f99b8471d337,41823,391,08:53:10
0f81425ab3cb4bdd3902f5a1b4da2fd2,41764,9096,08:52:12
0f81425ab3cb4bdd3902f5a1b4da2fd2,41764,9096,08:52:13
14c555afc209438dd863e32ead5f178a,41792,7753,08:52:58
14c555afc209438dd863e32ead5f178a,41792,7753,08:52:59
36324556c2777007cb9cb505466f6b6c,41744,11336,08:53:09
36324556c2777007cb9cb505466f6b6c,41744,11336,08:53:09
dc85621f18573b7d59668a138989d83e,41824,51241,08:53:58
193330df670c778132d8e8dc1ae6b8fb,41744,1322,08:53:39
a6ba203bb503d674e906c080d2888dc8,41792,24991,08:54:05
d9a0f2ba5f7da49677cc54f50d17ff4c,41760,10597,08:55:36
d9a0f2ba5f7da49677cc54f50d17ff4c,41760,10597,08:55:36
7ad2c0aae7b6c5c26af37e930198e475,41792,39521,08:55:45
7ad2c0aae7b6c5c26af37e930198e475,41792,39521,08:55:46
c8b2f3af4b3038dd384fd8f90a7702d3,41821,54782,08:54:37
c8b2f3af4b3038dd384fd8f90a7702d3,41821,54782,08:54:37
017639cd07af921cfb6ac8c6f5fef608,33569,46041,08:55:09
017639cd07af921cfb6ac8c6f5fef608,33569,46041,08:55:09
3f3d3ed5b15d136f693d8255348523e3,41769,7862,08:55:47
09796eb2ff187e0de0d332cde7a5ec63,41792,7631,08:53:42
0dfe22da5b72f9787f8ec99700e6ba99,41792,22162,08:55:57
0dfe22da5b72f9787f8ec99700e6ba99,41792,22162,08:55:57
d7a9b79377f70e95d26705aafc046d19,41744,27534,08:56:29
d7a9b79377f70e95d26705aafc046d19,41744,27534,08:56:29
aa95da750121050f8357e1c30b4cf042,41816,48796,08:56:21
aa95da750121050f8357e1c30b4cf042,41816,48796,08:56:21
4652156eb068621fdc1085b0f22e9e95,42325,30211,08:56:31
4652156eb068621fdc1085b0f22e9e95,42325,30211,08:56:31
1ea8ab8a69300853cf0a58283eada3f6,59804,1592,08:57:26
1ea8ab8a69300853cf0a58283eada3f6,59804,1592,08:57:27
179a10d251f0d0cf2561a9f4c910df9b,41760,39001,08:57:44
943ac4d84ab108ab55a95c8cdda76016,41744,41732,08:57:35
943ac4d84ab108ab55a95c8cdda76016,41744,41732,08:57:35
1b852ee8b08ab0e352ea1a915b46741b,41752,32211,08:58:00
1b852ee8b08ab0e352ea1a915b46741b,41752,32211,08:58:01
67f56f4bb46e14e61ceede0c525b7dc0,41764,8971,08:58:00
67f56f4bb46e14e61ceede0c525b7dc0,41764,8971,08:58:00
b4b6d2f926d72b0d2120c2847b700c62,41736,23157,08:58:25
b4b6d2f926d72b0d2120c2847b700c62,41736,23157,08:58:25
6295ca8a3ce05e07ab19821331aee550,41792,39963,08:58:25
f4157f65b891ef877167b98d4faa1c7d,41736,5491,08:58:52
f4157f65b891ef877167b98d4faa1c7d,41736,5491,08:58:53
f551c216afd7208022bb4f63cf37bb52,41768,35801,08:58:56
13220ca97e79585f72e89bb1e24f19e9,41744,1265,08:59:51
72464aff52b97d51aff3c0ed70a78af8,41784,9651,08:59:52
72464aff52b97d51aff3c0ed70a78af8,41784,9651,08:59:53
adcb5e5458e5ce390b203a6c562a6676,33595,28469,09:00:13
b11afc4b2b4bf4dd0a1ea2b99a1f2db4,41760,4892,09:00:42
b11afc4b2b4bf4dd0a1ea2b99a1f2db4,41760,4892,09:00:42
b19038dfbf50ce6fcff8941e41f96686,41769,36353,09:00:34
f8e98c0fb9a3b0167c4546dc33092e2b,41756,34183,09:00:08
f09e6be24ae477e53b9a4b3d2c47d1f8,41771,26532,09:01:44
33ca74700af9c959781fa73719cd2211,41736,5663,09:02:32
407a532b41d42bc86df4a9d1826f54ce,41816,46963,08:54:21
c7ecaeb2461238e585eb117ed729a8a1,41792,36351,09:02:45
c7ecaeb2461238e585eb117ed729a8a1,41792,36351,09:02:45
a99da80e3fd3a19f7f28c16cdf3c18c7,41744,45432,09:02:05
a99da80e3fd3a19f7f28c16cdf3c18c7,41744,45432,09:02:06
ca4dd76261b630e4075f5ea3297b78cb,41792,10332,09:02:32
ca4dd76261b630e4075f5ea3297b78cb,41792,10332,09:02:32
61c98fae6422e031d0339164b08e09e5,41745,1846,08:59:31
06e65bc4d02513848fc070f948ad2cab,41784,2581,09:03:23
06e65bc4d02513848fc070f948ad2cab,41784,2581,09:03:26
10066deeeeb58d91aab26565d5d395c8,41760,43072,09:03:19
10066deeeeb58d91aab26565d5d395c8,41760,43072,09:03:19
f3630e54f1958eb03c5b496e4f7bc4b0,33567,15827,09:04:05
f3630e54f1958eb03c5b496e4f7bc4b0,33567,15827,09:04:05
9dae4ab83aadcabc4d0ebc22344805f2,62726,29151,09:02:01
71962f22f074c3cf590a17b765c967b1,41784,1473,09:04:44
995537b7e54d546474c7e75192d2b4a1,41784,2272,09:05:35
dcc06ed9611731d89aced0f92a37fd63,41760,26386,09:05:35
995537b7e54d546474c7e75192d2b4a1,41784,2272,09:05:35
dcc06ed9611731d89aced0f92a37fd63,41760,26386,09:05:35
d1287b3d21c7c54c2e2011ceda7f7682,43041,49884,09:06:24
77c4d014aa15c288f442acee7694ae69,61716,46773,09:07:05
77c4d014aa15c288f442acee7694ae69,61716,46773,09:07:06
0f4039d16e6d14f227895addf9242a91,41792,45994,09:07:01
0f4039d16e6d14f227895addf9242a91,41792,45994,09:07:01
d92c9859c9621b0c448c2912df7569d1,41764,24342,09:07:13
9f95ad5d50f8fbc19c255f19b7761b0b,41778,33452,09:07:03
9f95ad5d50f8fbc19c255f19b7761b0b,41778,33452,09:07:03
ae3a7e1d05fd65009088a3bbd37fb69a,41745,30001,09:07:36
ae3a7e1d05fd65009088a3bbd37fb69a,41745,30001,09:07:36
feb5362c6229144761ca2c4147e55b77,41753,11933,09:08:00
feb5362c6229144761ca2c4147e55b77,41753,11933,09:08:01
2ef1b254bd4b81514416fd8540c0911e,41736,20565,09:09:33
2ef1b254bd4b81514416fd8540c0911e,41736,20565,09:09:33
36e38833df9f9a3baf2f05bc9763631b,41744,26118,09:09:32
36e38833df9f9a3baf2f05bc9763631b,41744,26118,09:09:33
87852f081a60b6b9ab7a80dc1c5d4c7a,41760,22763,09:10:25
87852f081a60b6b9ab7a80dc1c5d4c7a,41760,22763,09:10:26
773dcd32f6ad7eb3ea00c71ee5d0ca6d,41833,42122,09:09:58
33d5afbc0276fab22b21bafaf924186f,41760,4879,09:10:39
33d5afbc0276fab22b21bafaf924186f,41760,4879,09:10:39
e777109168fa5915b3891b90100a74ce,41760,4341,09:11:11
e777109168fa5915b3891b90100a74ce,41760,4341,09:11:11
d431fbfb379c2d694518892ee4f1cbc5,41780,27591,09:08:50
b7139fc678f2ec3f8651e2a3fc3e9006,41778,31043,09:12:08
7a9b4b94d9221ec8dc6f715d867c9cf1,41820,54951,09:12:23
7a9b4b94d9221ec8dc6f715d867c9cf1,41820,54951,09:12:23
4c62efc4ba156353098aae3979f4c5a9,33557,30602,09:10:25
4c62efc4ba156353098aae3979f4c5a9,33557,30602,09:10:48
9272b4bca42693913369a0182942964f,41848,59781,09:14:32
aacfb142f752a6d70fc7488c53a7a88e,41792,7432,09:14:11
4eefc59b39d286c51160faac63ed7575,41768,29702,09:14:10
4eefc59b39d286c51160faac63ed7575,41768,29702,09:14:10
e13d74ccbe61e07cb14308f3e4e62d2e,61832,4461,09:13:38
9928abcbe1229795c5ac176f2caadbb4,41832,41011,09:14:06
9928abcbe1229795c5ac176f2caadbb4,41832,41011,09:14:06
a5b9b637445d032061fb11ccc841abbd,41744,1145,09:14:48
a5b9b637445d032061fb11ccc841abbd,41744,1145,09:14:49
e13d74ccbe61e07cb14308f3e4e62d2e,61832,4461,09:14:34
3f9e3855d3604ced30481776c7e0b57f,41792,22451,09:14:05
3f9e3855d3604ced30481776c7e0b57f,41792,22451,09:14:05
d84d18cf20baf09b04c122460a1a4926,41736,5515,09:15:59
d84d18cf20baf09b04c122460a1a4926,41736,5515,09:15:59
9272b4bca42693913369a0182942964f,41848,59781,09:14:32
4c62efc4ba156353098aae3979f4c5a9,33557,30602,09:12:16
c7a5845662b8b84bdc9d2e71f1fae6b1,41760,4331,09:15:19
c7a5845662b8b84bdc9d2e71f1fae6b1,41760,4331,09:15:19
5edce160acdf38c409b0ce9feb99edf5,41833,43132,09:15:20
ff6e1db08be962bad7f6bf09a853bb81,41770,31181,09:16:58
ff6e1db08be962bad7f6bf09a853bb81,41770,31181,09:16:58
a1d105f7199c320f1866ecc579561b51,41760,4461,09:16:53
19cd62cb557a47ac04223ac613c638f3,41768,29702,09:17:27
19cd62cb557a47ac04223ac613c638f3,41768,29702,09:17:28
2239f90e07d267a58c70347b74d2b93f,41792,42392,09:17:02
2239f90e07d267a58c70347b74d2b93f,41792,42392,09:17:02
8c2bad13a8d759e8fb2611eb741edf1e,41833,42055,09:18:40
8c2bad13a8d759e8fb2611eb741edf1e,41833,42055,09:18:40
639a191eba038f9c58e3c430ac05c364,41744,39842,09:18:20
639a191eba038f9c58e3c430ac05c364,41744,39842,09:18:20
d5a3c7e814a1a64c770dd1c3c36fe799,61706,42913,09:18:26
b641de1527b84bb87505158d24abd91e,41852,61453,09:19:07
510f2c6a746363980d08eccd893143e7,45400,10232,09:19:53
5e38821403e44afb589048fe4cebac5f,41760,1711,09:20:05
5e38821403e44afb589048fe4cebac5f,41760,1711,09:20:06
ba8e0f955f3d2dc0c17f08a70f3d5361,33556,37701,09:17:15
bf4790a7d6aa0af3528abb24ba80db6b,3289,7523,09:20:44
e65e8c27e1d8e346d3af0b8014213aca,41736,5203,09:21:04
848ca84bd6c05f8d658b254fdb3f13d8,41744,1373,09:21:23
bbfc950f51095cb87f3b33196b646caf,41768,23321,09:21:05
e72d97a4de352a6f7e594d90b86a4b20,58300,351,09:21:13
e72d97a4de352a6f7e594d90b86a4b20,58300,351,09:21:14
80b16a730c3a7db353087e65ca99d124,41744,25051,09:20:16
80b16a730c3a7db353087e65ca99d124,41744,25051,09:20:16
846f65120aa041273d09c117154ece80,41776,55286,09:21:03
846f65120aa041273d09c117154ece80,41776,55286,09:21:03
e65e8c27e1d8e346d3af0b8014213aca,41736,5203,09:22:13
80b16a730c3a7db353087e65ca99d124,41744,25051,09:22:34
80b16a730c3a7db353087e65ca99d124,41744,25051,09:22:35
3e0d45ccfd1358a6c7f1dc97840ccefa,42310,55511,09:23:41
3e0d45ccfd1358a6c7f1dc97840ccefa,42310,55511,09:23:41
488a0e7336b0c3038e44ab8c42ea38bc,41852,62912,09:20:12
251bbd188387fed582ea571accfb119c,41745,24771,09:21:56
5974758c554cc55d9016c3fadd5dcdb5,41768,26663,09:23:26
5974758c554cc55d9016c3fadd5dcdb5,41768,26663,09:23:27
9a91c13563e8248362837a68a76c5078,41792,41973,09:25:08
9a91c13563e8248362837a68a76c5078,41792,41973,09:25:08
9a91c13563e8248362837a68a76c5078,41792,41973,09:25:10
6c44aad7cca4e7e9a505da50b87b9a8e,41764,44423,09:24:50
8ce6f8e105eab43ac6f3e121b1e1aca5,41778,25971,09:25:16
8ce6f8e105eab43ac6f3e121b1e1aca5,41778,25971,09:25:16
28db2282cf0606551d91555c9842be9c,41784,26571,09:24:15
28db2282cf0606551d91555c9842be9c,41784,26571,09:24:15
e8e9831d4dd996bfe9a4c6eaecd5f48c,41756,30375,09:25:02
e8e9831d4dd996bfe9a4c6eaecd5f48c,41756,30375,09:25:02
b168be3eede03d43dafb30acfe3dcbe2,41212,64621,09:25:34
cf0b0fb575103e1a4c4310346ea4addd,41744,45264,09:25:52
3c351fba4ceb18491d407c1cff321fb2,63238,44052,09:25:50
014f15d969e20c29e7edac0d2948e827,41768,2413,09:26:04
6cba389d75180ecf12f54d035e58ab9f,41792,39595,09:27:18
6cba389d75180ecf12f54d035e58ab9f,41792,39595,09:27:19
9fdfaa1bda7d5d8962d18e2253dce84c,41792,15871,09:26:50
9fdfaa1bda7d5d8962d18e2253dce84c,41792,15871,09:26:50
7999ce4f3ff4b6b82ad7e2dfb338f911,41736,39413,09:22:26
a660f2a358f192b0a3ee3bf52df56387,41736,5002,09:28:34
a660f2a358f192b0a3ee3bf52df56387,41736,5002,09:28:35
b8c99afceb318f84e69b8f555ea3c672,41760,4603,09:27:28
4959666c3db54d4bdc851be60c530894,41745,41713,09:28:58
e7df2835c89bc50f69bd491d06ea1d63,41736,5992,09:28:39
e7df2835c89bc50f69bd491d06ea1d63,41736,5992,09:28:39
6ab58d68ce237735ceec90dc11c0f610,41760,41342,09:29:08
6ab58d68ce237735ceec90dc11c0f610,41760,41342,09:29:09
7fea8a10cd7104e0bbe04d6d7d54b546,63235,42565,09:30:17
7fea8a10cd7104e0bbe04d6d7d54b546,63235,42565,09:30:17
b53f345fd120792aa959a3c00c8adb8d,41760,13421,09:31:01
be9bce20d1ac2b312b0c3937b32cbe58,41014,31611,09:30:43
be9bce20d1ac2b312b0c3937b32cbe58,41014,31611,09:30:43
f0fd7d82fa3af931b46383873b8b2f2d,41792,7922,09:30:58
d0e2f22228a2dc41385d184ce810f76e,63233,33955,09:31:02
42355e19e62e75aca3813898575f2d0f,41768,26723,09:33:10
42355e19e62e75aca3813898575f2d0f,41768,26723,09:33:11
a3fb01dc74690e3bd16b096fd826fb2d,41760,44641,09:33:14
c60d225491b98c302d270aa2b2b77384,61722,15703,09:33:03
c60d225491b98c302d270aa2b2b77384,61722,15703,09:33:03
95e28a4add47d68877f7e5c021368f8d,41744,38323,09:34:29
04c4ae255467eafa0150ca0e3e191e68,46348,2412,09:35:10
0678d362014d1120be437ec4d8e9e658,41760,42143,09:36:02
0678d362014d1120be437ec4d8e9e658,41760,42143,09:36:02
b08c2c1c74b505f8699b563b5b8b9c37,41760,4882,09:35:50
11d08c7a168dfffd7aa6f1c4964cf7c1,33599,56611,09:34:10
10c0c960bb829d212e1625dd9ad5f91f,41792,45861,09:36:40
ecb14511a12f6dbb4a39134cc6fa340d,41744,11305,09:37:05
ecb14511a12f6dbb4a39134cc6fa340d,41744,11305,09:37:05
56462005ac51e80d2e7f01b11420f17c,41744,26323,09:37:07
56462005ac51e80d2e7f01b11420f17c,41744,26323,09:37:08
77abc1dbe077a4565ba38ac48d03f784,41792,32151,09:37:41
77abc1dbe077a4565ba38ac48d03f784,41792,32151,09:37:41
3a3513ce8a4f803e527995e32e314cde,41773,28961,09:38:15
bded852c8816853cd3c2a205aa20f053,41744,26101,09:39:15
bded852c8816853cd3c2a205aa20f053,41744,26101,09:39:16
c9410cb789d81032b655cb37ea45434d,41744,11295,09:41:04
6c1ce4e4771cc8ac778228d10cb711fe,41852,48351,09:43:23
e7328a554b90c7d6cb15fff4535d8806,41784,16101,09:44:59
ef474b8f239530c06e1d965c2e8a5161,64859,10581,09:47:01
b3006c898187631d4e1d3067f03d3e9c,41760,4312,09:47:17
b3006c898187631d4e1d3067f03d3e9c,41760,4312,09:47:17
3744ce18c79bef5e14578747d5611994,41780,28424,09:47:30
30a3b64bae9eab9add254b3589d7eb77,41772,2382,09:50:09
30a3b64bae9eab9add254b3589d7eb77,41772,2382,09:50:10
80eb44c0ad61891aaa26b087e9dbf88f,41776,25072,09:50:47
80eb44c0ad61891aaa26b087e9dbf88f,41776,25072,09:50:47
8f8b5de5989c6b973b76babbfba39bb4,41760,44571,09:51:19
8f8b5de5989c6b973b76babbfba39bb4,41760,44571,09:51:20
6ad66a8ecc22db21341d2fc5dade509b,41768,24123,09:51:04
9f206050cd90163a897c59fee87810c7,41773,28763,09:51:08
b0e7272f019dfb860deda75198136467,41745,1451,09:51:57
b0e7272f019dfb860deda75198136467,41745,1451,09:51:57
debf45597642d8e338c225ed36eb22a2,41768,56508,09:52:16
debf45597642d8e338c225ed36eb22a2,41768,56508,09:52:17
7a224fcef5c50e9720474921c113dd36,41760,4331,09:53:02
7a224fcef5c50e9720474921c113dd36,41760,4331,09:53:03
b1f8010e65b84bf1041f0ba51551441a,42347,7031,09:53:45
7272df4d5a9383d1a3e7c2fe33760aa9,51012,13246,09:53:21
7272df4d5a9383d1a3e7c2fe33760aa9,51012,13246,09:53:23
104bda18e12a68b291de4d4f392cd405,41736,22127,09:53:12
104bda18e12a68b291de4d4f392cd405,41736,22127,09:53:58
b1df6ae9e3e0dc204f11dba245c00f4f,41770,54451,09:55:40
abd4214cd998b6e71326f463faa75078,41753,39553,09:56:12
3484dc976f477ba34c30a0d93da1df5f,5915,22322,09:54:30
61682849b67b615771773403601e3097,41752,21631,09:58:17
d50987a765e498a761dd971f2ec17ed3,41736,6231,09:52:26
3d4a6fb576e94ef79a27842c85ec49aa,41745,41711,09:59:30
ca2791ae810ed65e0b279ef66f97f917,43045,22432,09:59:26
3d4a6fb576e94ef79a27842c85ec49aa,41745,41711,09:59:37
b4fa00e9d6b0c39a54c542e3efc0bf6e,41784,2544,10:00:18
97c16ba050886a6cb9a36ac570e94990,41760,4331,09:57:16
ed01a93dba1d87d36010f1e4fd965e15,41744,45301,10:00:31
6f03cb4e3ae4946e718a4e4de358bc92,45430,41823,10:01:31
2ecc8091e3da603802c3a6f463a56fd8,41745,11155,10:01:41
2ecc8091e3da603802c3a6f463a56fd8,41745,11155,10:01:42
407e099015c66f379f4f6b61737c40ad,41753,26691,10:03:00
3c75c14ddb22be106f85ef1d0c920a30,48448,10051,10:03:05
ba5c449914574765256fb57c94d333b8,41752,39333,10:03:10
ba5c449914574765256fb57c94d333b8,41752,39333,10:03:10
2f8e65d9b5804ee49a33f62e7fc92a47,41832,41533,10:03:48
2f8e65d9b5804ee49a33f62e7fc92a47,41832,41533,10:03:48
97806365089c7bdccf73b3af01363793,33599,56049,10:03:49
97806365089c7bdccf73b3af01363793,33599,56049,10:03:50
5a464b36b7983abff8fce8551db5af0e,41780,36857,10:03:22
8a76c502094b661ae62bf6070779ad70,41776,49341,10:04:30
8cc73b2a36489388385b8354af8d9954,41736,22633,10:05:09
8cc73b2a36489388385b8354af8d9954,41736,22633,10:05:09
0c9baed7184261fe1f0e1a4c14cba876,41832,44453,10:04:40
08acee27a30805517bc904010460ee6a,61876,7783,10:05:51
fcea833923e9bd555cf7b09b3e4cb40b,41792,7991,10:06:03
ec8119a3e26aab5dee79d7005109aa31,41768,36246,10:06:33
f3e484e878bab130fd4aa903a9a0d92c,41776,823,10:06:29
f3e484e878bab130fd4aa903a9a0d92c,41776,823,10:06:29
209ef4c6f6be3e34ebd196a7589ba005,41760,11823,10:07:11
209ef4c6f6be3e34ebd196a7589ba005,41760,11823,10:07:11
7c73ea39927f350dbf1e6856ed46221b,41744,46772,10:07:50
f9dd2ab41e8659acb1fe9370ea885c50,41760,4313,10:06:40
1c954b73ab8c2920aa448b4a6c3fb94c,41820,5042,10:06:33
153af87550d56b00fce23a28b0c314d1,41848,60732,10:07:23
153af87550d56b00fce23a28b0c314d1,41848,60732,10:07:23
9b6b0cc8fd22e53b0a27e6c2d69879b1,41768,33021,10:07:41
9b6b0cc8fd22e53b0a27e6c2d69879b1,41768,33021,10:07:41
2ed9f06da72280d45c55f73f1f25986d,41744,735,10:07:29
2ed9f06da72280d45c55f73f1f25986d,41744,735,10:07:30
f02eafd14806034450cdcb990a93e103,41821,3302,10:08:22
a0e60a73765a40f5d7e53d0dfb64bf77,55552,1181,10:09:05
458aea4e8be5399da6bc132544c04985,41784,1932,10:10:04
f4082f5b1e5730fd578f68682bf996de,41816,46329,10:10:26
3b4103231e0bbc2e656329a0752cc27b,33568,17978,10:10:37
8d2f407c28a36a368409b723d7b6986e,41760,31481,10:11:24
8d2f407c28a36a368409b723d7b6986e,41760,31481,10:11:24
01e65245fb30de2624f0c9228cde59ed,33592,17757,10:12:14
01e65245fb30de2624f0c9228cde59ed,33592,17757,10:12:16
1761fc6b2735ae14b24e7a382beea4ef,41744,30451,10:12:27
1761fc6b2735ae14b24e7a382beea4ef,41744,30451,10:12:28
a56017b9f34da5fd49c460075fc7112f,41736,5902,10:13:21
a56017b9f34da5fd49c460075fc7112f,41736,5902,10:13:21
21917255f3fa4708a3b95c0f2cae1976,41769,23773,10:14:16
3be39710a51f4a0bdb6be772792f5f25,41792,6913,10:13:55
ee5e6d66abae4a5079ae143e08d58b29,41736,40222,10:14:53
ee5e6d66abae4a5079ae143e08d58b29,41736,40222,10:14:54
916bef56e627027e158daa36804102e8,41816,47583,10:15:50
49c8926d143dd804f5f926461a7575ff,41792,7805,10:16:31
49c8926d143dd804f5f926461a7575ff,41792,7805,10:16:31
6eecd580cc7e9e246238220bc5cf25a1,5383,30811,10:16:42
cd78d61b7cf962dbcae9aa2eb989a7c3,41760,29111,10:16:13
aff0856ef760bc599b5940d2a6a10e0c,41832,39506,10:17:55
ed74661d259f09058111d729727ece1e,41784,28146,10:17:22
df9b5d4ff1ee0bb7515b2e8539cf2296,41736,28706,10:18:26
df9b5d4ff1ee0bb7515b2e8539cf2296,41736,28706,10:18:26
9f651634897dab5a7d556e98bcd2de73,41756,57783,10:19:05
c5a410470d0bbdc0893d8a0ba767549d,41744,39993,10:19:16
865e5632f78c4d7b51a56b5eb1dc1ffc,33577,20505,10:19:25
76b4dde45082c46bc6dc29fb16e5bf62,41744,40388,10:19:15
8b56d1ab723ee472d07547710cbf37da,41792,42601,10:19:16
8b56d1ab723ee472d07547710cbf37da,41792,42601,10:19:17
2a5b97dbc9cb04e08b710fbd5f3793f0,41752,21323,10:20:13
2a5b97dbc9cb04e08b710fbd5f3793f0,41752,21323,10:20:14
77a68efcd1647e089f409861b1944407,33592,8817,10:20:05
773dcd32f6ad7eb3ea00c71ee5d0ca6d,41833,42383,10:20:49
2691c647daf7ccfb3f14283de5ff9870,35073,10775,10:20:31
c5a410470d0bbdc0893d8a0ba767549d,41744,39993,10:20:13
2fa37eb3d7f9c96e7b6364c018741e6a,41760,4471,10:22:38
e92b3fe5e68f915509e550a0bc275af3,64906,57433,10:22:47
699a273a6f52043302753cc2b87fce24,43018,10831,10:23:00
699a273a6f52043302753cc2b87fce24,43018,10831,10:23:01
33438e49b66c6175046cc91374345012,41764,8711,10:22:58
adaed53a57f99e15aaf5e12e50a27fb2,41744,39806,10:24:57
f074a71359bc35f3935847b05b853f63,41770,28681,10:24:49
b51859d80f996078c072d64046e86845,33564,11067,10:27:00
eb382deb4b2d8ade58af5762a99fd342,33582,4181,10:23:51
e8b94b1eb3f728993de5d2c9f80ecbd3,48121,11131,10:26:47
e7c6b0f153800f34d4fb0abf610bf150,33558,42212,10:29:22
c136de74e73157c1bf037043d513a259,33562,10729,10:28:27
9a131ae79c3ca9a034a814a46a2dc15b,41760,38792,10:29:37
9a131ae79c3ca9a034a814a46a2dc15b,41760,38792,10:29:37
5f0eabbbc9a241b02e50d14a57aa20ee,42267,55548,10:29:02
5f0eabbbc9a241b02e50d14a57aa20ee,42267,55548,10:29:03
53fcc67c48fb6e9b77e27b2e1ecdaae9,41736,5323,10:27:41
68f0d9fadfe93a0181a618e59ac966ad,41745,1781,10:31:22
68f0d9fadfe93a0181a618e59ac966ad,41745,1781,10:31:22
c14a4a9758b0e6891a0387101ed794fe,33596,16267,10:31:09
7130827feb990636dff2087d4739c39e,41760,40693,10:32:24
ccd228c92781ae01833864b604305d85,41784,1944,10:32:54
ccd228c92781ae01833864b604305d85,41784,1944,10:32:55
aa643dc4cd802f14d78d91818133bee5,61710,5691,10:32:14
45e05ec617585590f283720e76cca5b6,41736,22120,10:32:44
45e05ec617585590f283720e76cca5b6,41736,22120,10:32:44
f993d827ea718af73af36be7084339d4,41778,6803,10:35:21
b2e02864e7e53a1d168df71207da6aff,41792,7333,10:38:36
a5ba4511c00b694d456fdcfede14231d,41744,11505,10:36:08
7c44afe12922c4ef546fb23fdca11a13,41760,39002,10:36:49
29473700b34945f11337e658e435eb3b,33599,59809,10:34:00
58261b4081179b538253f814fa5d496d,41768,53971,10:36:42
da617af103c52f52d1f62db76854de1a,41744,43103,10:39:47
da617af103c52f52d1f62db76854de1a,41744,43103,10:39:47
9c6fe3556cb3351222f2bea286b5b7b5,41756,29112,10:39:54
9c6fe3556cb3351222f2bea286b5b7b5,41756,29112,10:39:54
3ebabebf20b0d1c88a20c8ac34f2d405,41777,53693,10:36:46
a6d88877f49f9a72435d746e8e60d1e6,33579,21100,10:40:23
b5b3ffff37872e6fe4d405deaa8b3d59,41784,40482,10:39:57
b5b3ffff37872e6fe4d405deaa8b3d59,41784,40482,10:39:57
9363d3b2d02c1b45c84692b372837aa4,41832,40073,10:41:41
03b2b5c87cfc961af8e93bfbc55c9c66,33581,13476,10:36:46
0644534b07de1685f22baa2a6660d3d7,41784,44448,10:41:36
014b1f75eb65cf688bcff92dea5a1be7,41768,6352,10:42:26
ccb6094e69934aec982f21e7ef05badb,41778,3071,10:45:23
ccb6094e69934aec982f21e7ef05badb,41778,3071,10:45:23
614ea6b947ec7cfc3969a9a7b33e152a,41776,26152,10:46:20
614ea6b947ec7cfc3969a9a7b33e152a,41776,26152,10:46:21
3c2a20ce5e506a0f3cd526c1fbe1597e,41760,12733,10:45:32
bc0481d307fd7670f7e08f19b652f984,33564,14375,10:45:46
84175989ec87b1f86baa09130aaeb03e,41822,2192,10:45:42
ff120e0928fd7b72a617e5e9ad49e5b6,41778,33563,10:46:25
ff120e0928fd7b72a617e5e9ad49e5b6,41778,33563,10:46:25
b29405a0ea11ca240d25d2d0972d4e4a,41760,43313,10:49:56
eb3917c269cc92b77f351ef7183acca1,53517,23639,10:50:55
eb3917c269cc92b77f351ef7183acca1,53517,23639,10:50:57
9f18958e22b99d799de3611856c8742d,54020,25941,10:50:48
246e54e9cf5e23829d3baad2f652a4a4,41736,13651,10:51:59
ac35fcd6a243ae9c3b952099aba6d9e7,41768,23171,10:52:03
ac35fcd6a243ae9c3b952099aba6d9e7,41768,23171,10:52:04
1dec59a61b2f4a4e825ddbfa9a7272a6,41756,29216,10:51:49
5182e91b8c66e52ebd5749ab3a3a31e7,41784,2372,10:52:21
2335347c2bb6d21f76ce9593e88cd117,41768,27613,10:51:54
644527e04c0c92abfbace8a8a7e3820e,53506,53391,10:52:44
74d59db3159ff55aaf31f69458613a26,41777,58603,10:53:07
1dec59a61b2f4a4e825ddbfa9a7272a6,41756,29216,10:53:24
202aade1733b09af9525a15b35c4854c,41778,49041,10:52:29
b29405a0ea11ca240d25d2d0972d4e4a,41760,43313,10:53:44
bc0481d307fd7670f7e08f19b652f984,33564,14375,10:54:51
b9804cc9cdba8be710c4a5af9e890d10,41768,37305,10:58:19
b9804cc9cdba8be710c4a5af9e890d10,41768,37305,10:58:19
e3a5408ff2f15a5adc666bce4a96c6f5,41744,1502,10:54:18
ef91e5dc7c31684d675dba84ba8e96f4,33579,481,10:57:32
f8bbd3d20e48edd790a63b092bd3a490,41833,42353,10:58:58
f3faa4b64ee7edf222aaba89897bfcda,41816,46311,10:59:04
48d83fd1c000424ce83f82e786f03d47,61707,722,10:59:25
48d83fd1c000424ce83f82e786f03d47,61707,722,10:59:25
54f3fc7f9d315d5e5763a431653b7352,41745,24773,11:01:02
124c5d58344d2cc3c82ecdfa1e2eb4fd,41823,421,11:01:50
751fbf88a836ef470daf48c73416f311,41792,7743,11:03:02
d93939a01238e6037b2be0518aeef081,42530,22552,11:03:45
f0ba5fdf105ac4f03f5d386cccf01234,33577,28304,11:04:11
65a8b8bb53b972b8ecbf6bed686b196e,33561,43900,11:00:56
589d0de4e4d62d08f3ce93a02979ecb0,41760,44642,11:04:51
589d0de4e4d62d08f3ce93a02979ecb0,41760,44642,11:04:51
d961741ba45722f66dba442d4471f81a,8514,33042,11:05:17
8afd703a4c2c8f087cfad9015ffef55a,41744,26871,11:06:03
7f8823b891c41f461eb5fff874cb759d,9769,29933,11:03:53
bd16a0fa5af91eb241e03b98a15188e1,61885,623,11:08:30
bd16a0fa5af91eb241e03b98a15188e1,61885,623,11:08:31
a4b5b23fed87b1effddb712444f0640c,41771,48797,11:10:13
476eadabf8bfe26c1380f85f00158650,41848,60441,11:10:33
e8725ea62c514b88c2e4dce8b425bfc2,46515,1001,11:10:56
e8725ea62c514b88c2e4dce8b425bfc2,46515,1001,11:10:57
560d8269d3d090859e81f68684930226,41744,25136,11:12:33
2fbcb5099fc3a1c9d2b384f511f50304,41768,35753,11:13:15
a4b5b23fed87b1effddb712444f0640c,41771,48797,11:15:09
6e2aae018f9554952e962a9ea0467c96,41744,812,11:15:53
6e2aae018f9554952e962a9ea0467c96,41744,812,11:15:53
5db21827b3e1c70db44edb63d2349e2f,41780,49513,11:18:15
9da45f6bd38aa6c227897922c0e8511f,41832,45692,11:17:17
a79b853a6d17e1547792a5fbd4bee09a,41792,7933,11:18:53
a79b853a6d17e1547792a5fbd4bee09a,41792,7933,11:18:53
a9e2fdf6c55a10d4cfc4265b6d86e4e9,41744,11313,11:19:02
a9e2fdf6c55a10d4cfc4265b6d86e4e9,41744,11313,11:19:02
fecc17227c76f22902dcc90fb05fd712,41817,48131,11:19:17
9b6c37e5517afb4b0d31ec559f950008,41832,38993,11:16:14
6e2aae018f9554952e962a9ea0467c96,41744,812,11:20:03
6e2aae018f9554952e962a9ea0467c96,41744,812,11:20:04
15da869068d380a355baf82f2b5bc205,41764,10945,11:20:13
4458fc3d6bc850f67bf637ae69436a27,41792,45183,11:20:19
66fbedea7cf05c7ae3e59d7893e31dd6,41752,21711,11:20:21
66fbedea7cf05c7ae3e59d7893e31dd6,41752,21711,11:20:22
c2fc17fa7f30249c9fc4282fa3c092b2,41792,7430,11:21:09
c2fc17fa7f30249c9fc4282fa3c092b2,41792,7430,11:21:09
9a10269d5d25b5c33bf24cee12918f8c,41744,39103,11:20:51
284df6ff639d8514b043d2eb39aa611b,1821,27886,11:23:03
1cb7b7ba4035752b9bc231ca2a314418,46444,6891,11:23:09
6cc885177b76b50868fc5502dbef3240,41752,21343,11:24:27
6cc885177b76b50868fc5502dbef3240,41752,21343,11:24:28
7725337bfc1cdc597b41e8f9312ebcad,41752,26361,11:24:25
7725337bfc1cdc597b41e8f9312ebcad,41752,26361,11:24:26
12ef489df7cfde72680a418c64ca6e87,41752,24911,11:25:29
12ef489df7cfde72680a418c64ca6e87,41752,24911,11:25:29
a4b5b23fed87b1effddb712444f0640c,41771,48797,11:27:32
de8a4c25138ba647d95a4e9802395850,61828,2843,11:27:35
45a0922a7abe882ac4fd96be691568ce,41760,26382,11:28:33
12833653ab8baca37ee10dfcd731f2d6,41780,28373,11:29:29
2992bdec14a84df11de4e53bd632e2f7,41792,7675,11:29:55
0b25f64b89f89739c3696f133494ac35,41771,26501,11:29:52
8f0d2d665214dfc3a8071696bfe689a2,33574,41876,11:31:14
8f0d2d665214dfc3a8071696bfe689a2,33574,41876,11:31:35
5cc47fed3d74a84a8a22e557fc15c19a,41736,5141,11:33:37
8f0d2d665214dfc3a8071696bfe689a2,33574,41876,11:32:08
8f0d2d665214dfc3a8071696bfe689a2,33574,41876,11:32:09
86e28d916a3f279d061d515cf526e768,41778,29452,11:33:43
cbe496955d8309ef3cf3662d8385ed7e,61807,6383,11:35:11
e5d786961e283c010dc661bedebd3118,41736,6372,11:37:05
3c9024ce59c44f18ec6b469a4ae67453,41768,36123,11:36:33
c7009cc443f2963209ee6237b8f1080d,41744,701,11:37:14
5052430dd2f34671d06ae51645f4b845,41820,51723,11:38:51
73e258fc3157d32869162c25b493523f,41760,4841,11:38:40
73e258fc3157d32869162c25b493523f,41760,4841,11:38:40
a7b097e38bdcc534a9b370ce5a9c8eac,41760,42143,11:40:26
a7b097e38bdcc534a9b370ce5a9c8eac,41760,42143,11:40:27
131ee23f072fec064f410f8772d32e67,41760,39002,11:41:07
6fa4d2b2c2ef998ba8e52475224090da,41832,39101,11:43:38
a137df2071b327b06d06715274557658,41744,39314,11:41:04
153c9b8661f51b0fc72fc988b2fc1f3a,57666,35211,11:43:49
153c9b8661f51b0fc72fc988b2fc1f3a,57666,35211,11:43:49
120749e72312dd7c62a35ae96e0e8a8f,41744,32491,11:43:57
67b61aa0b7110d4d2af565435ec787ff,41760,4424,11:44:10
7802926b7a93d0188b5ac7f0949b01bc,41780,52032,11:46:18
e23b9f8b3a23457c39dbb935b47a8c2d,41832,45462,11:45:41
3e83abe47035f7c71c93a45a9cad1196,54094,49451,11:47:17
e0583f8209ba172fc8c002f2ed61387c,41764,38674,11:47:40
a03ddb1aeed537e1c9de97c4cba77e54,46848,21763,11:48:02
a03ddb1aeed537e1c9de97c4cba77e54,46848,21763,11:48:02
7b0e42167c36798e2941f5336b20d798,41745,9815,11:45:42
3d8a16d356bca95102fbb149aff6d065,41760,25921,11:50:27
8c2ee5dc5e443d4e8bd9ad294f0177b2,61853,60081,11:50:36
4750db06371c8854929698b0588ce16c,41784,26053,11:52:25
ed5e56ec030e40da8384e4062b6a8398,41820,52773,11:52:55
4e3cfe1ec8fe3aaa0f1a9362aa23f681,46538,3962,11:54:47
876c36ecaba9f8e06e07ff0d09c64512,41772,58281,11:54:32
90a60d18dd372dd5165f580f920035a3,41784,31701,11:54:46
90a60d18dd372dd5165f580f920035a3,41784,31701,11:54:46
7e3461b2db999470bfb50126ac08708b,41736,22083,11:54:09
f69dee02d70935923f174c2d36f314ab,41792,7183,11:54:29
f69dee02d70935923f174c2d36f314ab,41792,7183,11:54:29
e6c673e1f70342e138c9425b77a41432,41792,7805,11:54:48
6403606260a1f63656e2ed66f63f2bf9,41764,9462,11:54:44
cd1353269a251713ef9ed45ae6fc1e0b,41760,38792,11:56:28
160e9ddb0a0a1ca04b7884f4f6e8d200,41744,45492,11:56:39
7b0e42167c36798e2941f5336b20d798,41745,9812,11:52:06
8d5609239bad7cdbad5c341b9dacb694,41760,31502,11:57:30
63d49f478b988cddb70aca742a0cb198,49433,11603,11:56:16
c4bffaca7e4ef418ae69a87b84b23ad2,57657,311,11:59:08
c66b55905e4ecd5ec49a99baa4f6d174,5915,20725,11:56:31
d713e377b4d2ac15ea5ae6ca54ab58fc,41745,1591,12:00:05
cfbfe1b7a7a5b678a7708cadd7b15948,41744,1257,11:59:59
9135ddf821b87c120a1920d360424536,41736,5623,12:01:01
9135ddf821b87c120a1920d360424536,41736,5623,12:01:02
768240694b72832283e96a8ac5df468d,33580,8096,12:00:56
00c5de87695431a744da0b0d4bfc6eb4,33553,34976,12:00:07
d713e377b4d2ac15ea5ae6ca54ab58fc,41745,1591,12:03:25
1368b7497aa7fe94cd12d7bea65419ae,41760,4722,12:03:10
cd1353269a251713ef9ed45ae6fc1e0b,41760,38792,12:03:13
84a19d70f261dbff2e456370c23d69bc,41792,7682,12:04:32
b280faadfd4deac0f7df1cf964dc951f,41744,22853,12:01:26
24f60cc0429e00571c67b33dc745a7a6,41792,8492,12:04:28
ed86bab94fad4c23f65cf32b334b56f1,13783,43123,12:05:09
ed86bab94fad4c23f65cf32b334b56f1,13783,43123,12:05:14
f2730f6d87036bf5286d7e699ce0a93c,47073,13591,12:05:22
f2730f6d87036bf5286d7e699ce0a93c,47073,13591,12:05:22
011d197ab9ab7b9b2b6606a1693598ad,41760,24881,12:02:52
f14cbb84a17cbf7f14c4414587a41b73,41736,5422,12:07:40
4b422fb3b8a5096307c60164543a45a2,41752,11443,12:10:13
4b422fb3b8a5096307c60164543a45a2,41752,11443,12:10:13
56cd43a35b7549781d8c09d3068806bf,55054,24021,12:10:23
f14cbb84a17cbf7f14c4414587a41b73,41736,5422,12:10:17
f14cbb84a17cbf7f14c4414587a41b73,41736,5422,12:10:18
f14cbb84a17cbf7f14c4414587a41b73,41736,5422,12:10:18
2b42029996fc4f698cd1c3bbc9bcc336,41744,11,12:08:06
91f6f3fed28948371d2b59b10ea861f9,41736,5593,12:11:10
b7ab715315472cb9dac2bb86f229a913,41760,4621,12:09:21
1bdab0fa1e7b755f44187893c5f000cb,41744,44962,12:12:28
f4db1913d565e47065ed17cfda0bc5e5,41744,23521,12:12:53
f4db1913d565e47065ed17cfda0bc5e5,41744,23521,12:12:53
e00ee872eed242be35f43712d2cf0d73,33556,39741,12:12:19
74a30e213d2bf87251d5fd34df901d1a,41784,38112,12:13:43
74a30e213d2bf87251d5fd34df901d1a,41784,38112,12:13:43
8a6dc0310830466d652a8d7bb92c1fa0,41768,2716,12:11:36
f3631aca73487146c3df965cf1c45378,41760,31506,12:14:46
f3631aca73487146c3df965cf1c45378,41760,31506,12:14:46
31b7edf488c15783bdda3036f326b700,41756,56382,12:16:51
5430461ab942157dabe2d2b2b0a3489b,33568,4061,12:14:02
7949444a7446fb4356ddb20bb9f418a8,41776,11961,12:20:00
9cb578418433b44d385c2f9e53baf534,41752,38374,12:20:58
c70bcb1fee6cfd926809109266c90da5,41778,4054,12:21:26
17aeaf2412a33b4eb6562309f160ff8d,41816,48272,12:21:26
819c401a6d4a8e93f0ebf7f29233cbd1,41771,26475,12:21:57
eb04150feace806ba41233a5c42eb07e,14240,9163,12:19:50
bbd1bbe744d01dafd42de5c9ed474927,33568,20201,12:20:01
819c401a6d4a8e93f0ebf7f29233cbd1,41771,26475,12:23:12
a08efb710e6db427f83b1f5fbc250b10,41768,641,12:23:57
a08efb710e6db427f83b1f5fbc250b10,41768,641,12:23:57
f54b24807851dd402dd3cd470f60cd81,41784,2534,12:25:18
266ed0427a825aa2598266a64e86cf88,41744,1211,12:24:51
1d1ff6e08f3e1c2587af70e8e1c5ef35,42360,21153,12:26:04
1d1ff6e08f3e1c2587af70e8e1c5ef35,42360,21153,12:26:04
d5c667c7d974515ff5a0608d5e9ffdb5,41752,25212,12:23:34
878d4e43d4ec86636c42ec9fec10f1e5,33568,10761,12:27:22
7c166baa8d79617c5411fa07d2b94bff,33577,13680,12:27:13
b318f3c59178e0aa3ed73fcb04daadb3,41744,1721,12:29:00
b318f3c59178e0aa3ed73fcb04daadb3,41744,1721,12:29:01
47e98029d58006061103189b656dbb79,41744,34,12:29:12
47e98029d58006061103189b656dbb79,41744,34,12:29:13
8a216345497dfda911440ae56386b0e2,41744,22582,12:29:26
085248b13e2d38df8585635c50f9593b,41768,23323,12:30:49
b5da12a03b4efcef6dd8e8b4a2bfe23f,41744,39802,12:31:12
b5da12a03b4efcef6dd8e8b4a2bfe23f,41744,39802,12:31:12
478219a6ec780b610a652086763f1d7e,41745,46492,12:32:05
478219a6ec780b610a652086763f1d7e,41745,46492,12:32:05
fd465ebb9c9da2a553e567e8ef546623,41736,47181,12:33:50
fd465ebb9c9da2a553e567e8ef546623,41736,47181,12:33:51
cad4e3a51c9e31be066678107949d934,41768,51811,12:34:09
8e464a4034d4027bcc4a567a704b36a1,53533,11113,12:35:32
8e464a4034d4027bcc4a567a704b36a1,53533,11113,12:35:32
53e62959962b77fa81328f09226fab21,41760,4541,12:34:38
53e62959962b77fa81328f09226fab21,41760,4541,12:34:39
1ba8635f753357ba48101fbb64451f94,41833,43243,12:36:08
9e3abcd9418650ebdce9d1e1b735e97c,41784,31662,12:35:12
9c79e7ede905a654d66c26b32fc134d0,41744,46571,12:36:14
9c79e7ede905a654d66c26b32fc134d0,41744,46571,12:36:14
fa960e9dd333c044d5dc6e2f7dfd9c44,41784,38111,12:36:31
c7624630a08f69dd94af5332a0cf29ca,33580,16411,12:36:43
c961e60ed70f6a09a30cc2964aed561d,61754,73,12:36:38
542b90f899e3182dc4f5c6b49aed8332,41823,50662,12:37:28
ea6bb92c0948de9f0652d9470f30345c,41816,46091,12:38:13
97ea2c1309ddcd513dfff30e5302dff2,41744,1214,12:38:52
97ea2c1309ddcd513dfff30e5302dff2,41744,1214,12:38:52
c7624630a08f69dd94af5332a0cf29ca,33580,16411,12:39:49
964041d3eaae9bc27107fd643ddec50f,41816,47822,12:39:30
5eb07e14ea8f0268ca5bd587d9b41bda,41764,9003,12:40:33
fa960e9dd333c044d5dc6e2f7dfd9c44,41745,2317,12:39:50
4e977c8aac89044d75cb9f4332362d7f,41760,4885,12:40:29
312731b684988ec40c5ce0a4385a01c6,41768,29561,12:40:39
076062698702683eae839dad668cfcb2,41752,3022,12:41:44
94b3e20c3142972d0e7e9ee683225145,41784,22010,12:41:35
94b3e20c3142972d0e7e9ee683225145,41784,22010,12:41:35
50e79d95261a637275a9553671ad5891,41784,45041,12:41:16
b35e719fc1a805893caf07b4724fee9c,41764,39242,12:42:42
50e79d95261a637275a9553671ad5891,41784,45041,12:42:39
50e79d95261a637275a9553671ad5891,41784,45041,12:43:15
dbdccb9322f1fcbb9d55cd78a0d7dc9a,41816,49293,12:42:57
abd8de282888e079cb1579ee1dab4b5c,41816,48435,12:44:02
eb0c1a78506127ca1f1456b723f88e9f,41780,27583,12:43:30
a9479eb46b06e8bf6ee2803a61716c94,41745,1793,12:45:01
053fb9f93f446283f84d98fe304e4eb5,61901,2893,12:45:35
12b716a0d1358b8ab9a1fabdc7951e13,57633,56171,12:45:27
fb5bf5e29f0e7d9124c0b317dbced6b0,41768,36123,12:46:17
3ac4c3029abf73edda1721aaf6b498ff,55222,4161,12:47:02
3ac4c3029abf73edda1721aaf6b498ff,55222,4161,12:47:02
edfe4c1f438fcde7554fa4c9ac1178cb,41752,3313,12:46:37
c58480d2ac860a3b8c01d9676b24c44a,42310,10211,12:47:32
d625f002a08d1b5a41ce748a9b08862c,47889,11881,12:46:35
d625f002a08d1b5a41ce748a9b08862c,47889,11881,12:46:35
1dedc887b3f03e754757000106c114ad,41784,44438,12:47:04
f575fbbe1d70dfefdbaa05f40b403089,41792,32132,12:47:38
f575fbbe1d70dfefdbaa05f40b403089,41792,32132,12:47:38
09cd3ef2d001b1f17a3647b6581cdbcb,41744,242,12:47:55
89da313a8941881101f14059fb56577f,41760,4253,12:48:49
89da313a8941881101f14059fb56577f,41760,4253,12:48:49
f08520903fac3567697e0a6614946e04,41744,30212,12:46:59
18a85e71a25cd312a0df39b3bc15dd42,41776,2151,12:51:15
1f73446d3c9b1eac172a673df3b722ca,41792,41501,12:50:57
1f73446d3c9b1eac172a673df3b722ca,41792,41501,12:50:57
e56b855166273b5182144a66cf6146a4,41853,63784,12:51:57
e56b855166273b5182144a66cf6146a4,41853,63784,12:51:58
da6699cbab53e0fb53f7a6de2dfd241e,41816,47437,12:53:35
63486317addf170aa5abc64cf9a7fa19,41760,44614,12:54:19
c85605bb8a2ee1f29588e09d2108fdca,43009,12171,12:51:48
7f74d0a5d60d31019e950845efc9038d,41776,31064,12:55:47
7f74d0a5d60d31019e950845efc9038d,41776,31064,12:55:47
c63ea20a6dba740950aba1be7ec27328,41736,5401,12:56:13
5ef6957e6485a5837a07f790f7df44c0,41832,38141,12:56:09
50fd3e5eb0f51373ab5ef08a0c10b192,41852,62012,12:56:36
b8b01c42ccb1176cbe25b5ac15aa9575,41744,1056,12:57:49
2f688329f58f04f2fa730fe033cb5fe2,41736,5301,13:00:26
933023a8b809c2d75aea7a797619d201,41768,23147,12:59:52
933023a8b809c2d75aea7a797619d201,41768,23147,12:59:52
aa580badf54d5dadc2da2c1b40068fc4,41792,7211,13:00:53
59f74eded4ab31d9b7dc8fb6b46dcc81,41823,50802,12:59:02
36b844bf41247d7d3118429151ba7170,41820,50953,13:01:52
91f792d3f682dca47dd3411eb9042dd0,41792,17401,13:02:38
91f792d3f682dca47dd3411eb9042dd0,41792,17401,13:02:39
29e461609316c4e7a9088318cf04a984,33572,22195,13:00:26
8d06ab52b81e8bbc7f132990734c0b04,41771,33371,12:59:06
5017aa7ac2d7726503c4b7ed5d22666f,41777,50851,13:03:47
5017aa7ac2d7726503c4b7ed5d22666f,41777,50851,13:03:47
8f92b74a44958f1b54fdd66c04f55ea0,41817,49173,13:04:56
8f92b74a44958f1b54fdd66c04f55ea0,41817,49173,13:04:56
57aa1ab7f7d275403e6f8cf99a342d90,41792,42393,13:05:40
c83be21f6f9e79eb27f0bfa1363f17e3,50464,50822,13:05:35
d521443976879e5b36854ca6e8e1108f,41745,1592,13:08:28
d521443976879e5b36854ca6e8e1108f,41745,1592,13:08:29
787417d33772f72b3c23183657efafe8,41768,33621,13:08:13
8aa3f2b34f109305327a0dde93484855,41784,1556,13:09:47
6b55e329cb1d17bcb91b18493f84e7e3,48386,40371,13:09:52
6b55e329cb1d17bcb91b18493f84e7e3,48386,40371,13:09:52
91061954cda40f7e1ac4e0dd30736ce6,41744,40442,13:10:36
0dfaeb5d6a6741f72fabe8e957b7fd03,61771,5333,13:11:44
8f4e823e35830b5b1d17f2a00664c156,41768,31663,13:14:10
8f4e823e35830b5b1d17f2a00664c156,41768,31663,13:14:10
2402321f4b8dde0101ebfe7ae453afac,41833,61193,13:12:14
c2a1a23f2533c0ac21122dca67c7ea33,41764,31271,13:13:27
dd0cb208113b31ab028b878ca0e13f72,41848,59452,13:13:55
ec433c7b980c47813fb30e3f58024d8b,41744,22732,13:11:30
2c826f48b9d1ffad80d680f9fc7e0d81,41820,51772,13:14:31
41d0a34fe1e542b79690910d9a1fc6c3,41768,27722,13:11:56
2053242c43b8fbbf76319cd4f1877b9f,55641,15163,13:16:47
6049950061d6622fd0276ce3beb93e2e,41776,24695,13:17:54
e3b737eab9bbcfb8bfffcd28ed2785c2,41744,24761,13:17:50
c4486be21c4a287614ed29c1e53d336a,41753,23831,13:16:59
af8484b732b8cfdf98855c9b472f9759,55723,50125,13:17:03
011d197ab9ab7b9b2b6606a1693598ad,41760,24882,13:16:55
6adbb946aa4afebfbfecc4ab31561891,41744,38905,13:19:54
b3120f4370dbbeea9642e45835d4222e,41736,5187,13:21:09
b3120f4370dbbeea9642e45835d4222e,41736,5187,13:21:09
e09db8987c46d154cd4bc9b3663236b9,41792,6902,13:21:57
e09db8987c46d154cd4bc9b3663236b9,41792,6902,13:21:57
dc91ca00b6c447a2f72dd9f5c73da896,41752,30963,13:22:50
dc91ca00b6c447a2f72dd9f5c73da896,41752,30963,13:22:52
7211ad45b907322566dc580c07d94af9,41832,38742,13:22:31
9753fc2b39906341614a33f93bb06975,57735,2251,13:23:15
8af2a4e5136e5935f2a0720bd31acc07,41760,8701,13:24:20
8af2a4e5136e5935f2a0720bd31acc07,41760,8701,13:24:20
033f643e5c1ed8482ef68c95cf053c3f,41833,42082,13:24:54
54e41222588f6315fb36d43eb4c4c323,41773,50741,13:24:29
877b9fddc395ad4342341dff9216b1d8,33595,22721,13:27:32
877b9fddc395ad4342341dff9216b1d8,33595,22721,13:27:33
01f55c931e8e2429251313d90fad3c78,41760,4651,13:27:32
ecf9f5cadeb26302f1c9d60fc1af6f7d,41764,9262,13:29:00
ecf9f5cadeb26302f1c9d60fc1af6f7d,41764,9262,13:29:00
4b06ed462170ed3be3095c2a0872509d,41784,24086,13:30:17
4b06ed462170ed3be3095c2a0872509d,41784,24086,13:30:17
f3e34345c4c2d949fcdcb55bd0425139,41792,14506,13:30:20
f3e34345c4c2d949fcdcb55bd0425139,41792,14506,13:30:20
449df845b9bbe732d6b82089c50197be,41776,23411,13:31:26
06c176d1eeb19ab65017a42e6cb70f33,41752,46231,13:32:31
06c176d1eeb19ab65017a42e6cb70f33,41752,46231,13:32:31
fe934f757f0767ceceb655214ada42aa,41821,51453,13:33:30
fe934f757f0767ceceb655214ada42aa,41821,51453,13:33:30
7bcf22b1d45d6c14e050f75e50835eb4,56401,50185,13:34:19
a1d775969c5ef86555a0abb133e5ff91,41792,40192,13:34:38
a1d775969c5ef86555a0abb133e5ff91,41792,40192,13:34:39
f7f318daefc1624753679f04c9318579,20854,12121,13:35:43
e7ce04940973ff330573d5f4b3cb2712,41736,5441,13:35:54
415488254b15277657d1c3843d6066d5,41832,38473,13:36:16
415488254b15277657d1c3843d6066d5,41832,38473,13:36:17
56ed2e0a4e4e45bd3d7137dc561e03a5,41832,41503,13:36:54
f87a2321f03ae0f645411eea44f96ad4,41768,35673,13:36:54
c0139a06053b6e5aed199bc0a4d44373,41744,1151,13:38:15
5c166c95f59e1e2de7d939030fcfd143,41736,40771,13:39:04
61657b47e4b550416a4d4c0e3c0f06c1,33565,12116,13:39:30
4164455767012adc541b65afbbc1e4ad,41776,27362,13:38:25
8f4de6c498c63cd6cf98d290e964fdd0,41768,49595,13:41:46
47251cbb0b77bfd8fff1b7f568ab7876,41744,41311,13:41:54
3ede78fc18bc7983af7f5b0f6e9e1dc3,41778,49001,13:42:09
3ede78fc18bc7983af7f5b0f6e9e1dc3,41778,49001,13:42:10
3066beddcb82414c40979e4fd6f5ae24,55663,2266,13:42:09
8185d641c870875920556be27f8a2c19,1303,51962,13:40:22
03da81045f783ccea4ef05db7aebed47,41824,3566,13:44:27
475650a5db7e5beca850eae069a9728b,33595,18947,13:44:27
47dc5bf8866a347124fb3fc1e92501b0,33597,14148,13:46:00
150d4bc3f844ec9700e6cdde48428704,41736,5491,13:45:19
150d4bc3f844ec9700e6cdde48428704,41736,5491,13:45:19
06235d81d4fd8ae51f9925a3921065db,41852,61561,13:46:53
93171891e55ae25b76223079b2b910b2,59651,20903,13:43:21
7c44afe12922c4ef546fb23fdca11a13,41760,39002,13:46:31
06235d81d4fd8ae51f9925a3921065db,41852,61561,13:47:20
68f3190c63dfd069d2ebfa1c2d5c358a,41764,38673,13:48:31
68f3190c63dfd069d2ebfa1c2d5c358a,41764,38673,13:48:32
3c2a20ce5e506a0f3cd526c1fbe1597e,41745,1811,13:48:55
4a30dc1df98ef90b1cbfc8f1a8cafc75,33589,46730,13:49:35
11bad71579e09e3e260110e5a1f7eed4,41820,51013,13:47:25
6d269090b1aa485f59bf811fd6aebaea,41853,48022,13:50:43
7af60b48e8734c5d0cc5d26995d25f73,16528,12851,13:51:18
4a9a1d1180e499c49889f83fd9727c86,41744,41671,13:52:00
f2d5279bfbd7269451869075708af296,41784,20282,13:51:24
195d155a53dbffc3bb60d84819051866,41768,57391,13:52:32
aa7cb7b1a9c7f88c71e9705adf6e304d,41824,51081,13:54:33
58f226347916dfe52237caa7884cc4cb,41744,30082,13:55:25
7c7eea21eb8882ab3e48a763cee3f3a6,33573,29570,13:57:56
8695b613ce991e2f09bf0bb2fa2a8e36,33589,46621,13:54:34
1fd22b7a7f7b5df562ffdcf11f3aa0c8,41768,53123,13:59:27
7c3262b64c86efb4449d2e92572f2e67,46340,15143,13:59:41
88181c8ebcd5106bf05099f99b4169b1,41744,46774,14:00:00
da5d6e4fb02aaa43f75f018066f1759f,41768,23218,14:00:38
da5d6e4fb02aaa43f75f018066f1759f,41768,23218,14:00:38
fe506c76f71d9d36df457ea354895433,41792,23992,14:01:07
d6dc8dff0874adac851f6579b0c183e6,7850,17053,14:02:31
32b13f12867f89caedb63e379e77fdaa,41760,4741,14:03:37
32b13f12867f89caedb63e379e77fdaa,41760,4741,14:03:38
92adb3721e98ff1effede058936a75e0,20833,14822,14:01:04
62a73d20ac81cbcfaad92a3b201b608e,41744,25131,14:03:50
62a73d20ac81cbcfaad92a3b201b608e,41744,25131,14:03:51
443523e7f1a93481aee2d72ff59066a5,41752,9473,14:05:22
443523e7f1a93481aee2d72ff59066a5,41752,9473,14:05:23
c080ff4ce8a35fe252a0ae19729ea201,59649,2941,14:04:52
a08efb710e6db427f83b1f5fbc250b10,41768,641,14:06:52
1be65f54c1a304f1354d9806e5c757f8,41760,4918,14:07:49
1be65f54c1a304f1354d9806e5c757f8,41760,4918,14:07:50
61723ccdd20f35b6e33940f6ce67d322,41784,37901,14:08:04
bf7c68d4dbd01e6b3ec5e05b35da8d22,61823,5452,14:06:00
05a5c1384c6e173837da71ced43257d4,41784,1892,14:08:50
05a5c1384c6e173837da71ced43257d4,41784,1892,14:08:51
57ba1bc972c5413b69db6a06c72dfb55,41744,353,14:09:04
57ba1bc972c5413b69db6a06c72dfb55,41744,353,14:09:16
57ba1bc972c5413b69db6a06c72dfb55,41744,353,14:09:29
92a8e21bca3c67b5eaf7c816986366e3,41744,44231,14:10:53
1814b91f753b4d8ba03fb1fad0618571,41792,9792,14:10:42
411455d0b48d1ea6ebe862b14a1906d8,41768,35741,14:11:44
5985f95d25bc297e3a4754062446764b,62784,57041,14:12:25
5985f95d25bc297e3a4754062446764b,62784,57041,14:12:25
6a467f84263a59d3fc7f9a591cdc50aa,39301,6515,14:10:23
ff8da8fadffa9a8d2de778e796baee1a,33557,31001,14:13:42
7c3262b64c86efb4449d2e92572f2e67,46340,15143,14:12:51
5009de87508c0e3156393bd96e95086a,33580,11784,14:16:00
d6c32a59f6e25126d808280ad3009a93,33567,23997,14:12:30
d6c32a59f6e25126d808280ad3009a93,33567,23997,14:13:01
5ed83a92ae40ee2d1ac16cf3c7ba51b1,41744,22572,14:15:41
1cf84a103f8ccab46d6ed5e87a1fc674,41764,8772,14:17:01
5009de87508c0e3156393bd96e95086a,33580,11784,14:17:42
eb97238f1599b61ef08095254c966886,41744,42911,14:20:19
791f5c06d413e367940a7aaecadb0a6d,817,60216,14:21:23
1e8c46669854188eae907d261b96ccce,43018,46802,14:21:37
7ca20aa30a5a072b4f00cff9c7175adb,41760,44665,14:22:40
7ca20aa30a5a072b4f00cff9c7175adb,41760,44665,14:22:41
b9b0a394e59156e89501d5c70a0d9926,41853,47682,14:22:43
9d697f1ba615b116a433e725defb4ac0,41792,8212,14:23:22
9d697f1ba615b116a433e725defb4ac0,41792,8212,14:24:02
eeacf6fb9ef19533314c36b75b145eb6,41760,4442,14:24:18
eeacf6fb9ef19533314c36b75b145eb6,41760,4442,14:24:19
a8c9ddc685fca30a6054ce33e42ccf5e,33041,13352,14:24:38
a8c9ddc685fca30a6054ce33e42ccf5e,33041,13352,14:24:40
70366cbdc4a0b7af899d034eb594f400,41760,4522,14:24:53
70366cbdc4a0b7af899d034eb594f400,41760,4522,14:24:53
1c48d894c5491fd0b4709817880201a8,41764,8713,14:26:20
eda4a7f6bda9a5df0eb6cc1ada8827d0,33561,51600,14:26:40
c134c002710f5ab3dec70b9ce511d0d7,41760,4553,14:28:07
b47b24b653b45b99596618dfd22b4500,41784,26574,14:28:38
b47b24b653b45b99596618dfd22b4500,41784,26574,14:28:39
781f1e954713e4056b31e0bb9912033d,41776,35402,14:27:35
781f1e954713e4056b31e0bb9912033d,41776,35402,14:27:35
b47b24b653b45b99596618dfd22b4500,41784,26574,14:28:46
b47b24b653b45b99596618dfd22b4500,41784,26574,14:28:46
240262994abf34a32f18d2664d595978,41773,28775,14:29:14
240262994abf34a32f18d2664d595978,41773,28775,14:29:14
a3820398c8f11e60ca325b7d30c3982d,41771,57521,14:29:46
57ba1bc972c5413b69db6a06c72dfb55,41744,353,14:31:17
57ba1bc972c5413b69db6a06c72dfb55,41744,353,14:31:17
b56ffe148cff1c71e4f0f259fcec69f4,33569,47730,14:33:37
48abc23e670d0fd79bc250eb891afd96,41776,58242,14:33:05
83544ea9bc75dc600f251e1255b9c771,41744,45293,14:33:10
83544ea9bc75dc600f251e1255b9c771,41744,45293,14:33:10
7c4756f9088e6148c9e16ca7619f9155,41744,43595,14:35:20
b56ffe148cff1c71e4f0f259fcec69f4,33569,47730,14:35:50
16343444949c1c764d452720df91f560,33028,3774,14:37:45
96705f669897d3ebcc24502e5bd9bfb1,41768,23155,14:37:56
bea385948633b2ad8e68fd5814041f71,41816,47418,14:39:41
e6560c68405a444e79e3b0e3dca2b365,41744,1161,14:45:28
64fe91e651b013c1548cd6361229e8e8,41745,46133,14:46:32
64fe91e651b013c1548cd6361229e8e8,41745,46133,14:46:33
13af2301e530885a228f55ea9e5c677b,41784,2403,14:47:47
6baa20c74b020ebc4369107240c96a72,57634,15963,14:49:00
8ef8034d36b755978c3fd872ebd390f9,41817,48723,14:51:19
8ef8034d36b755978c3fd872ebd390f9,41817,48723,14:51:20
0abd580b7dd6fb03875fcee75686f057,41744,46791,14:51:34
27da447f5ec6fc277b94f3852a310e50,41833,43841,14:52:38
923c7b8ee2dce9291658cd5d9f9c217f,41848,59563,14:54:35
8b29db909f65797c4e37a11c0bb48cd2,41776,25204,14:55:16
457659d4cc204cf59d931fdface9f4e9,41816,48761,14:56:04
457659d4cc204cf59d931fdface9f4e9,41816,48761,14:56:04
595d3f19f09f7b0b07203a15cce65139,41771,32671,14:55:34
fcc9d2c30ab67e6d318a0eae139c99bd,41848,60653,14:56:39
c54e4c6259e389e429d92c59e1816e23,41772,51163,14:58:16
bc273447d0b9e69f794cf83b770c4c03,41756,37111,14:59:30
bc273447d0b9e69f794cf83b770c4c03,41756,37111,14:59:31
f283e6a73b699b82dd5e06df54381793,41822,50322,14:59:18
4f1dc40d3d776cfbabff9ebbf71777f3,33563,28910,14:57:45
20d996009e9345731ada7d7e2cc453c1,33567,61058,15:01:29
e391694302f8acd77367cf64b0ff70f8,42261,23752,15:02:03
3ee7447862be84dc00ee3547755a3134,41736,28622,15:04:46
3ee7447862be84dc00ee3547755a3134,41736,28622,15:04:46
01d16951191125eb2a69d3e41de2ae1b,43041,10211,15:05:13
01d16951191125eb2a69d3e41de2ae1b,43041,10211,15:05:13
1f6624baed5899de3bb16aabc4e90e4b,41832,39032,15:05:56
d6257716de4e6b55c9bc6adc22690caa,61828,643,15:08:19
d6257716de4e6b55c9bc6adc22690caa,61828,643,15:08:19
4f1dc40d3d776cfbabff9ebbf71777f3,33563,28910,15:06:25
49b64ca8f80298f5ac2fe780d036bf88,41772,28042,15:12:33
a17cf6e8dea5bfb4c6e9837521f58f3d,41736,6364,15:13:08
b77171e788cb7b31e89f54ac7fa94900,47968,11751,15:13:26
f80e1158ee01dd6b09515713667b92fe,41760,14101,15:14:10
f80e1158ee01dd6b09515713667b92fe,41760,14101,15:14:11
4ff8e5b0ae1375e70a45da7ee023bdc1,8572,17935,15:11:25
786f4ff0815c804059324cd46492a383,41823,1401,15:15:50
bd50a330586c534efad864c124e36a75,41744,131,15:17:05
9893568680fd1bd2852a089f424d680a,41736,5492,15:16:40
2e92546f7e8a5ee98932e9cd4d41d134,61715,16271,15:16:08
cd94c0db5a53a6802a6b37d92f653232,41784,31646,15:19:52
cd94c0db5a53a6802a6b37d92f653232,41784,31646,15:19:52
0a8722a5d55b72e6cf38a2c3e2f0bd3e,41832,45016,15:19:14
0a8722a5d55b72e6cf38a2c3e2f0bd3e,41832,45016,15:19:14
76cfa563648f700e94076335fe229447,41753,3801,15:19:05
644f0a3d8b3ad1b616647395b77a6026,41816,47541,15:16:29
8244219db3922a4c92fd9d56ce480acb,41768,29541,15:20:27
ad8216a8d2a47b53ad35fb9765ac2a81,41823,3171,15:21:54
4cc063ea1ee389317f970c9ae78164f5,41744,43131,15:21:09
3fb5dc2fc20fe2f296e2142f4c835c39,41744,1422,15:21:37
55040898cd5fd1c63f5652030078b357,41768,50371,15:22:48
76cfa563648f700e94076335fe229447,41753,3801,15:23:34
d81510d525d75009e80efd4a99ccf8c6,42244,40247,15:21:29
e245dfa43759f533c6f44ef7d13b137e,33567,23428,15:25:44
4a4ed276da4b5ea90a845604a9123656,41776,26915,15:26:11
246e8c4a2cf7f803fc128232fb349e70,57610,12653,15:27:43
ff15d8e08e938b2e2aa2f69499617f74,33576,53851,15:29:41
2b81cbeca5ed0e50b9aedae458540e18,8521,54321,15:31:07
08cd52c8b8f94f8319ba7c9b11354e57,41744,39992,15:32:12
08cd52c8b8f94f8319ba7c9b11354e57,41744,39992,15:32:12
ad8216a8d2a47b53ad35fb9765ac2a81,33570,47572,15:31:24
c5f44b5823a34621441b179a72913267,32892,17531,15:31:27
3f83c3e5b7e613717e77bd23a6193e5e,41853,46472,15:29:28
257e8c12e4ad7a3ea78438cf550ee0ff,63763,31892,15:32:40
257e8c12e4ad7a3ea78438cf550ee0ff,63763,31892,15:32:40
a97dff69baebe78ab80a0e33e3b579d4,41770,55663,15:33:06
74cadced11e448b729e49de7b338cb7c,33579,23181,15:34:46
97f08cd22b12e0ec345b58893a2e2b32,41744,931,15:35:20
97f08cd22b12e0ec345b58893a2e2b32,41744,931,15:35:20
7a9a3e93dffcc129d480e01c860329c9,41792,7961,15:36:30
12256613454103f662a77393dd201eb3,58260,2073,15:39:20
c0929b4879632f063fb9603358bb5ccc,41784,38808,15:39:56
0f5443d92ed64c83b6cacc360912b0a7,33596,17948,15:38:49
d2e86f43de30df48ae998e338e85ad52,33580,7185,15:39:11
5e1a0c23a1f33cf337801986f7d853c9,41792,45543,15:41:51
5e1a0c23a1f33cf337801986f7d853c9,41792,45543,15:41:51
3f9e3855d3604ced30481776c7e0b57f,41784,2157,15:44:11
c0d8922ae097299cb3b6fbfb74909660,41832,45861,15:44:54
75df87e88fe39fd9f0a4cc300b6c10f6,41768,4071,15:45:16
91d04556805ac7aecb34b988eafcc5dc,41777,1901,15:43:45
066ea24874526497e311e0b87b25ec7f,41823,872,15:48:34
066ea24874526497e311e0b87b25ec7f,41823,872,15:48:34
fcabd967cc1ebc61f16993c151dce65e,41760,3991,15:48:34
fcabd967cc1ebc61f16993c151dce65e,41760,3991,15:48:34
29fe494414cd917c1885b77f6fb0acc0,41744,511,15:48:41
fdf5020041a350a0c63a74c34de5971d,34310,33298,15:48:44
87cccae4d702c4897be4f5a12c8042c8,42328,1712,15:50:27
ea6b91e4f740483ecb4ad65ec09ee95c,41760,29003,15:53:11
ea6b91e4f740483ecb4ad65ec09ee95c,41760,29003,15:53:11
84a112f00d37dc625ba1a1d1525df7cb,41832,38752,15:54:02
84a112f00d37dc625ba1a1d1525df7cb,41832,38752,15:54:02
26417d6fdb1cd323ac5770729969beda,41744,1383,15:55:57
26417d6fdb1cd323ac5770729969beda,41744,1383,15:55:57
cd1ee3b3f1631c5b8761dd6cca498ebc,41848,60151,15:56:04
cd1ee3b3f1631c5b8761dd6cca498ebc,41848,60151,15:56:04
c6acb3c527bb936f502d6c2f9fc90bf1,61838,1166,15:58:22
c6acb3c527bb936f502d6c2f9fc90bf1,61838,1166,15:58:22
1c591e6ccd6d37ad7444a1372f55cd24,41736,6231,15:58:33
1c591e6ccd6d37ad7444a1372f55cd24,41736,6231,15:58:33
6edb89a4b3998b4939c6d0a20a35019d,33581,4511,16:01:31
12256613454103f662a77393dd201eb3,58260,941,16:02:25
da6699cbab53e0fb53f7a6de2dfd241e,41816,46323,16:08:38
f86388d790b3e4d14a5c4455c932496e,41736,5032,16:08:33
04e5988cb550f0ac549bcf981f930dfe,41784,1891,16:09:38
04e5988cb550f0ac549bcf981f930dfe,41784,1891,16:09:39
57ba1bc972c5413b69db6a06c72dfb55,41744,353,16:17:37
e4cf9f853af1b2cd439f2ce27aefc539,41744,24833,16:21:25
e4cf9f853af1b2cd439f2ce27aefc539,41744,24833,16:21:26
b6013a78bd6fb79b5fdab97cd5ed130d,41752,21373,16:21:21
b6013a78bd6fb79b5fdab97cd5ed130d,41752,21373,16:21:21
49adc3842d63147a110c495cd5db9aea,41744,41313,16:23:45
d2174eafd3d73bc9c5202044bed8bba0,41777,36831,16:28:59
7c15499e7776954875ba8e23da434d36,41756,58713,16:29:42
7c15499e7776954875ba8e23da434d36,41756,58713,16:29:42
94658f64dcc5b3fd4974e97e4a2b7ad6,41768,34565,16:32:21
94658f64dcc5b3fd4974e97e4a2b7ad6,41768,34565,16:32:21
1d3b55da8a813b32617f2861dceca5f5,41769,23891,16:37:52
4d45cfeb8d85f03ae9abcaeadd2b207e,61728,46974,16:43:44
4d45cfeb8d85f03ae9abcaeadd2b207e,61728,46974,16:43:44
4f8ebfc2c7994d5c26a092ceec974c2c,41768,52945,16:45:58
4f8ebfc2c7994d5c26a092ceec974c2c,41768,52945,16:45:58
ade081f4b8c67cf42fd0c3451019df5e,41784,2552,16:49:39
ade081f4b8c67cf42fd0c3451019df5e,41784,2552,16:49:40
fc243085df12fac9cfa1546a9cf0d229,41203,37431,16:50:37
b4897e650eee457fe865285293eeeb61,33582,23148,16:45:43
b08921b478f6c573ea5e9bcf652c7531,41744,1141,16:54:06
b08921b478f6c573ea5e9bcf652c7531,41744,1141,16:54:07
57625d10572908e34fa683ceba9ea596,59140,12522,16:54:46
57625d10572908e34fa683ceba9ea596,59140,12522,16:54:46
05884abeafc8ab90ea21cfd99ab89949,41736,5561,16:55:45
ef0d3725c932ab8338dbec7fd452d225,41768,31383,17:01:27
b94bcd04139a26b64d78b12afa7a97a1,41773,34494,17:02:14
b94bcd04139a26b64d78b12afa7a97a1,41773,34494,17:02:21
b94bcd04139a26b64d78b12afa7a97a1,41773,34494,17:03:22
1e2c60f49b8020819e2729f5ab96fb80,41736,11861,17:03:40
1e2c60f49b8020819e2729f5ab96fb80,41736,11861,17:03:40
e940b028c778597e4df7b8281c74e9ba,41784,40481,17:07:32
04663e553a53588a12fc70629373b1d4,63238,44901,17:11:24
04663e553a53588a12fc70629373b1d4,63238,44901,17:11:25
aff8d2db127f1a8c1a807e66bc965543,41744,41672,17:16:25
aff8d2db127f1a8c1a807e66bc965543,41744,41672,17:16:26
52417c478ab01a4112e8b74a98d577e8,41778,25313,17:17:07
52417c478ab01a4112e8b74a98d577e8,41778,25313,17:17:07
833e8bb664c288e0552e13624e3d70e7,41792,38912,17:20:46
7cf169d6747f7b68ff03b508c1dbed54,41792,7003,17:25:44
7cf169d6747f7b68ff03b508c1dbed54,41792,7003,17:25:44
6bdf88f8af5fd0f583682143cf9cfc06,41764,46391,17:26:14
6bdf88f8af5fd0f583682143cf9cfc06,41764,46391,17:26:14
0dd379bd953868578071f6220785bc69,53578,65501,17:27:38
0dd379bd953868578071f6220785bc69,53578,65501,17:27:38
d00bc331d8ac13d3e843d613ad68416d,41853,61882,17:31:09
d00bc331d8ac13d3e843d613ad68416d,41853,61882,17:31:10
fcaa2c6ea27bfaea6ba138db73ea29b6,41045,15822,17:32:08
06d03a83505d3465586d97b59cee2ea7,61722,36925,17:31:42
de59afc5a6ea41db80738bdd69e2b639,41744,11352,17:34:43
2ca83ccc05076eb2204e43cc7dcc5374,41744,261,17:35:40
2ca83ccc05076eb2204e43cc7dcc5374,41744,261,17:35:41
c03282604691de740e60c6fcfdcc0df0,41760,24545,17:39:53
944a40ec291d79965775399d62faffd1,41816,52385,17:41:12
a55e248978314f5875bbad4f68c512db,41832,44581,17:42:13
a55e248978314f5875bbad4f68c512db,41832,44581,17:42:13
c81d781cfa96d4048bb947edab0f7d99,41745,2311,17:44:28
c81d781cfa96d4048bb947edab0f7d99,41745,2311,17:44:28
c581b323ed1ba78f3f6eae1a71f8cda9,41760,12734,17:44:08
c581b323ed1ba78f3f6eae1a71f8cda9,41760,12734,17:44:09
358a053dd5a06beb597c1df7e357ded6,41760,34271,17:48:55
358a053dd5a06beb597c1df7e357ded6,41760,34271,17:48:56
b3c93cb73b174b2683c44da8c18f809a,41792,39521,17:49:36
97e0d75c939ed6ef0c91839e33ee8880,41764,39747,17:56:06
97e0d75c939ed6ef0c91839e33ee8880,41764,39747,17:56:06
820f7b30112ae19c9e976d69dc9e306e,41744,41702,17:56:33
820f7b30112ae19c9e976d69dc9e306e,41744,41702,17:56:33
38d0efbbece2981e4a4cdceebeb86677,41760,44602,18:07:05
38d0efbbece2981e4a4cdceebeb86677,41760,44602,18:07:06
c5b5f96cd86ccbfadefecacf1b694386,41745,1452,18:07:09
c5b5f96cd86ccbfadefecacf1b694386,41745,1452,18:07:09
a681dab0429db57413b31cc68f14b356,41821,51301,18:09:49
385751456ea29ad1ab10acf33d819733,41848,59688,18:12:19
9c6fe3556cb3351222f2bea286b5b7b5,41756,29082,18:14:55
9c6fe3556cb3351222f2bea286b5b7b5,41756,29082,18:14:55
0d082e13517969ea6b70b1c8194d5ca6,41744,22712,18:15:22
aeacc2e2bada121f31f79b9d51cae5f7,41745,25093,18:30:19
aeacc2e2bada121f31f79b9d51cae5f7,41745,25093,18:30:20
f9d6e3603cf387f75b9289ad25c84b1a,41776,36153,18:32:28
f9d6e3603cf387f75b9289ad25c84b1a,41776,36153,18:32:29
d10eb335292a6561fbdf55925d34808f,41760,44572,18:34:56
4ce4dd01b5f0c3f8ab71a76ba61ccb9c,41768,49051,18:38:46
2373825798ca3c54796946e1a17c8adc,41745,11153,18:47:25
2373825798ca3c54796946e1a17c8adc,41745,11153,18:47:26
c570269f485a55f3b21adb1859b0486a,41745,46781,18:47:26
9907a888057508cbcb472f39a22da10d,41760,44621,18:49:31
9907a888057508cbcb472f39a22da10d,41760,44621,18:49:32
3084ee9b7e903daaba5d775e549a399d,41744,11191,18:50:28
07c3bf475134e18d6d1ba8fd2b217ff7,41792,7522,18:59:37
07c3bf475134e18d6d1ba8fd2b217ff7,41792,7522,18:59:38
371e0d4530b6804d284ed262e5e43755,41736,41363,19:11:15
371e0d4530b6804d284ed262e5e43755,41736,41363,19:11:16
e3898e3995bc9b9d9cdd8411af35127a,41784,1734,19:12:04
21659205f409a059b9779cf7ce4aeba1,41744,26023,19:13:22
21659205f409a059b9779cf7ce4aeba1,41744,26023,19:13:22
aeff4118896d166da3ee4c019260124a,41000,14732,19:21:59
aeff4118896d166da3ee4c019260124a,41000,14732,19:22:00
c7da9576fe298369777d7ea06cd2570e,41736,9981,19:22:56
c7da9576fe298369777d7ea06cd2570e,41736,9981,19:22:57
59f67b2fe157383e99cc4311ea9bfa38,41769,23801,19:23:57
2b573265b9993ef49a9dfee8abc6a609,41736,6342,19:27:36
2b573265b9993ef49a9dfee8abc6a609,41736,6342,19:27:37
dc6c5ad349e37fbb9eb237c2b25c22b5,41744,46611,19:27:30
dc6c5ad349e37fbb9eb237c2b25c22b5,41744,46611,19:27:31
3cc8533cd07fb0f601077f02a917f562,33599,57287,19:30:28
3cc8533cd07fb0f601077f02a917f562,33599,57287,19:30:31
4c9a0e278c27e93ad13be2d332c93972,41744,30212,19:32:58
4c9a0e278c27e93ad13be2d332c93972,41744,30212,19:32:59
e59bbd681679a587ab330efacf448324,41768,27216,19:32:20
e59bbd681679a587ab330efacf448324,41768,27216,19:32:20
99c7edf7bd9e42a81e5333fa12627e8a,41832,39506,19:37:34
487b9adc433a17d2b0cca173c9135a71,61726,12101,19:38:05
61786f74cbd7f131b6ab7b4677a104e8,41773,50743,19:47:51
61786f74cbd7f131b6ab7b4677a104e8,41773,50743,19:47:52
8feb37c5230834c629682f9c0edf3992,42304,43331,19:48:00
8feb37c5230834c629682f9c0edf3992,42304,43331,19:48:01
9eb64e31ce0a07a81c9c5fabfb9de95f,41792,7456,19:49:22
b45c81221539cf7dded51468369dac95,41784,26571,19:56:50
469ff165fcf032bcdf1f25cf5d37b742,41784,44483,19:58:54
469ff165fcf032bcdf1f25cf5d37b742,41784,44483,19:58:55
2bcd88f413d451d659febc3aa87a88ce,41744,1302,19:59:38
9b356f93b35b4b323f412f7fd3e12d8c,41764,38313,20:00:36
9b356f93b35b4b323f412f7fd3e12d8c,41764,38313,20:00:36
53490aa2fc1840b5affd788e9e8862a9,57621,1849,20:05:00
53490aa2fc1840b5affd788e9e8862a9,57621,1849,20:05:00
80764d8975ac759adb91b4a872fcd5cd,41768,4033,20:15:24
80764d8975ac759adb91b4a872fcd5cd,41768,4033,20:15:24
c02ff01e83c0d511a847138e08c589b4,55552,4382,20:35:12
c02ff01e83c0d511a847138e08c589b4,55552,4382,20:35:13
3b0c4a8ccf9304a5834a5638be1b0508,41745,40703,20:36:24
9f6f0e2c987b0fc3c95efc19ca894be7,41764,24684,20:40:00
9f6f0e2c987b0fc3c95efc19ca894be7,41764,24684,20:40:00
9d123628427627261cf38831780b3f87,41792,7274,20:45:05
9d123628427627261cf38831780b3f87,41792,7274,20:45:05
59f67b2fe157383e99cc4311ea9bfa38,41769,23801,20:51:07
588cae1c159bef892db022c1b39358e6,41744,1522,20:53:55
81fc2ff6ceffda57af8997ef0b2d8f9f,41745,1873,20:53:19
81fc2ff6ceffda57af8997ef0b2d8f9f,41745,1873,20:56:05
cb2e70f4b9faf5b01c8bfdff9f497fbc,41764,11721,20:59:29
0bd4facbf497dfff1231ce166a42e3f2,41792,22931,21:01:00
59f67b2fe157383e99cc4311ea9bfa38,41769,23801,21:01:26
f0a247ceb5c63781b55d49453e2b3b5d,41792,7072,21:14:24
f0a247ceb5c63781b55d49453e2b3b5d,41792,7072,21:14:25
7b4933702c82eb58a2869cc298e52c3c,41744,28323,21:17:33
0acfb8c56a5ddd4b72d6503f384cbb5a,41764,10611,21:20:03
0acfb8c56a5ddd4b72d6503f384cbb5a,41764,10611,21:20:03
341dbf49769082259929cdaea91e0885,41760,4795,21:21:21
c547ba73d2cb37c0e1b675211f4248eb,42451,19221,21:31:05
c547ba73d2cb37c0e1b675211f4248eb,42451,19221,21:31:05
40ad35d5bff0f73227d28da3882462b2,41744,28543,21:32:27
74d68f0e11a3767877f5af452a8ef3b3,41777,36541,21:33:11
74d68f0e11a3767877f5af452a8ef3b3,41777,36541,21:33:12
ac90baad247fd1074d5628bb39278334,61789,2113,21:40:17
ac90baad247fd1074d5628bb39278334,61789,2113,21:40:18
06c52326c07eaa2911ae24aca8567712,63235,21543,21:44:29
06c52326c07eaa2911ae24aca8567712,63235,21543,21:44:29
8f62d30ea28a1fc391f5399688e78aaa,41736,5063,22:12:01
8f62d30ea28a1fc391f5399688e78aaa,41736,5063,22:12:01
003520adaab8f46098a0a0ebd08f559b,41771,27227,22:12:41
003520adaab8f46098a0a0ebd08f559b,41771,27227,22:12:42
151942c33dabaacbd428e454e844adc1,41768,24161,22:14:01
151942c33dabaacbd428e454e844adc1,41768,24161,22:14:15
151942c33dabaacbd428e454e844adc1,41768,24161,22:15:09
a540518b087965d276c15b5eff9fe8b0,41744,45252,22:26:02
a540518b087965d276c15b5eff9fe8b0,41744,45252,22:26:02
6e0e6d356adb3bb20d2c6dbfb2d302b5,41764,19812,22:30:35
6e0e6d356adb3bb20d2c6dbfb2d302b5,41764,19812,22:30:36
db605f81680ffaa2f54dda641d72ba86,58335,10833,22:30:52
db605f81680ffaa2f54dda641d72ba86,58335,10833,22:30:52
c8c801a83da7f536c46c900810431b0e,41752,38895,22:41:11
d9906be02e8eedd555bb7e0d9ab34e1c,41768,53111,22:46:43
73965562999ee081b3971b33dcce8880,41792,32145,22:49:17
b3c6a48550f3c4365cd82d5dcfa2a257,63409,231,22:54:30
d21da2de4f5a7ce804670b26b393e1bb,41745,40021,22:56:11
67d728970765d26d0a70b4bf90c65a79,41832,45714,23:01:47
67d728970765d26d0a70b4bf90c65a79,41832,45714,23:01:48
56e6b9e61c93c442511724586c3c0d7d,41736,5521,23:18:07
56e6b9e61c93c442511724586c3c0d7d,41736,5521,23:18:07
8f081a32ce10ab87bd912c0cb06f4412,46868,24102,23:28:28
8f081a32ce10ab87bd912c0cb06f4412,46868,24102,23:28:28
b7db7683557cf9ee1d7b20e678b51c7a,41768,8483,23:27:42
b7db7683557cf9ee1d7b20e678b51c7a,41768,8483,23:27:42
05b131867a95ca7b975dc1295d33e4b7,41816,55412,23:34:16
05b131867a95ca7b975dc1295d33e4b7,41816,55412,23:34:16
42f81f3db88428e1067db940633a6837,41784,2582,23:39:05
42f81f3db88428e1067db940633a6837,41784,2582,23:39:05
a6f3736a3756a926bc955fd49747342e,41792,23461,23:41:25
a994db1072d371f4f4c13036560d7439,33079,33451,23:50:21
1b4f13293a68a1dba9ae8fff96198df3,41784,21563,23:51:18
1b4f13293a68a1dba9ae8fff96198df3,41784,21563,23:51:20
