2e9184f948fb03be1ea8290d6c3753cc,57738,6793,07:47:18
a0e23df07609f6c6eff6997d4c3ddac0,41736,36531,07:47:22
6980ad92d92775c999b2ac19804cfe50,61786,9883,07:47:32
7695ffee9efbecfc30cf33bbeba92270,41792,47344,07:46:31
39e9b1d97a0702388689d196cacdf157,41764,9041,07:46:56
d19210665bad26c912f6b2346e4cff50,33586,21651,07:48:22
b9406ab3ec79d820ed1ab7607789a2e6,41792,14521,07:47:31
a572c0580311eb812de43394062936f7,41772,28025,07:48:39
cf0bfcbb6148029463ec795762943764,41784,37901,07:47:52
0433d81852df696d60185a2fb4b48da8,41744,26401,07:49:39
367f210b58da8489a997e21d437e0ba9,45399,14642,07:49:41
ed5dd2343a66e5dfbd0211e02fcb4eb9,5648,15303,07:49:47
ec89dc677d967296aaedf3bfb0d81b1a,41760,4371,07:49:57
78677470d4faf5765ac8b773c9a5f35b,41833,42072,07:50:10
d27577f8d2be68fbb18a05291db7f0b2,41744,25672,07:50:31
aed17642af3daac4f14a2ae3836dee82,41768,53905,07:50:34
5f61424246d318368ac50b389aff5e75,41760,38271,07:51:37
3bcf3fe2a49c9e9461c59b2cfa184da3,41821,51272,07:49:26
e10893a79b412bd28ebf0663c9732f84,33573,3139,07:50:12
e10893a79b412bd28ebf0663c9732f84,33573,3139,07:50:36
e5459e16e15e1106dabacf12af91ccfe,33582,5052,07:49:29
64c2612c0470131688f2ebe9d5bca490,33596,3738,07:49:46
df11ff984a9a3c0d3f9a7e9ebf642706,41745,2562,07:50:01
df6b32ca010cac9ab5cb5a18629cd096,41777,30893,07:50:23
dcd7c86b6d9771ef723a75935c21c408,41816,47063,07:49:33
a538ba39b591da35aa8d0456cae1cee2,41784,40481,07:49:46
1d26e6b4aa95a34bfbc9b1b30463b67c,41760,4881,07:49:52
5c7a980402d95fcd01d8683e6bdcd133,41771,5803,07:49:58
74854a924897b455ca6aebe58271b68e,41764,8864,07:51:08
1b16a64b70488247dd22ba3dacb6d81b,41784,37901,07:50:48
b0f59796ef0aa6844de9ca7a96faba83,41744,38161,07:51:12
5854bcc81fa990b3777897034c9da5e9,32788,23602,07:49:48
7f4f69153506992fc5a9f6225634f5fb,33551,39662,07:49:37
f567623ce1004d9332d2df1e4dde1bde,38496,1827,07:50:09
23169949f0ab1fb39421e1b2a58af026,55234,2061,07:51:13
c18380d40f11609b17120160cef4b1b6,41832,38033,07:51:11
ada077fea91ad7701c020121c9d7705a,54579,11343,07:51:02
dd639478f648cd43702153d59088468a,41764,15901,07:50:59
f017eac35ce279a8bd940159f198944d,41760,44632,07:52:05
38bf753d8767937c196f311f930f06ca,41776,3061,07:52:14
88f293ebd6218239ca7ca81ce4bb11c1,33576,50590,07:48:13
5330e5f278ded0ad3ce816f28aa82d2f,46346,2071,07:51:03
58261b4081179b538253f814fa5d496d,41768,53971,07:51:08
3c7cb3f9e5cad38cbd590ba09930d734,61763,7082,07:51:20
fe18ece11b96d2adf97ea53feddc4f7d,41784,2442,07:48:39
b9dc051894b8671127c355794bcf8ebf,41768,55406,07:51:43
d5929c63659464f319989f0d2f2474cf,41744,46792,07:51:37
724962f8c741df45ed709dc4700007b8,46859,18323,07:51:53
5b5f1db572fc87500fcd567abb7069a3,41760,4862,07:53:13
2b3293273dc5ab16afdc364158cef065,61769,3253,07:50:28
a0e23df07609f6c6eff6997d4c3ddac0,41736,36531,07:51:45
eedbf6c864b91d7636902a19b498bd8c,41777,34841,07:52:35
d8e4e0b56aebf1dce40bd12b7c9c5e49,61839,1574,07:52:37
d8e4e0b56aebf1dce40bd12b7c9c5e49,61839,1574,07:52:37
79b89068fd78399a503c82ff4decc293,41756,29361,07:53:07
367f210b58da8489a997e21d437e0ba9,45399,14643,07:53:20
67a86d132aebd9c79991339dec02b327,41768,23583,07:53:27
67a86d132aebd9c79991339dec02b327,41768,23583,07:53:28
8ea6cbe8812d3e42970bc130c097149b,43045,10231,07:53:40
e44809fa1066f61174c6b2c68413da02,33594,10029,07:52:17
3161c650e089c4b14b99249f1af48175,41744,18583,07:52:52
076e78589622722fa529b151bcd3d8bb,44089,22672,07:53:43
33739daf6947a93114147d560c5d90bb,41744,30395,07:52:27
a249d9f054bb1b67513e00910629b750,41768,8685,07:53:21
1cd263a6245496d2532608ec246f1368,41760,31443,07:53:05
88a1dc353c586cee5b9a587b082c47d2,41784,22922,07:50:24
04c8c8177f83fd453381b53f89a0faaa,812,1936,07:54:56
3ba23400312d3d28ee0e548c3cf8a6ad,57625,2123,07:54:59
a2ade0cf9e5845641a70dcddda6b6055,61720,43902,07:53:47
f2661ca05126e8053cf217fb2d795a50,41832,41105,07:54:17
148784a2dbc203f4d307e8b38a708c20,13441,2331,07:51:41
b4e64460358b3b4d6d6ae47e56d28d57,33562,15749,07:55:01
51fbeb5f027e75acdda59ec140bf41c4,41752,11882,07:54:14
ed5dd2343a66e5dfbd0211e02fcb4eb9,5648,15303,07:55:24
38bf753d8767937c196f311f930f06ca,41776,3061,07:55:25
f5d234e270b003357299ffc1f85c08d7,41744,38152,07:56:19
afbdc60b6d6051aadb56e54658793150,41784,2181,07:56:29
e130998e519fe58d415662f082c0bf30,41768,27951,07:55:41
0a8633e33077b9619048f7c846e25232,41736,22952,07:55:57
b427ab3183482c3c003e7b22cc71704e,41736,41243,07:56:28
40cc8fe6bd5756db96f08d5830caacbf,41764,23022,07:55:32
c263275cc0dd7b7a8fec6cdbe0007e4a,41760,4571,07:55:44
771276ba04ff0dff14e47653347db228,41764,9412,07:56:05
3aa6b65cc8e1f427a18ace481e3c7614,41776,55971,07:53:34
28adbf241ec0d51da727121c765c789d,41768,4592,07:56:37
8cbb3b28232df56455b9b1155128eb2a,41736,41402,07:51:42
9137f33f59037634e3e84e4218dc0437,41736,19161,07:56:03
96d53c0a95c7f437fe29259d2af55cce,41768,53222,07:56:03
579ed64f68ae465a1876e54771688961,9639,23102,07:56:15
be644b4dd39f6790b20d8545f8b95be1,41832,45013,07:56:22
b255c19c15ce100d2196c720bb7a7ea0,62724,24742,07:56:42
9b021050f23140cfdc28fd39646ec2cf,44086,17531,07:56:47
431e2b67822f119b3cd57594722badf0,41744,22003,07:56:40
4bd2778efe859b02435696420f29ee9e,41756,29346,07:56:50
4ba3d592e0d1e27b19a45ad11ef0dc11,41745,42375,07:55:34
355b26808534daeb734755c4cb6a4c98,41784,1953,07:55:34
4de2a843b4d57783dd9d6a8ef762abc1,41752,3212,07:55:52
3adf4edc6320f8c84d38ec8ce46d2589,41792,22451,07:56:55
a9edb61808e1e44115384b59bfbf85d3,48416,26793,07:55:33
ea7145f19760cdeefdeefb7e60c3bbca,47019,15013,07:55:46
c0d4c15506dae69fd3ee559ca6f74f82,41744,732,07:56:32
927bde292fbeae29ed850afb9973c95c,45456,12792,07:56:33
ec1d8ae2d4a83e7db5fd8a83cd76640f,41784,21544,07:56:53
48e13638d0982b52dd89cc765c39975d,41824,51191,07:57:33
94a865824906dafdc58f9ee3c4ef91bc,286,15291,07:57:47
a2197ec936c397e6ba92459a3778a24e,41778,33566,07:58:16
007022cc56abf0981fe5c6303499581b,33591,26322,07:56:51
d0a76566424df6b8d92036a1832e0e0f,33570,43281,07:54:31
21e694bb9cfc19feca80689793704505,33577,16057,07:57:53
8486b8bf1ab5521c49dd71631f4f75c4,41753,40583,07:58:16
c3fbccf64ae732d61464605968f1bf79,41752,39331,07:57:56
66b660779244cb799ed6a2cdaaf4bf7d,33588,55048,07:55:12
051cef27ddbcedacf5be81273e5b22d9,41744,45256,07:58:02
f087c8545273b33b184b38eb2c8c0ff8,33586,21668,07:58:25
a8debf317d961e762d6b8c952d3049fe,41736,11023,07:58:30
5da22dc07086ce45691564271415795b,17695,51156,07:57:17
ffb4107e8c48ff3765fea6af3f6cdd10,41848,59235,07:57:09
59518b19f0916ba8877de03249cd505b,8552,21103,07:55:23
ae50e17365781f2368d963da703969df,41744,1762,07:58:52
e98b87ddb6a8f4b209897a9332a28686,41792,40814,07:58:54
c7a99993009220e54912df7c127b4997,33580,980,07:57:59
c7a99993009220e54912df7c127b4997,33580,980,07:57:59
f2ecd77bbffe65517596efa28eee31c8,41744,32491,07:58:05
46fc3f5b62ffdf473f6974a5257ffaf9,41736,22221,07:58:45
85ff1cea75219957d525f9899c4f6164,33564,13178,07:59:13
927bde292fbeae29ed850afb9973c95c,45456,12792,07:59:12
94a865824906dafdc58f9ee3c4ef91bc,286,15291,07:59:42
202b0468461749864c0c284e75660bd2,58113,54815,07:58:51
202b0468461749864c0c284e75660bd2,58113,54815,07:58:51
7e361c966c15aa5f203681b9d932390b,58210,40052,07:59:05
148784a2dbc203f4d307e8b38a708c20,13441,2331,07:55:59
e10893a79b412bd28ebf0663c9732f84,33573,3139,07:58:50
4ba3d592e0d1e27b19a45ad11ef0dc11,41745,42375,07:58:53
e5a1d368946c33b4aba7558348706117,41736,6235,07:59:52
c3138f22164d94eb0628f18c7e6beb34,41736,23262,07:59:25
a57157c5eccb999f52e66dd63360fc8d,51102,40573,07:59:40
986ca4f291f30f0a0a3d41a8a01eba69,41736,10197,07:59:49
5bd76fa1e0d2216578b581bab7853fd5,41760,44721,07:58:55
0a8633e33077b9619048f7c846e25232,41736,22952,07:59:29
54dcc6df2211be59be0db3c1a086d023,41760,4534,07:59:43
5bd76fa1e0d2216578b581bab7853fd5,41760,44721,08:00:24
f40281fcc9986475624fa61526efe3b3,41776,27993,08:00:26
c3dba19f810c69c95671703d6c8e5139,41752,30943,07:59:23
5dfdf46c049d56fa309a51ba2b5a0041,57633,17671,07:59:33
4bd2778efe859b02435696420f29ee9e,41756,29346,08:00:01
a5b3f8765f7f4a44ae5b6035ec0a2976,41760,44641,08:00:53
0850fdf7db862f0e0b5875c5ab78dfee,41764,10242,08:00:49
eaf3e24dcdc24da4f9f75e37af048d70,9235,16172,07:57:50
77fc94a60c2574914f2f5a2f1699e237,3301,20112,07:58:18
a64281d63da972425aefda25a263ab31,56336,11314,08:01:04
099bbd2549400d21e84be2a456568097,41768,33101,08:01:02
4b89781a8e8b3a8a0a636d9702bcfaf3,41792,22193,08:00:22
58ad3946b2569b841c5d6cdc4ffaddba,33596,10360,07:57:26
8fa3d05ef917771bcba46575fdb9dcc0,41736,5421,08:00:50
decd2b4ea474a592d47134d08ba22d70,41778,33784,08:00:48
90c7cc08c36fdee82f7e2345746b5ed5,41822,53483,08:00:43
ac7bb01975dc05274639d3145c7a3d76,41784,2392,08:01:14
aee52d5243aa71a9b1a9aef419effbe5,41736,5241,08:01:01
fb78f63ebe2295e70172ff803efa4704,41833,42953,08:01:07
fb78f63ebe2295e70172ff803efa4704,41833,42953,08:01:10
fb78f63ebe2295e70172ff803efa4704,41833,42953,08:01:10
98b578fb633d457854c855e53b8fee76,33552,14947,08:01:11
30d6976e131f5f98f3e74d413154c49e,41822,50192,08:01:26
5a8a7114a09aba965ef0ecbb199e4eb0,41764,9067,08:02:22
9d67d57c87e6d5c560ae39f01a702a16,56833,7497,08:00:55
501fa2bf6c143c7aa597303654ae4693,41760,40762,08:01:17
f4f374b6e507da5c91c90561fedc5685,41764,39752,08:01:06
ce68a3b10fca64f83c2c00dd301e0ed7,41760,44571,08:01:43
f68fc05aac9f391d63224a23c90d820e,41792,22475,08:02:13
4bd2778efe859b02435696420f29ee9e,41756,29346,08:02:20
3eef33b1fe7c192feafb58fe147ac97e,41780,53572,08:02:41
e2125a81d0fb4676f1649ba38106fad9,41744,37926,07:58:48
3a652dee16c47edd79bf1b8aad6a28df,41764,39758,08:01:41
61918f7b30153277cafccbf81e6ba893,33566,2391,07:58:32
132efa1658952846415a767245e3eb0c,41006,10321,07:59:35
25b6a47afb82e7ccf6cc16bfe9223ec1,33593,28981,07:59:33
53c214a06275807a453c9ff274d1c621,56338,19996,08:02:40
f087c8545273b33b184b38eb2c8c0ff8,33586,21668,08:02:58
bca718bfcc9f4343c3aceef7ca6b13d7,41744,804,08:02:36
ef2d85ef32cbb57749b0c11bcb901417,41760,16294,08:03:20
823b5c4e3e06032be8df8d5f3e136583,41816,48643,08:03:08
44c4d3a324de4e1ad5301dba63675e9c,41744,22002,08:03:12
44c4d3a324de4e1ad5301dba63675e9c,41744,22002,08:03:22
0453b189b88d4001611e3f30c1a6275b,41816,47432,08:03:58
168df49f7392d616172f5e729830a311,41752,21574,08:03:57
cfb5b7d4d1ae2dfb6f7228ee1dc6f90d,55100,23582,08:00:46
5db0c9299eace88cf90268be3088cb5c,41792,38242,08:03:59
f14cca64bc07400edd9d94017c209f07,41784,37883,08:04:26
9cac8831fadd77ad5aed3b2ee9b85352,41832,38251,08:03:42
4a04c94f696ee6904d1763daeb42fb17,41771,30851,08:03:52
fc813f07c5aeb7c3f23906df2752bffe,41777,24513,08:04:11
f9450fe08767dab67b07f90caad3fc7a,41784,45752,08:04:28
e000df1a5f14346acf20df4c6bdd9307,41832,38371,08:05:10
785fc60084c219c399d49374cff7afb2,41764,39582,08:04:19
5ee577668857fa064d21df8beaa7b46c,41764,9943,08:05:07
00a2d96f4da2d65b8de1fbdf485073d3,33591,22818,08:02:45
ac90f2416c5726409eaf18e1ab8eebf7,41776,863,08:05:02
1fe921ec7523e4bf6d991319f14d2f2b,41744,37922,08:04:51
34d96e654ecd1e267246d3134fb5a418,41777,30942,08:02:13
a9f1077ec195b23e9433ec191c1b09cb,41744,1522,08:05:43
a6d5f8a2f0f63bc737b576a67c4fc4f1,41832,38694,08:04:46
b61e42a610c610ba943280c05f4f705f,34310,4664,08:01:45
63c69ce31bb8b1054d2afeb3c83f2f05,61857,64522,08:05:11
fd89616211e28e807d78ecc6e3d4218d,48083,13711,08:05:15
950f52589db17e8d8eafc3c5e91e6730,41744,512,08:05:24
f14cca64bc07400edd9d94017c209f07,41784,37883,08:05:26
85924eab32818b478bbbd61228576ed7,63233,51735,08:05:36
a1ea79cbca8b6c3b45607ad3011bd0b9,41744,25731,08:05:31
1f7b61998439f0b57435e1f64b036bd4,41816,47491,08:05:51
36b95ca1492742b3768cfe8cd7c3d81e,41832,45723,08:06:02
6b96b5ea37e32f353b7d964a94d0183a,41744,1502,08:06:20
cfb6209c4b7106b8ee13258edf10c5d1,41764,8872,08:06:32
22fe81d25ece82d907a9eb430260d0d2,41760,27991,08:06:56
570842ddd685082a2324867178226543,41736,5533,08:07:17
55d37f8088334a6ec12622dffb2f1a21,41744,38511,08:05:53
a304194c2a85652fc2a7fca270d86c64,42376,58403,08:03:30
0902b607e0b0721dbd49808104ee1553,33586,15804,08:03:29
8658682b38e32cd5a2b4ad8a235e1abc,41764,191,08:06:01
25094dca198aebe535d6543fdb37bf2e,41820,53021,08:06:34
8c3acf15cbd54f8c5455e8d483dc6f9c,41736,5375,08:03:09
07992f4a28c1ad23dbbd4a0a9ae1d48b,41745,22436,08:06:15
358ab44eb9cd5382d198a438575cf89a,41772,28106,08:07:00
f291285d6be398398a3e0cae5699bbb4,41776,48463,08:07:02
563fe750e33d686807bbbd403c3f7f4a,41760,4471,08:07:48
193330df670c778132d8e8dc1ae6b8fb,41784,1511,08:06:13
f7c0840baf770ca1569f8342ca878a1b,41764,26881,08:06:33
1cef674cf35af80f3857c7cad4ac352f,41784,2572,08:06:54
1a1c065383a46c4778a69c126cec5c30,41764,24161,08:07:55
e14181aeb9012bbc17379ec34cd959d2,41771,53666,08:06:29
3b3a58f93d3c20d76d7d9c1abfa94f94,29472,20483,08:07:59
e1614ab4cc50f6971c38f73106247f9e,44084,33572,08:07:34
35fc45aa0109b281a7d26e1551bcc5a8,41760,4886,08:08:11
76b18d129ac3339b61e5a0727036aa23,41792,8021,08:07:45
5d3334652d6c529ffb3d290eb98189a8,41784,2171,08:08:00
3ba36ee23913326825930623a05f338b,41776,10031,08:04:56
a387c2071194f531887851f3732a11e2,33599,55982,08:00:04
8384bf6a0f0796a6a40e395b58f60d0f,41780,30805,08:08:17
ffa822d490b8c3c3c4614b5f41546d24,41792,41932,08:04:56
eb864b1632946d71d2e46410d5f98471,41777,1691,08:08:07
0293d9aba8074eadf10346e69d9996c7,45408,1004,08:08:12
339269c75afac11d8817a62cc9d5544a,33566,10594,08:08:34
fbf5c8191f709e00d544dea107fbfa34,41744,603,08:09:22
fb1999abf8383d55518cd751ec9682bb,33568,12186,08:08:11
1a514d0399305e4f7bb7051f0903c63d,41744,46173,08:08:48
4ef4b4450ac104cc8b5f68eab3e62b74,286,15233,08:09:25
e2e564bb2d42afd45c1784232e7ba2db,33558,43740,08:09:13
6463b6e87c4eaaadbc49c0726db2dab9,58125,49215,08:09:12
c76d226f87a91d7daf3310494cd62001,41760,4401,08:09:11
0e73e61af1280e56e06fb430ed80bd3a,41816,46329,08:08:32
b85b9808c5e6994a31e64fc0e6143252,41753,39341,08:10:02
3d3b01a22a7803b4b2ed9bfc662e3916,41792,7461,08:06:20
866ee7f7db722ed0dea0be2228023a5e,41771,32653,08:09:18
72892ac83fba2841845592e6e22dac10,33591,21001,08:09:32
feaff7d1eaacd49cf54a8126aef0d740,41821,2732,08:09:35
9770785204ae36d3668b5316598a3423,41760,44571,08:09:06
767fdaf6ed1fe3dfcc16aab7b5e057e4,63763,21661,08:08:58
a4b162d705df1e5ad7bf258e35fe2f5e,41744,531,08:09:18
4b6f4010c1d038e61c67f72056ea1e99,41771,34972,08:09:16
61d5dcf6e38bc1abef14ba3e682b76a0,41764,38202,08:10:12
168f568db2bcbaeed24eb35ca9a01d53,33591,5930,08:07:05
6cbca8746e25f962d10ea93e6dd6c422,41752,26271,08:10:21
b4071e188e5ada4b85da34e24ec63688,41768,24193,08:10:44
39d021bb9aeb261976bcab3dd6d3b63c,64772,5401,08:09:57
66e47e5451860870b88f1ce2af553573,41744,11353,08:11:01
2e330223377ee0eca02a06cddea306b6,41744,25113,08:10:49
a1ea79cbca8b6c3b45607ad3011bd0b9,41744,11603,08:11:31
0e6e7e80f81df0450e3e66c8b5341980,41736,6024,08:10:26
bf5c02d774dac951801bf41f9d0f97d7,33553,30220,08:07:26
a468e4b135bed8a6cf6bde06cfdcef8a,41768,54421,08:10:48
8f35314100fcbc771d5b98f8cf18a722,41820,51012,08:11:14
26ba1caf161a6e86d592edd5211385f2,41768,55922,08:11:27
a9f1077ec195b23e9433ec191c1b09cb,41744,1522,08:10:13
8ad0ee6c7c49ddbeaf5def057267df17,41760,43032,08:11:10
f337c33a8ed54fcaa4d335e2880d3bb5,41768,27623,08:11:33
66ee8ffb524743723c4b5f4883917b24,33589,46172,08:08:27
32377f810bff749ff1d06a0ae305dc94,41768,34552,08:11:42
2ba0e946b10752a16335bd45e829bcbe,41768,27102,08:12:07
dbe5d439424eafe47f2863165f871bee,41760,38271,08:09:05
e397231f74659286233754745fcf1dba,41744,284,08:10:04
22c967529f002381c49c01237c2cd09f,41820,2851,08:13:00
193330df670c778132d8e8dc1ae6b8fb,41784,1511,08:13:00
76b18d129ac3339b61e5a0727036aa23,41792,8021,08:11:43
9050061a1d4cfd6929d933dc54321cd4,41771,3731,08:12:22
90de458e8fcfe5a9c588dda0168288de,41792,42393,08:12:41
90af6be1bd5f5e0d6b9d73f66d207f1f,55052,19971,08:09:18
2d33cce0a4de0faf79d003324606d40f,41833,42003,08:12:42
4dd720fa178561c543cd2500bb83b3f6,41768,52602,08:13:02
0dbe688e7c79e850966a49c03919fd41,41768,36252,08:12:22
81a58db9cda4603f1e46045d609b89eb,41776,54372,08:12:20
dc27c7c0034613fcc82b7bcf216d7955,33577,27300,08:12:37
d6f43769027e6ecbe8b03f3dd2541ec0,41816,47191,08:13:16
ae933b4086b8096a76c7199a0e64a613,41745,1533,08:13:20
f19caa446b4620e2b17899b4317eab5e,45838,40931,08:13:25
437d3da2e4be3e8725d742855b20bd71,53529,59471,08:10:52
13d0745f4a6d632ea1353dec52423c05,41745,14391,08:14:13
430d601b8556e8f542aca03744c2b47c,41777,50854,08:13:18
a5c759f2bb6746b690f07c1fc12d88cf,41760,26382,08:13:58
357459ab52e691731178b2d02664a7c2,53576,16372,08:13:43
86f64dfe44747da690fe1186863a384f,41792,44213,08:13:27
ff89b4f23de47c9f3b1b429f0c48b78b,41848,59372,08:13:34
b37217366b733744714ecadc9fb29806,41753,26133,08:11:39
95966b8660c437204e29efc2128fe050,33582,8636,08:11:15
d85a16847edabeac2f6ad8750509c577,41773,54972,08:14:06
7a9a3e93dffcc129d480e01c860329c9,41784,28284,08:14:39
17346c730a88f92232ba08c054e7627d,41792,28473,08:14:20
390f089d47edc509e829393597c4c178,64997,10212,08:14:33
978d120f2445de379c34c2ec2cd91c36,41784,12022,08:14:43
dc27c7c0034613fcc82b7bcf216d7955,33577,27300,08:15:18
aa81123b24c92f848c3caba77a5f1120,41760,4572,08:14:20
b2f450bc62298a334f41ead4b3f777d9,41768,26582,08:14:43
0453b189b88d4001611e3f30c1a6275b,41816,47432,08:15:19
54d7583bef2890a0ca78845f53b6127f,41752,21862,08:15:31
7aa7debd4da0a0ac74f4d11e29deed57,33566,28166,08:15:28
7365bd3a4135d3c795f5573264e3197a,5908,30173,08:15:14
6381819122e25095f5c649ce16ffa553,41760,9732,08:15:04
daf2d4b93abd64fb0ad9d4c971376a6d,41744,631,08:15:40
aee52d5243aa71a9b1a9aef419effbe5,41736,5241,08:15:06
d68ce8cb307ecf38b7c26090a8bdda36,41784,44488,08:15:24
5a8a7114a09aba965ef0ecbb199e4eb0,41764,9067,08:15:27
2e266bb8c466adcbde480416e8940a33,8650,40025,08:15:08
7c4f266387e90ce1936f3c8cc70fd250,8635,1253,08:16:33
7f0ca3d44afbed6009c8ead29bbc9c44,41752,9765,08:16:30
3ec6d71903352100313fc22d19c8ac77,41745,46488,08:15:46
c06b1af2dd40a1c5696e6775ec67c596,33565,27991,08:15:57
c027cc6fa05207a8b8cf75783dfad64c,41736,22951,08:16:34
c437712bb691e85ec3ad30ccc0da1ddc,41744,45283,08:15:51
017f0671275281219e87cbbc58d61f7d,33568,20499,08:12:43
b37217366b733744714ecadc9fb29806,41753,26133,08:13:41
20b362b82cece3d5e0cf23f3d0d96a52,59138,30223,08:16:45
edd358cfdb59487fa7703cbfa537a52d,48068,11253,08:16:36
13d0745f4a6d632ea1353dec52423c05,41745,1872,08:17:28
32377f810bff749ff1d06a0ae305dc94,41768,34552,08:17:47
1165879dbdf6542074457c1f3aedb6b7,41792,7123,08:17:30
eb864b1632946d71d2e46410d5f98471,41777,1691,08:17:58
1a514d0399305e4f7bb7051f0903c63d,41744,46173,08:18:28
b5bd5780984db9bf057c4eb9880f74f0,42452,16911,08:14:18
5e500339598677990a0009523cf102ef,33596,7959,08:17:58
4862a863c3a1508875ba458f63bd4d57,41777,50831,08:18:42
31122e586bc738fae3f3696d8b942ca3,41760,8633,08:17:19
25e797226340808d0fcb8dd3a6bdb397,41764,38181,08:17:35
6ee4c9fa7e057eea378be016bd5c8b67,41848,59814,08:17:51
4e4a0e7b1fe816ace034dedb47acad0d,41744,29042,08:18:14
8fa3d05ef917771bcba46575fdb9dcc0,41736,5421,08:18:23
2206565e849686ab801cbd462ebbafcc,41784,9651,08:18:11
82841a9a52c833268a8a3a5863ee2516,1819,65404,08:18:19
4cdacd3f48ba27fb80207e9b814cbb4e,41736,25511,08:18:22
e3d6da7208742ba3a2adbfcb2580bd5f,41823,50491,08:18:50
5f7ccf4004e2a6bf3fc2ca07ec55eed3,41768,24122,08:19:04
05b1e49c67b34ed35818af1eba8c3c54,8522,12229,08:18:41
9676b2cc535cf62c76c4908a2ad75848,44094,36231,08:22:32
bd41e0bda4cfd8be50be65ba9e8ed146,41817,47982,08:18:54
b4c9b2e6deab7aed7eada4967e91b0fa,9535,17363,08:15:47
a3e82f73166aa41ae37c8027c93694cc,41823,2353,08:19:46
25e797226340808d0fcb8dd3a6bdb397,41764,38181,08:19:01
2607d7b7b426b1553d7500db91b7f782,41744,5272,08:20:05
a3ac4a769f0a45f7b41814f085d3674a,41764,40602,08:20:30
6381819122e25095f5c649ce16ffa553,41760,9732,08:19:57
feeb8d1a6e04939cfdd7a86909972bc4,9645,21546,08:20:01
f8abdb611d8780c8ac028f45f933e72a,41752,38061,08:20:33
bba7a5e461c24706460efcaeceffb847,41821,51273,08:21:03
38cb0ece631894348080153b4e604e4d,33589,41412,08:20:14
68bfbb7c5ce9d564e43a716856d40d3c,41009,11111,08:20:54
b4c9b2e6deab7aed7eada4967e91b0fa,9535,17363,08:17:59
fa15e520c195ed8af8d206bdd49757ef,41745,1709,08:21:10
f374fbfa4c0220ecf58bf006e6d2228b,33561,42611,08:17:39
7e261453c674aee6811b7e49512137fb,61828,2583,08:20:45
1e9f2da004e81f1f9133cd09d38c68fe,59176,17706,08:20:57
22aa4e903c98978047ae66baa108e4a9,61838,4782,08:20:13
330acc09510c43fcade225a5dfdf4afc,8414,27468,08:17:31
971d0bf36ee5af265bb7f1866c1be79e,41776,25059,08:20:29
e9ab45514b33abe9319b068c81840e7f,54656,15801,08:20:34
983c85683ca722decbd76e395ed3c4ad,41736,5451,08:21:16
7f6214560c76be6da169203e4786fcf7,41792,7642,08:21:20
7c093bf3393e6641260bf361c1d9c519,41771,34303,08:21:02
8d75b7f00082b3f537823f45baf8a4ac,61876,5645,08:21:06
d4cf0b5cdf138b76cfdfb44791ccd4f6,41760,26382,08:23:45
2d852f1469aab843c566ff521fa78a81,33577,14594,08:22:04
93aeefb7569f8b7f0ea373857c61659a,41832,38463,08:21:37
fd168a97eb5a88d148345e8c3b45633a,41823,1352,08:21:59
256c39145c632a3cacc3283219567b79,41764,12854,08:22:27
715e9731ff475efa8342e4d066f8675e,41784,37901,08:22:56
f7b7a6b58565acbe3ddb9a51327e9ce5,41833,59161,08:22:18
23b969da096dc7e6b9635468a955db8d,41760,31481,08:22:59
4a3d85ce158ab2261fa847e4a763cdb0,33568,6197,08:22:09
c44814ccbb57d1147c9babfca90135aa,41792,38251,08:22:56
22a1b57762d81c13818e6508252fa3c1,41820,54731,08:22:56
da09a76db21e97d38f8b2d2564e75109,41744,1313,08:19:48
d0a3efd35adcbdcbd76d007a5e63d516,53506,56852,08:22:44
672738b36f2b5030eff50db24463b3c8,41832,45722,08:20:42
ddd5813a86ac7ad05a7b555343ed2cd5,41784,31673,08:22:07
bffe795fdbb73a8534235f2f79b44b02,41776,51742,08:22:27
d45a130feb7c17cd8bfb939a9375e1c2,33564,7965,08:23:18
274b63f24fee9e17079863c7bd7c2309,33568,21395,08:19:35
6daef9a5aef8770bdbb3c08388f76808,33573,7461,08:23:50
edc9361f943ae6f163d1ed4646d89be4,33592,12787,08:21:06
eec04243a06114d9b8570bd6605e01c5,33599,55159,08:24:05
4be47304dfae04b9ddd5c4b05f856057,41778,53422,08:23:21
6d21aa8c2aa959d3e90fa4a2a685d781,41760,3983,08:23:38
ee84dab05d4bde74b4d4709fc42cbfc0,33565,19954,08:24:23
b060ee2969445a5de2a5459d19b44448,41756,29292,08:23:37
2e3209051f3a26f79d0986e35a7a3c94,53508,10211,08:23:59
0e7cdb3a597fa7bc6e9dfb679352d547,41753,3802,08:24:47
18533605d3e9d962a907ac83c2cc10ab,54684,12263,08:25:18
4c887547673f9fa7645c69a2dad63b85,41768,8518,08:24:59
a6dad4aa57851cb94d5330c474f97ce8,41764,9451,08:24:55
7a175e6e8f835c9b92d0f2f54553a355,41816,52253,08:22:44
dffda3dbb24eadd88bdd6445091132d1,41848,45085,08:25:33
e6d9b87faf1f6d0722f0efb540134bc7,9535,59195,08:21:17
017f0671275281219e87cbbc58d61f7d,33568,20499,08:20:26
1baf6e45d35b7aa810a0b024c622010c,33560,41196,08:25:50
07111231f05c37421b4e205d1f43da28,41784,20351,08:26:16
06d2bb2a2d0dd5d84ca066f3ebaeace9,50437,55911,08:26:20
2fa37eb3d7f9c96e7b6364c018741e6a,41752,3551,08:26:33
16c5ccb531b9beb694b43ea9aafff743,53576,6083,08:26:36
cd1211da9a82dc0cec97bccda042fa4e,41744,37932,08:25:38
e2f09b7fe9880ff0060c7db176bfee7f,41744,1353,08:25:46
ace163f70e929c5be34ade1183c4c9f7,41744,39674,08:26:28
d6523743e531211662147c2abdbf09a1,41832,38753,08:25:43
8880135d9212f96e1134b4dc08f80380,41776,27491,08:25:50
3212d6f294809c99188ebb3f7bae28c2,41752,32212,08:22:44
594e799a1cfa027b70491f16f1c18af6,41760,14591,08:25:44
eaa9bc12b723d7d7fd83a8f0203962e7,41832,41042,08:26:11
f714ce7c7139767161015736a0b68549,42246,2972,08:26:12
ddc1feae0d5e60c152573bd1a5fded0b,41736,39413,08:26:38
6daef9a5aef8770bdbb3c08388f76808,33573,7461,08:24:40
f9f844d6f8e9eb61f5a379afa6be445d,41745,2355,08:26:41
d08d5ac9bc02f41f7ea254fff859e98c,38512,40097,08:24:25
09567cb6e63102ae3751a6cd7eb37987,33097,50071,08:26:52
d8b8f54bf68751cd3a40f0e75be88fc3,33558,54422,08:27:57
1c4b74b521a95918adcbc8d327e0ef57,33590,26640,08:27:04
d0a3efd35adcbdcbd76d007a5e63d516,53506,56852,08:27:19
6ac5048b89a742ceb0bfef2f01cb5d3e,41784,38142,08:24:37
6ac5048b89a742ceb0bfef2f01cb5d3e,41784,38142,08:25:45
0ded1bc5727eff4333c096addd3874db,41752,38361,08:28:20
a0fda50e4d738aa20a912d9ead64bd78,16418,12732,08:27:27
c92a54b0c5c949b325fb9d3a3f6cd694,33573,22050,08:23:52
41720c94af87f02cf57da2d9b579bde4,41745,1566,08:27:48
d08d5ac9bc02f41f7ea254fff859e98c,38512,40097,08:24:51
25e45e72ab9edd1640b1873bc61c707c,41744,25112,08:28:59
4dbe639ad4a7a514d41ba2e923cac555,41792,7051,08:26:44
1579995dcff8f1679e36e9dee25c12a6,33592,27912,08:26:11
f0c02c86f06473e992c5a548fa25075b,41745,25103,08:24:50
6d095c24110ec60e472eb2ffeca35365,33567,29089,08:26:25
c1f2827f9da5612e6eb0dc2c1fa097a4,41752,23709,08:29:23
fa30b0e4b4c22244c2ac81829f709591,33552,4165,08:27:06
96b6519de268636560347179874dad24,41768,52262,08:29:03
6daef9a5aef8770bdbb3c08388f76808,33573,7461,08:30:15
017542bbdaa6a9d78e2e7f4e0d414d9f,41744,1013,08:30:36
5439a2f0e50497800ff99b92837d8055,33557,31441,08:30:07
77007629c4316fb454e9c1f168e7a6ae,41820,51923,08:30:27
fa8bfc3e002fec2b1ff4810248060ec3,41816,46571,08:31:19
f89ed223b6b29035a923fccc988320ad,41764,40629,08:30:28
120749e72312dd7c62a35ae96e0e8a8f,41744,32491,08:31:53
b0083a233a2c4700af1a37508e835aae,41764,40642,08:31:17
934cd34bfa5bdd12ad64e4c20185e8e0,57610,18311,08:31:10
934cd34bfa5bdd12ad64e4c20185e8e0,57610,18311,08:31:10
4dbe639ad4a7a514d41ba2e923cac555,41792,7051,08:26:56
3c69434a67f5653622a29e1377970770,41832,38073,08:31:57
4f37ca7b268287167661a82951415503,33568,1971,08:28:50
4179f36dd4f85a7a98ae4437d841851e,814,28546,08:32:30
d45a130feb7c17cd8bfb939a9375e1c2,33594,671,08:32:23
ddd5813a86ac7ad05a7b555343ed2cd5,41784,31673,08:32:45
ad5ebfd87bb9544497cdf682a94f5fc7,41736,23171,08:34:08
eee1cfe8a2f76e350fed33ef28f86f6b,41760,4403,08:34:58
e1311b8ff355eb165854dbd2ac5c543f,41744,1152,08:34:46
5f47cc3f11bdfcbc14c81f75e47b9b7c,41776,2561,08:34:59
6e5b9ae406f0c9ef115d2b163171604f,45938,14733,08:35:22
1c3fa4b08e5f90df6375670adc20f052,41771,34971,08:34:24
c4486be21c4a287614ed29c1e53d336a,41753,23831,08:35:58
7acbc3d3e5f399cfaf4f2d59ca87bef8,41772,55513,08:33:25
546b59f432bd147c3efda4fcfd1612e2,8547,12252,08:36:04
eec04243a06114d9b8570bd6605e01c5,33599,55159,08:35:41
04e38cb06dcc6e44b77bd84a627583fa,62753,37116,08:36:42
69a3e79d215595ae99fcccbb3d511e64,41768,27283,08:36:25
9a44056d1ebc3303dd54135800629dca,41744,893,08:38:05
03e91faf8d7bc7c687f3c0a9f9dfd604,41816,55066,08:35:28
a6319ea9c3d91ba021a6017708a49591,28756,40183,08:38:50
d16696ac9f99ddb251d45d44781b8989,41768,6614,08:39:00
f27354f2a090c180e265e16d50139d5f,41784,2601,08:38:50
1544d51bcc20fde9f5a18c02bc465ba7,33552,61073,08:35:46
471c4c2e28bb6daa491126585cbed67d,41848,59183,08:36:46
fcc11564d5341234772e4159ef22c669,41778,34165,08:39:57
fcc11564d5341234772e4159ef22c669,41778,34165,08:39:57
e7e68cc042c1db24fb043bd25cb6c4f5,33557,33050,08:40:33
df8f5edfcebea7b481216a17ebefb8d4,41769,23683,08:40:59
ff760e45cf8747ffd2ce187ed85a916b,41792,6903,08:41:05
c4486be21c4a287614ed29c1e53d336a,41753,23831,08:41:33
c4486be21c4a287614ed29c1e53d336a,41753,23831,08:41:42
afc5e13d68eecf69522c6a04a48233cf,41764,9051,08:41:12
fa64dcba2d7ae82a1d7686d8f65747eb,41792,41594,08:41:40
3c975244fd1ae04f9a94861dd36df6e2,5657,21121,08:41:06
55f457e9feaf05c33ffe9acdb56f5633,41764,46411,08:41:21
6f058e06c32cdb5f9f45fe05626c04c9,1142,50577,08:42:47
f3221d8ea6d5593c756569e11e6f81fe,33567,19222,08:42:50
9171261d85399c13583cb18d9000ed0c,41784,20691,08:43:30
0194d0504fde177755dac9a39f285157,41744,38703,08:43:29
431e2b67822f119b3cd57594722badf0,41744,22003,08:43:27
8ad35aa0af2d31e70d2be48307ecd62d,41760,14571,08:44:01
85717e7d5b6c8b514f8c7ac62de4294f,61713,38782,08:44:23
3c975244fd1ae04f9a94861dd36df6e2,5657,21121,08:42:33
4b6f4010c1d038e61c67f72056ea1e99,41771,34972,08:44:07
ed215e2a391f9395ef04124bff911ade,18803,23041,08:41:20
9ae9d75be63d06388f20584ade6edd17,41752,3163,08:46:19
f205ffae0c3fdd5c74eacbcfedadc0cf,61711,2251,08:46:06
5356352af1e93df7bb9cdf839999a28b,41760,39042,08:45:14
97a4eb8d2500ce45bcd4ed7e4a875bef,41744,35782,08:47:35
0c2d4a8b5a2e08dc106e2f9e425ae90b,41760,39301,08:47:19
4527d68aebf5e947240914a0ed83bbbf,61839,716,08:47:36
edc8f0aed453818da036f4830b327651,41736,5593,08:48:30
ab81a3be2b59f8986d581869f7294906,41744,291,08:48:34
4020fe6ffb8c67222bc660211ad450f8,41756,54042,08:48:48
0dbeb65fdca0e464242697c8828cbdbc,33586,1431,08:48:47
9171261d85399c13583cb18d9000ed0c,41784,20691,08:48:52
897fd9ca4ac99ee84418986871745dde,41744,45263,08:49:30
a0368f1cde6d26e7a306d3b2a2d75287,41832,45972,08:50:12
73d85d7fd921020f9d411061c354b0ed,41756,48171,08:47:23
caa7036853e63c7983453fc1fd403d06,41764,25402,08:49:23
a08a891696ca6313d1dde2ab51fb443f,41764,39913,08:50:08
6b5a63d771a39229fc0d64836ba3a3b4,41780,4943,08:50:52
91d3159248243c5667122d521a6336a3,33563,16914,08:51:09
e208dbd6f9e35e286e7a6e0c0bbca50f,41792,7131,08:50:04
e4f45063511aee1ab27af0819dbaa319,41848,59443,08:51:18
7c375edd6812f63dc39e3032d7ac44df,41764,40605,08:50:08
61e089f071d99ecc33a988660e899577,41760,40742,08:51:17
bfde543aabd757d340614be6d195b4f6,33590,29517,08:49:37
d5993af3a932868f284052001dfbb10e,5687,42142,08:48:40
c80f8234b4440a9d6aaff005169d9b6f,41736,41491,08:53:25
2b8bb57338867b46e905726737e53009,33575,52630,08:51:36
d45bb1c684d1a8b877e6af2768e3e097,41816,46253,08:54:17
199c7bc0198b6a603b54c73a7bdcd1f7,41760,39001,08:54:04
b15e3f400e8cba841f9910a8011e68b6,41776,7091,08:54:32
e69d5e5499ce02b2a607c88212369ab7,41792,11625,08:54:56
e0741864ac87c91e5895a602c5be5385,33580,9634,08:51:52
8e8f53de53315735b86993d862c75c3f,43023,10783,08:56:10
df11ff984a9a3c0d3f9a7e9ebf642706,41760,4313,08:55:54
6c697ef22d93ebded42b1878bec47772,41744,20642,08:55:49
d58b42eca3f940f8ad471632b58f3791,41764,38651,08:57:08
c1f99bb752ffe5db6b9009ca2aed443a,33552,4412,08:57:22
8e8f53de53315735b86993d862c75c3f,43023,10783,08:58:03
44dfd8d19eff007a58bbb3bef363be4b,41792,7072,08:57:25
4e95cb2ea7a940b2ceab98d8e8f75cbf,41760,8632,08:57:36
a648454905289f4af8dc8bf4a104a718,41764,21878,08:57:58
bba27e909277fc26d4d79328074dda91,41744,1127,08:58:43
6dd271d08ad664c9721b74d1fd291f13,41756,29272,08:56:04
4337b059b364aff06240575910cb9e52,41792,39592,08:59:24
2691c647daf7ccfb3f14283de5ff9870,35073,10775,08:58:15
58abbfd30890cb98525ec3f1878b8be3,41752,46184,08:56:19
44dfd8d19eff007a58bbb3bef363be4b,41792,7072,09:00:38
3ed22e8e58298910e504894b510e1400,41764,9922,09:00:27
3ed22e8e58298910e504894b510e1400,41764,9922,09:00:27
c844eeb01eda02c310d7eb5fa9d4d4a2,41745,36213,09:02:07
029725f077370bed90b4b929792a686f,41768,31962,08:59:45
9f0f09205f9714d0f5bf70bc429e0850,53533,19729,09:02:08
4b5e01886e03f92168aa5f5851d9096c,41764,9083,09:01:50
d2c8ffd22c1ff3fd016d71dfdbe4611a,33596,11338,08:59:10
ca0dc9d0ba9059a5c1cbd5a8f2e1775f,41769,34252,09:00:12
bba27e909277fc26d4d79328074dda91,41744,1127,09:02:06
af0435c2b22ef40e476211e91d598e26,61722,36645,09:02:49
e7ecb7b771b8620e2aaaa0718b6fab03,62834,20291,09:02:34
491b769078fa5e6eb4b992d2d0cf8150,41833,42861,09:02:21
24a2670d55d52e4ec48383b6c792cb08,41764,40621,09:04:23
cfbfe1b7a7a5b678a7708cadd7b15948,41744,10711,09:04:43
9f94c9aa9c9fd8721690312580eb7a4f,33598,56208,09:02:43
bdbb176666eafea922135d3ff62874b8,41832,45525,09:03:03
1b3162b26bc9dcdefe01099d5e0a7d4b,41744,57,09:06:17
01954734d2640bbc3ccfa8e978749ae9,61709,4192,09:06:00
1db5698d36a1c90ae4ca5cd25196f417,41780,54263,09:07:52
24a2670d55d52e4ec48383b6c792cb08,41764,10311,09:06:35
83209f06eb31ab4975de3f17473fb972,33097,50073,09:05:35
6e9d52dfb79a77dfe28b4827bd175ba7,41744,512,09:08:28
f0f0698f832546c346adea53f1920831,814,28534,09:08:33
24185da5fd6c9683b1c8be397e34243c,41744,743,09:08:46
f3bd85881790ae32c25f4e66d4819fde,41760,14091,09:09:31
9499e9d44c35ee9ea1a025122b15368d,41744,42441,09:09:15
81ca1b4c43290a922c37f4e825530eb0,41816,47313,09:09:35
ed327742359e24740407d1d36335d9cb,9795,29513,09:06:56
4337b059b364aff06240575910cb9e52,41792,39592,09:11:01
ef4f527da7643436f59e4a9c297cd049,41736,5661,09:10:32
15ec43d50e432538d926fc9e5d41bd0b,41760,44665,09:11:53
01952a2ac0bc342bb2db783903dbf92e,41832,40292,09:11:44
bd0ec0bea7938dcea88ad39eb35daf9c,33564,23349,08:58:58
9989051ac693fd376d1678a9c8d74b49,57633,15673,09:10:52
be136404c8e872d167f0086418602872,44081,38762,09:12:36
af11e7c41704bf1a43174f7c2b803c62,41816,46974,09:12:35
24e043651cc9c069ea8d23796b5a54f4,41792,39513,09:12:43
475df336d32b6d62e61c006289346f80,41792,20765,09:13:00
6c56af859cb89a234a39ed52d040218f,41752,38083,09:13:34
eb137311de978601b1d8056e1b23dee7,41736,5228,09:14:18
7738ff1d84b3913999a45a8ef53cb729,33589,50001,09:11:04
93065bcf53a73749cd06663e50c3ae97,41768,49442,09:13:52
a411fac72cc36b34b0324c7c27f8adde,33551,38101,09:08:11
475df336d32b6d62e61c006289346f80,41792,20765,09:14:45
71f049218691a0d4ff9d8abd479cdd9e,41760,44554,09:15:31
402566e868b7d57bb63baac82269c83a,41764,27964,09:15:32
9d0c5d3db4d5de094ee6a6c9c0c07fe4,41784,24072,09:16:10
126922ef19dff3a445cd4372a9706b43,44084,31902,09:16:28
d324a39d517fae7de78eb20c502aec3e,33558,44225,09:14:42
9d0c5d3db4d5de094ee6a6c9c0c07fe4,41760,3986,09:17:39
376fa425a2397c3acfa3905d2f10d774,63233,30401,09:18:32
df73120ae020f7971b6c1463fe6965d9,41784,1683,09:19:18
a4da96904b70dc0cdde03e3dd722079d,41768,4073,09:19:07
d5993af3a932868f284052001dfbb10e,5687,42142,09:16:04
808a537d2259110ca79a7510355f9ebf,41768,25912,09:20:53
48d74b1ef1361b213886e414c128abc7,41816,46691,09:21:56
f70d39fefa15bf106a6b73d983860055,33598,57611,09:19:22
65bfd6d04241506062ddfa55c385c4b0,41768,24232,09:20:16
cd3119b6baeb40120c6df21b990b22b7,1818,16251,09:23:39
1ea5c6030400bd86b8f620058dd029a6,41736,5722,09:23:48
0536e6ea96df77b110cfaa055ec65274,43015,10302,09:24:01
600872c10f5ce246299d091a536d238f,41778,55991,09:23:33
81ca1b4c43290a922c37f4e825530eb0,41816,47313,09:23:25
c66b55905e4ecd5ec49a99baa4f6d174,5915,20725,09:22:19
3e83abe47035f7c71c93a45a9cad1196,54094,49451,09:25:29
6bfb9c811e73d76b821dd58e2042d976,41768,29951,09:26:20
346175150fdb78377d4b4bf619e7b82e,48106,10663,09:26:51
c3d1fc97a0ebd7e37852cd2199f106ce,41778,54233,09:28:25
83c70281ed8196a31ae3e276a1128d5c,41760,21593,09:28:45
89a075b3ef974e3bc45fc15462b92170,61866,9201,09:28:58
5e0cbc6c860c01df32ff0b0f39565567,41736,23383,09:28:25
f40568235344f8fe0bf868f4f139e57f,55040,1411,09:28:13
76e057de820681c2527ace8d1884d90f,812,23926,09:27:30
dbcd4d8967d6a223b857e256693f4d25,41736,5451,09:28:12
6e7ecfba1c61d40915d7c921c199681c,59145,32362,09:31:10
d08e3e06174cd78c5c7559a96af26796,41768,35871,09:32:57
bf87bc398099204569f6d7ff3ebfaa60,41760,26611,09:33:01
c844eeb01eda02c310d7eb5fa9d4d4a2,41744,46163,09:33:10
46c888361b9bef6958cd3c57bdc6601d,41769,1173,09:33:24
1972cbe346d242ed293ab287c55d07c2,41821,54622,09:34:06
4afee84f66a081ea252420dda84fadc6,41744,271,09:36:49
2d268b35fcfe6bebaf7eae1935c2ea13,41752,9762,09:36:32
f6705334eb59d8e75352d498e13caa1e,41744,41313,09:36:27
4e362645fda4921a634f98f4f0b06a1d,33570,53612,09:34:37
e591c7577c4c08c1dc5e5dc86a539410,33576,48370,09:36:54
decbccb63f014c5ccf0863eb7129cf5f,49423,15213,09:36:52
e7937e2ba59f3c1f5e9c3f97c1234f4d,41764,8753,09:38:10
0d62dc266f9bea580a46bd68e97d34ea,41744,473,09:38:23
0d62dc266f9bea580a46bd68e97d34ea,41744,473,09:38:23
9281667e1142676af386a55463b7be31,41752,3162,09:38:03
104ace4c26872ac938cb239b43d72137,35090,12578,09:39:10
ec0618b8009d66f495f3c0648db3aa59,41745,39872,09:39:10
241bf15b817e9f45274ac9317e0da44a,41760,14141,09:39:35
d856b0ccf1905e398b24ffa7156ab0e1,41768,29943,09:39:46
13b30e7690e51b51c554da493dd064c6,13356,15992,09:38:21
9423604f3a9707b93cee315f132ecf10,41744,2801,09:41:48
0d62dc266f9bea580a46bd68e97d34ea,41744,473,09:41:59
b91d69b5e901e5006c0fef084063852c,41784,1441,09:42:41
3fbb2617569a5b34945de52c207052cb,41760,38294,09:43:46
1ce83e78c6f56c80108e5349a2186886,41792,7882,09:44:43
1ce83e78c6f56c80108e5349a2186886,41792,7882,09:44:45
b2e02864e7e53a1d168df71207da6aff,41792,7333,09:45:20
b91d69b5e901e5006c0fef084063852c,41784,1441,09:44:58
bacbb18044879a7d328170fd133cb9af,33594,29818,09:44:16
5b4104ad800d41623b9bc9b19843adbd,41744,26323,09:46:35
fdaef59eee72344c9d445c5b90e034da,61710,1783,09:48:21
c3138f22164d94eb0628f18c7e6beb34,41736,23262,09:49:07
ce4f18981cbf449b72e6b6da1f14f95a,16496,50101,09:46:50
9efd7046e9755eaab01a1552eb36f5b9,33552,15210,09:48:47
04fea715ef1e4004186e2fe4c66b4495,41776,37672,09:49:59
d3634636094f2135e39d54b3be4634a5,41744,24764,09:46:55
0bd8c0feb603b373a09d7dc84b116afa,41760,4605,09:47:59
7c09a28c17bfa3aeacba63a27ff8915b,41756,5073,09:51:38
0a9d08a5e4c043baf91fbedd4ad6f16e,33565,16228,09:52:59
3003643acd97d718100ce8925014c7d4,33582,5901,09:52:57
361754ceb3152542eb217e77fc8e1173,39173,31603,09:50:39
2691c647daf7ccfb3f14283de5ff9870,35073,10775,09:53:35
19a9e8bea7a12cdd981da109589d5794,33562,10189,09:52:52
524b11f10e824452a461fdb3c8f76cd9,41744,39803,09:51:04
fe2502b01999376cd4fe59d0006e1b50,41736,5017,09:54:31
fe2502b01999376cd4fe59d0006e1b50,41736,5017,09:54:32
0f6c7a46793ca9df95f0d62f2fd5e930,41784,44442,09:54:59
1f31fa8d0047e4f19051b3de0b4a8604,41760,4341,09:54:41
f87377af9a4d635e5fbf7f78b17d91b7,41784,26654,09:55:21
e5a934dfcb7f413bc2c6a551128fe9db,41768,561,09:55:35
1aadc12ee95b426ed607f7f5935e0df4,41744,32492,09:55:54
18dd04ad78f354170d7fa858a609b508,41760,14571,09:53:45
2691c647daf7ccfb3f14283de5ff9870,35073,10775,09:57:56
f6705334eb59d8e75352d498e13caa1e,41744,41313,09:57:26
f3b14db73021dadad64729b8c101a98f,41784,45503,09:58:56
4c2e75e3f8f0ceb78f689fd66e4ab7d9,41853,63783,09:59:35
6cb9232bb5c901462be274f92f4a45e9,41776,54371,09:59:21
385fd658b08b419c4aef2f5252163c8f,7135,30043,09:54:19
a2d6be5fba3082a097a94d19a3c97619,41792,41891,10:00:05
f209d50338113a4b393433cb37db1832,41760,4357,10:00:16
b7b29e0140cd8729e63e4e080bcbdd16,41832,38031,10:06:04
b7b29e0140cd8729e63e4e080bcbdd16,41832,38031,10:06:04
8e73d2443c306c9e9b2bd1fc7281ddec,41852,63711,10:06:40
3da71beb688c4d334c113528ab85b86b,41744,43,10:06:56
ef46bc2cc64a5931ae197078f43a9a48,33568,17816,10:06:09
4dbca2d2d404cca19d9ab9eb4eb89ee6,41744,32544,10:04:42
2a445ad2637ca916e333b611d8fd0079,41777,27983,10:07:31
4cdab23f3d06b399b4fe7d4f228285dc,38204,13863,10:05:45
b51859d80f996078c072d64046e86845,33564,11067,10:09:19
1f31fa8d0047e4f19051b3de0b4a8604,41760,4341,10:09:54
040be5fd7fc5de7d4e23b57d013c1e65,41744,39151,10:11:13
07467e2d3a5bc0bc84170cd91c1ada16,41760,3941,10:10:27
a2d6be5fba3082a097a94d19a3c97619,41792,41891,10:11:43
040be5fd7fc5de7d4e23b57d013c1e65,41744,39151,10:11:24
fb500972acfc75d6772e3abc3e4f0f8b,41736,23263,10:11:51
bb4fcbe421a9731292e026f6f4b0b56f,41768,1792,10:13:02
aac6e52471342a3ae87252fa13ed39c3,41760,39283,10:13:33
4c71609149341f82bfaf27d38d3afb29,41769,57062,10:14:02
abe476952a550db38e3f5a5693dd54a2,41792,6883,10:10:47
2bce1439615ef2161ed9e4aa573a239c,41764,12851,10:14:55
cbb18f9efab1851516beb5abcbdb6c30,41768,27682,10:15:15
a0a63a3a171349ac13239f10a46eee83,43042,10073,10:15:16
fb9987841c501ce1909745869b584716,41768,29533,10:16:31
017f0671275281219e87cbbc58d61f7d,33568,20499,10:12:58
bd50a330586c534efad864c124e36a75,41744,131,10:16:54
526fa668f52f05ba704390d338150edb,41768,8484,10:17:16
bc3a3b200e2bc080bc89925cc4d70d75,1331,57321,10:18:51
af8fa4a05b9c89a990f492b546e3d15e,41736,10192,10:23:07
1a1c065383a46c4778a69c126cec5c30,41764,17811,10:22:54
5e672a90802ccc77861b298ee0085fde,43055,20511,10:23:12
62676ef3f756a502f9b07f962249c3ce,22942,45480,10:23:55
f4b939a576f5b7d93d0c7b42dc3fd578,44084,32043,10:26:01
f4b939a576f5b7d93d0c7b42dc3fd578,44084,32043,10:26:01
262a3c6f4e3acc008165eaa9bed80bb1,41744,26873,10:26:04
9737a6e69cf0b789c2cf570cb8c3b0ca,61729,31882,10:26:26
c0123611515e56cc388a372bc188d075,33597,15510,10:28:35
c0123611515e56cc388a372bc188d075,33597,15510,10:28:38
67f31d2b4eadfd493a78f47fd08fa080,41744,40442,10:27:47
4540c6370146fcb985bcb2c732f42822,64907,51192,10:28:11
7509a934c3380cbc9b2e6abbd71a662a,41820,54281,10:29:02
34bb097b0ff112efd4c61e8491a04958,41768,25926,10:27:46
45064add5e3d1537aab83543ffb3f7d9,41744,37932,10:32:47
20c9077c4916e6f2e50f5490890c244e,41792,7353,10:33:36
6c4cdd4935f3284e18e7a7105239775d,41792,31913,10:34:48
6c4cdd4935f3284e18e7a7105239775d,41792,31913,10:34:49
7c09a28c17bfa3aeacba63a27ff8915b,41756,5073,10:34:32
b0a23115100affe7fa109d9f28b8f92f,8547,14502,10:35:14
5ebdddd51bdb8dffdeb52dc6eaacbf2e,41769,36452,10:35:33
911f6477710ef2c5d3cc273a083713bb,41760,38272,10:35:36
2aa76fce0d1d6fa41816ee33f3942155,13576,12351,10:36:21
726e361e4d8e691df6600149e0805bcd,41776,29392,10:35:55
726e361e4d8e691df6600149e0805bcd,41776,29392,10:36:22
1e9b36021cd3fd239df986492104b688,50576,20403,10:36:37
5d4ee1a481429f64182aebaf7d8d3248,41736,28175,10:34:23
37e22270c0fe50f5c46eb957a0f9890e,41848,59815,10:34:31
e3e920a234ccfd9af387ff0c80ec3f26,57668,20954,10:38:45
18cee855735b808e656521d9265294d1,41744,45281,10:39:09
65c7938beadfba8a4b12b24864213915,62784,59552,10:39:27
e3e920a234ccfd9af387ff0c80ec3f26,57668,20954,10:39:46
a6ba203bb503d674e906c080d2888dc8,41764,9421,10:41:01
1449575cdf6267e13e1147b35d20d9d9,55056,48191,10:40:56
3ac33c45070931097e54cc5c9d3f5fbe,33577,27180,10:39:27
6d04107aefaaac0f7a7afb1c6c515fde,61707,6713,10:42:37
db5c2db8c929a445d7d79be1c2219b44,41744,1251,10:44:02
bff8462d696d8afefa487ed2d0aca686,41784,37901,10:43:38
8273090e40e74d257adde4e5ca224374,1280,1341,10:44:22
61287fc59912e63b8bb0a92d04c55f51,41769,4003,10:44:23
4ac519ba87b5ef13281a2491a7af2e0a,41752,3533,10:44:40
1586fa84f668b14d9f9c8010c1e715db,39332,2675,10:43:20
63002a541366a2035d229ddfee7148f4,8523,43251,10:46:39
4de053f0084885df5249d88a0dcf28d8,17941,60452,10:46:21
4de053f0084885df5249d88a0dcf28d8,17941,60452,10:46:21
b6e8bcd27ecd8e91a59c790f3601b6b4,41752,10691,10:47:33
8590f9c50b2991ef95e3504d9df83e6d,41764,9221,10:48:30
f98cf9d6024c1c4a7a66105a190e970e,33564,287,10:48:33
1449575cdf6267e13e1147b35d20d9d9,55056,48191,10:50:12
d7918f5baaad5f035b8ce94f3e629b99,41752,3271,10:53:47
5621094b9ef6fcc4f2bf93c378bb84f3,41756,34431,10:53:47
f7a86f56a93a6b7314da968960d11407,33593,8171,10:54:35
8214cf9cf2a37e399849413efba06002,33581,18372,10:54:03
27f107426a09806decb991508a2aae97,41199,38321,10:53:56
4540c6370146fcb985bcb2c732f42822,64907,51192,10:54:07
b13734871aa9f57d296541e67f022853,41816,46512,10:55:20
58e5613ebcb450a17e309909cd866fdc,41744,22881,10:55:37
5240f60535134d97c1f60fbd351d0832,41773,28912,10:54:10
7e0c18b718bdc04b8b33b05ef5a0682c,41792,9799,10:56:07
d6a4e184599c91ae25ce916f98950b8f,41778,31043,10:56:29
e7c6f264718f1486654c6c1ee00c2ae3,41848,59672,10:56:53
795447438770210792cb08f242ad330b,41764,39741,10:57:31
89b1259dcf37c7795319956c658c853f,41773,51063,10:57:39
059e976d725e62ede5c92518e33af778,41792,23202,10:58:30
8b05046007f53cc5b2ab7333c4b49716,41752,21863,10:57:14
cdc9d62f9ca530799369ddf1530403fc,41776,24846,11:00:20
f7a86f56a93a6b7314da968960d11407,33593,8171,11:02:01
e382379bbf4658089e76a461d22eae8c,41760,4502,11:01:26
f7a86f56a93a6b7314da968960d11407,33593,8171,11:03:09
155a66779ec94f94580220317a9fea89,41744,23541,11:02:46
a3ff3167fcfe2764917d9a0a7423f837,41792,42831,11:05:28
5ee3f2e5d38e3bf75bbe912ecb232c66,41792,39602,11:06:00
c07595ef299c39957406e7e743f53088,41768,27622,11:06:47
4b9e806fe1ad60fd66347aad02fab952,33586,22680,11:03:18
5e04bb83835a7b9f8b43d8e22f87ab1c,41764,31301,11:04:13
c300825a36c75e4c479b509a799f0875,64905,58201,11:12:45
0fd7ebf15d7dcdc1ad4ed7cd3e644098,55120,131,11:09:45
7c6b53fea068ad4371a33679c9f66949,41744,1743,11:11:23
8f01e1d7e78ea3743183c620b986faf1,41768,6402,11:11:12
f63887bf5c9ed420a4d3e6705802939c,33573,14659,11:05:16
8f4aa417ff2d3eca6ec9ba30824b7235,41744,26873,11:13:04
e811451ed226786b3cc6c0877f20e4af,41764,9933,11:13:39
36ae265549faa6c2ed39abf642f8f52c,41822,50141,11:13:59
e7bef7191f764a8e5674d0b7abc08263,41832,60792,11:15:07
5ee3f2e5d38e3bf75bbe912ecb232c66,41792,39602,11:15:54
b5933f1e466fcb93721bc35c134564ec,41768,29713,11:16:24
c300825a36c75e4c479b509a799f0875,64905,58201,11:08:27
7c8b248c10ec11d85f437ba9442388ca,55180,20752,11:13:07
375d56d84ed239f8b7b5a9c8a028bf87,41744,633,11:16:39
b8c442e594832001b6ed0440de7cb80a,41832,40971,11:20:05
9715795ee9b69eb7ee33e6e9cd420fe6,41792,11563,11:20:59
4637446e7ddd63220554f8035dafff94,41736,6053,11:21:30
791f5c06d413e367940a7aaecadb0a6d,817,60216,11:22:08
72322db4b6aa1ac856016467ff5a4eb7,33567,10517,11:23:01
b15e3f400e8cba841f9910a8011e68b6,41776,7091,11:23:25
8b2d076f181e9cfaa34c0a74ec1c64d8,53715,19593,11:24:48
900d207a99f38c4e0dd987e18f94fee7,41768,35125,11:25:47
f27354f2a090c180e265e16d50139d5f,41760,31502,11:27:10
f40432e09d7bde60b17c199509091c6f,41792,7013,11:28:16
106a3c8f09b918badb8751a25fd4a9db,41768,36031,11:27:40
b9c3c1033d37e07aca3bcb88f8048aa1,9593,36591,11:25:44
afc5e13d68eecf69522c6a04a48233cf,41756,56382,11:28:30
afc5e13d68eecf69522c6a04a48233cf,41756,56382,11:28:30
44e0ac666e002b37322fd7ad6ba6b4fc,41744,51698,11:28:30
6b691b2588a71817c23214836e242eb7,41776,55971,11:28:44
4617b204446075a4f38ab3155c4ee8cb,33586,13196,11:26:07
419b9ff2ee2b04d5a75678a9b9fcbfa9,33586,1432,11:25:57
cd1353269a251713ef9ed45ae6fc1e0b,41760,38792,11:30:48
e4b4fc4ff6bc8577cfe9dffa1a463358,41744,11971,11:32:37
72892ac83fba2841845592e6e22dac10,41753,10632,11:32:21
3a0214130c6b38d9a09c814a9a83c5ad,55086,38913,11:34:01
9dffe4456e486e873f657eeeff1d7365,41773,53711,11:36:35
95c0940916c874fc496356e0bb4e471b,33582,21931,11:34:29
84851f8994d56256355f0d92ebfb6016,41784,1947,11:39:30
ff812334a8b1905008ff68776477ce38,61716,15183,11:41:45
9adcbdbe9a6562b484bb2db7e7df92e2,7935,32021,11:41:49
b1a9ccd724ccb0b85a11b4657107b643,33593,10502,11:43:06
1d96430337f02bfc83ab1f14d7d0f159,33581,10542,11:43:27
1cd263a6245496d2532608ec246f1368,41792,7681,11:44:15
5e3c5c908a92f42dbbb41d21fb06135d,1303,54022,11:44:45
28f9bc029b79c99945469a1259961c91,41744,22,11:44:57
0a3ed749b9a0193e51dd96e2bc63a720,55637,10592,11:44:43
1cd263a6245496d2532608ec246f1368,41792,7681,11:45:53
1d96430337f02bfc83ab1f14d7d0f159,33581,10542,11:47:08
afc12088ff0ec24d21f1aca1c4f30deb,33591,21249,11:44:57
ef14d14e74f9e49cc0de4f8c076e0e6d,41744,1763,11:49:29
08d73507042c6d19ab433f6be75ed727,41744,46621,11:50:34
2f50d9364d37d1c2d9c15828ba22462a,41744,26314,11:50:59
ef14d14e74f9e49cc0de4f8c076e0e6d,41744,1763,11:52:07
4911caf4d8575e94145f93b1e566f64b,1831,22322,11:48:42
c3120217bec043e8ce86fb8071411b42,41822,50211,11:54:44
708022373376ec091f9d5a257d7220f0,41760,38791,11:55:58
708022373376ec091f9d5a257d7220f0,41760,38791,11:56:00
a2f3ca28b908ea62535a9f74d2383e41,54721,10411,11:55:50
cd1353269a251713ef9ed45ae6fc1e0b,41760,38792,11:55:53
39c682b82bd972f406f9302b0021817b,57636,18533,11:57:04
29c7023165dc475604717f6a2b17c397,41784,1682,11:57:32
4a87f02f5dc6efd99c44c04d9c1aabed,33595,15439,11:53:48
8a2f2435b84d69cba8e11e0e3e8dde26,47040,40363,11:58:32
1707092e9f92abe5808b13ad834575c2,14137,60810,11:55:40
d005de24171e873076025598dc0d140b,61722,15425,11:58:23
e156ba3af45cbcf92fb91b9c001151c3,41744,984,11:58:16
3d09bd9c4bc51c99433c6889d58b58e6,51123,13503,11:59:38
6b2fc0f6118c886365506eb550f438e5,41745,1452,11:59:37
c0b71b6356a4b6ee09c094b0684a82d9,41772,58251,11:59:38
f2f64634bec3b7c0e827a6d52f5ed938,41745,11513,12:00:53
0c9f188895c642922dfda9218b55648d,33577,17391,11:56:32
45282f65d3a1318f7b6f93fad688fd51,33571,40218,11:58:52
9160fa9f3638a9645561241208ae24a1,29360,40013,12:01:41
d5662aa19f13fa972a997162ab544626,13579,55242,12:03:10
14b0356f10d2ec2272fd8e4fb67bce25,41784,40481,12:03:35
672738b36f2b5030eff50db24463b3c8,41832,44501,12:00:48
19152560b131f25656d81d1322480991,41752,26282,12:04:18
3e4cb1123ef6bbf574c82487b72f0eaf,33572,11934,12:02:24
8edce9b0a3dc1123a97afe461e977536,9639,26452,12:04:46
4a87f02f5dc6efd99c44c04d9c1aabed,33595,15439,11:52:58
b14b62442860a06c522f619a18136ee4,41792,8043,12:06:56
41fca1f9d344bcf9318bd710cd91b223,59691,41591,12:06:20
2a061de02705b7fa8389e307862a6402,41824,3193,12:06:29
7f9fb0bd631b235fc76ab341a67fe0dd,41768,56505,12:06:57
1e5242c77cab5848ac3be119493c50a1,41832,39421,12:07:28
9fdf19e8739e1d3e2a0c71297d4ba4f6,33556,34578,12:05:08
9bfabf2367918ef78915b2a2bc61759b,41744,51699,12:08:51
672738b36f2b5030eff50db24463b3c8,41832,44501,12:05:16
3d09bd9c4bc51c99433c6889d58b58e6,38268,33662,12:08:24
924a778919aab88e09a99b0bd7f67dce,41768,35111,12:11:44
b9c4c25314aa64b6ba730085c4f25674,41816,47543,12:08:09
e00ee872eed242be35f43712d2cf0d73,33556,39741,12:08:38
e00ee872eed242be35f43712d2cf0d73,33556,39741,12:08:38
cbcd1e5ee089b61724beaec692beebfe,41736,5563,12:10:52
fa0cf016f7e0e74daae9a6da92a50d67,33579,22117,12:11:05
f2f64634bec3b7c0e827a6d52f5ed938,41745,11513,12:11:59
f5811c4c4d0cafd67f465b2512c32b32,41744,39853,12:12:19
1eff39b1d9caa11b938cef1a3dca05bc,41736,40772,12:12:30
3bbdf5a3cd61fffadd2dc4032bf49038,41817,48242,12:12:45
00ff733143d07a758d7c808b50ae1d6c,41832,41051,12:13:21
d715960354f3dda553af470beee5cd3c,41736,6341,12:14:03
f68fe7237a6da9077ad6aaf562d486d0,33596,4497,12:13:22
4a7312e13b531bd20e9d1c25b0c5e929,41792,7631,12:13:52
f68fe7237a6da9077ad6aaf562d486d0,33596,4497,12:13:22
6f7e2b3a2c9c27634e378d16d1b4865a,39175,50166,12:11:52
e55983dc8a2e0751c14870b8df13747a,41744,24046,12:14:29
47a3623914e39fa6286eb49e378c3792,18064,40100,12:11:29
0cb63ca9d9b27aaa92f6e095c2684cb5,41752,25251,12:15:51
b4dc46be2941fde5fb737b2fbb8a6d71,42245,28956,12:17:06
8772a4d1a79e87b6cbeb32fd13fcdee1,41776,29392,12:17:01
74defe47a0e9e711bf0dd1af8292f2c0,47875,10681,12:17:13
74defe47a0e9e711bf0dd1af8292f2c0,47875,10681,12:17:20
a4b162d705df1e5ad7bf258e35fe2f5e,41768,511,12:17:04
630b4586890a4b4526c30a49d69c6329,8522,31302,12:17:26
0e4ce6a460777a1aa105c9799db64be2,41817,46941,12:17:03
e14c526b198749778e7a1968d2608f91,33563,29785,12:18:06
ecb27c0173bc48ec1526d537875daccc,41778,26113,12:18:51
a44a532b9481f930e51132c3ef257a25,41792,7451,12:19:03
550147a9ff99ab515e939b6ff75fa296,41768,27626,12:19:07
f2f64634bec3b7c0e827a6d52f5ed938,41745,11513,12:19:44
ad844eb24f88c54df0f887f2967d80d6,41768,49473,12:19:50
d90a72d98e632883caec5c62dce3a6b0,42411,2707,12:20:13
b27cf91d79ad34382bc877c661dd26f5,56833,383,12:20:50
08d21c862258606cf93bdbebcdb22589,33183,35252,12:18:17
c00f2091773389d9eebb730e5e595b2a,41752,42203,12:21:08
96f513d47b02643bfade15283d10139c,41784,2393,12:21:47
da8cccb14443d930ae9c89d887914d30,41792,23192,12:23:04
bb86cf2f0789b0b7eaa10dad597203b7,56337,19634,12:22:32
8df3ad1b68eadf7d74071f98304c07bb,41760,44611,12:23:46
26256e6e4eae35b6fa04b406a0e8cbd2,41744,38511,12:25:23
927bde292fbeae29ed850afb9973c95c,45456,12792,12:26:08
c1009dac7ddb2402f98cc94d5f0eec3d,41736,6615,12:27:11
ee1d2abc3ebe4eb555cabd2cfbebe601,41760,41141,12:27:17
ee1d2abc3ebe4eb555cabd2cfbebe601,41760,41141,12:27:19
ee1d2abc3ebe4eb555cabd2cfbebe601,41760,41141,12:27:19
a22eb1a09c6f5246dea8835519a2a724,8514,23015,12:23:57
68c5f425f9d33e98cb7dbe533713c920,33557,35368,12:27:29
f2a09d1b8720031664e97fbc643d437c,41780,54641,12:27:07
04448d43c0ccb0bc9c0a0ab06c80d13e,46553,9163,12:28:33
77edc762b085a41d97e244b09437c3ec,7935,32263,12:21:53
fd184b9ba7781eb5999c06e421faad10,41822,3682,12:29:35
5ef8f17fdddb2690af1981a7faddede9,33571,43635,12:26:33
fdfa812f9f09bd09b02dc6f4e1ec3711,41744,17,12:30:00
eaebb8bbc751b5adee640bb1834627e3,41771,48782,12:29:49
a53aa12e9372dbfedd8af16a4db43fd1,43023,10861,12:29:41
8e877e1546fef664d3d6a584d1ca000c,41822,50091,12:30:34
940eb4ffea9636e2d7f6be901bb8fc98,41056,13411,12:31:08
940eb4ffea9636e2d7f6be901bb8fc98,41056,13411,12:31:08
4e977c8aac89044d75cb9f4332362d7f,41760,4885,12:31:17
de4950006920a802f6a1049493cb447c,41777,36552,12:31:15
d630f24a6d7b4aed82350c3185c1a45f,50435,5363,12:31:23
f7b294d93733d069187d71b2b3fdb487,33558,44245,12:27:13
4a029adff7e64e4488976c2ef93152a2,61763,3123,12:30:58
92810dc6fe4015191be2af0160e1c404,33573,3869,12:29:05
927bde292fbeae29ed850afb9973c95c,45456,12792,12:31:26
927bde292fbeae29ed850afb9973c95c,45456,12792,12:31:55
29bd58ecae0308de500d7e42d57a7c5c,41821,51512,12:29:16
1ba8635f753357ba48101fbb64451f94,41833,43243,12:32:00
2cf11b1fef7703c54bfadbe0a08c38e0,41752,9583,12:32:35
70b963b3dc9fadd66458dfcc7beb713a,33591,29905,12:29:09
6ba29a5f75e393926f2da7a938b7738f,41744,38901,12:33:22
6a68ae388abce6fa75ba8f2303efea82,53617,12373,12:33:19
9423604f3a9707b93cee315f132ecf10,41744,22571,12:34:42
92ce28c3f1e01b4dcacd5651bbdc717e,38265,60301,12:35:05
783751fd3677de291d0dfb57bde3f58a,41784,13251,12:34:13
135ab647742340eae54a380a84b72546,33581,10542,12:31:22
6b99399495a18ee57f0c6079ba30d9f0,41744,522,12:34:11
1abf0de1653aeb7a89f207bb4f25b7be,35075,13233,12:35:26
e145108223edee8077495c46e5f78c4d,54091,12411,12:36:02
2cc75f1d95a38d0fdf7b9ead7a0ffa0a,41736,21651,12:35:40
fcaa2c6ea27bfaea6ba138db73ea29b6,41012,19613,12:37:06
e37ef67b7cda2d080cc3392c64926771,53508,19713,12:36:37
c34f6576d7e5e8e6469b811148218021,33596,10558,12:37:06
1b13dc6d62a8943971925a42130542fb,33570,50942,12:37:23
b5876f419ecf07f2c394078cf9b397f0,41778,26101,12:37:51
06c66781739cadb99e08b71205e5fde7,41744,40233,12:35:34
f6b8345ea6a2aeb1f19da876dc62cc56,41756,32605,12:37:46
4e76a44f43c43e9aa294779832cf385d,41772,2982,12:34:54
d630f24a6d7b4aed82350c3185c1a45f,50435,5363,12:38:23
40220f269fc65372b382b4b93020c7d4,41764,46911,12:38:42
06c66781739cadb99e08b71205e5fde7,41744,40233,12:37:54
dbb4c90ebbc66d7c07d7d195e53d8a1a,41816,49981,12:41:35
0b6d4b9faab44848c453ee8f948ab2b7,41822,50163,12:41:13
67f31d2b4eadfd493a78f47fd08fa080,33568,3790,12:42:05
fee713bab12afc0a839b5d6f62828eaa,41773,28845,12:42:12
fa0cf016f7e0e74daae9a6da92a50d67,33579,28181,12:43:22
ef0ced9f9debb7e70e2e58bcc2fd33c5,41736,11111,12:43:41
5e629f5423dded9af4952dc6f2427ab3,46468,10402,12:44:36
4fe72efabae19b2973ca317515719119,41792,23246,12:44:28
1dc4bd4e84bfb6b1dd01a12004a807d4,41736,5661,12:41:27
c2605ec862bc6ae17b4d39bbf92e74f0,41760,4464,12:45:19
40220f269fc65372b382b4b93020c7d4,41764,46911,12:45:15
b9c6e655465a2f6a595da98fb0926c94,41820,51863,12:46:43
6242f16e22514de93177438953d42b99,41736,6712,12:46:57
f3bda4288795e8d36422ec83702cabfb,41752,21273,12:46:37
3becf27649cd2eae58cb1b7818d5db8d,41771,34303,12:45:40
3c8d4cf1fa873b74751a5b6502672a12,41777,27771,12:49:23
db5c2db8c929a445d7d79be1c2219b44,41744,1251,12:49:47
d1759128f9e5bb4ac226a5af96413374,41820,53372,12:51:05
a22eb1a09c6f5246dea8835519a2a724,8514,23015,12:47:22
a22eb1a09c6f5246dea8835519a2a724,8514,23015,12:48:24
b02ce8ec7dde77cdfab0ed0654a54cef,41760,20961,12:51:52
26b9186e27d220243038e2d1ee56bed0,33566,24084,12:49:18
5c175d2eeb7fcd88bd1ab32706e4609d,44084,36082,12:52:04
889f3950111e45968291b6f6159fa25c,41736,10012,12:52:17
889f3950111e45968291b6f6159fa25c,41736,10012,12:53:07
84222e304d3ccda5555e9644125cafc7,41760,17222,12:53:03
b302f01bd4aef372698fe375d55f282d,41736,24942,12:52:53
07e0ba6c705f6ecc86903a0526fd75b2,41784,1473,12:54:11
ced60c56bd08ff8ab0d50be22198cc00,61705,23722,12:54:31
63486317addf170aa5abc64cf9a7fa19,41760,44614,12:53:21
538bf4b8389a34feab499fb67f463f2c,41745,30151,12:54:21
b9bad8ac1153c822fb4da06370d2fcbc,41792,18931,12:53:53
ade68161eb625a15b783236c57274004,45472,5838,12:55:13
06c66781739cadb99e08b71205e5fde7,41744,40233,12:52:03
2607d7b7b426b1553d7500db91b7f782,41744,5272,12:55:56
e7d027c0bd762f22a6f1216811a8b4e2,41744,42914,12:58:04
690f0addb43e2262eccb04024556ffe3,41816,47821,12:57:13
db5ea09f176ce7f4a6f32f4a53ce0707,41744,2743,12:58:36
c74cc708850056291da847f44ce53144,47878,11313,12:58:42
190c5a3ea736f1fcfe12da2801cfc67f,41736,23944,13:00:16
4fddfcdeda2b13cc0d46773304902c48,41792,43981,12:56:39
2a0e3e9551c68fd3bbfcb4ffb4b4c5a6,62754,20092,13:00:16
e47a12617f0b3641894aebc0ec6ecb8b,33552,7399,13:00:35
f68961521193fe06883be8d60c474dae,21765,18081,13:01:40
0c8392d04be5a569b4c2b4b3fedf36c1,41853,61213,13:02:57
1847971d7a7a42d5d4078dd069f6580d,33573,6789,13:03:41
8c22fbdabfd000da59c7f82eab5d1b74,41771,32802,13:03:27
f0b05b3c6759a900c3b00e1e42de6a6d,41771,55221,13:07:04
6837431b956d746e4daff8a8a942f198,41823,1293,13:05:31
4d938430170d7ebb1243e237f9e81327,33556,34571,13:06:00
83c70281ed8196a31ae3e276a1128d5c,41760,21593,13:06:13
3a37a430f28113fd77fb5da31ec5f257,33599,55248,13:03:37
908a2060d812b67c04f3090055a3d1e3,41768,31011,13:04:21
19b17bd56d91c0c3c90e571bc0c5f07d,64887,16493,13:08:17
88b146fe7673f425fdfcbdd8f8aafb51,41760,9715,13:08:09
d747a90c68ac95c4120c651b852e114c,63265,5196,13:09:27
faee9728321b9e9c85e715a0bb5e2424,33576,48812,13:09:45
2e22025d9ee65c895206d576f664e681,41776,51242,13:10:14
fde1e1c81b9c575ec9c6a0426936ce09,33565,29576,13:04:33
e8e8bdc56fd9c55e5845493c9c65386f,41752,38373,13:10:26
45af2e9e79747048dfd7ff1f0862016f,61709,53611,13:11:16
a377f7875df9be61b023f504551c94c4,41736,11022,13:11:41
098d53eab1c3e68d6f0208b877a5dcb7,64779,24561,13:11:46
f7770248142adf1b7664164dd8b43234,41752,3443,13:12:36
4db346def05c06f57d8bcd017860adf0,41833,59264,13:12:57
35450d93464be0f15e276342b333786b,41736,21741,13:12:26
ad21a7993c76b478686f173ea884a73b,41792,7013,13:12:57
d788ef50801ee19e6727f489bc99bdf7,41784,28284,13:16:01
c2fcce5782b9c52c9f2d01ab01482e12,41780,55702,13:16:41
a52f8ac9815b7f0177f513e7727cf9ab,41816,46342,13:20:19
c2fcce5782b9c52c9f2d01ab01482e12,41780,55702,13:19:26
29d83bc2694055c254bce86be51800f2,41784,39192,13:20:34
916bef56e627027e158daa36804102e8,41817,48483,13:22:22
80d86c0af10778e794515335ff547667,41760,27992,13:23:55
ae7a9a3120cefeba393a1b9e9e850379,63377,331,13:24:26
168094cb0fb6d11d54a8b299e4ca9b7f,33594,28317,13:24:31
0f2971649460a159f0991510e5b5ac08,33591,367,13:24:44
1fd07f398663efd0c039ef9a6373b6be,41823,1262,13:23:30
8e48cb7710953776f7b33986c45ccde4,42241,4613,13:23:48
e93db9faaba693ecbc4e585214ce73bf,33553,36838,13:22:20
e1903df776c0ab567e076dc441df18ab,49510,10472,13:25:08
24185da5fd6c9683b1c8be397e34243c,41744,593,13:25:49
105b0389ceef382d33407bfed0966da4,59254,12581,13:26:22
105b0389ceef382d33407bfed0966da4,59254,12581,13:26:22
4b89781a8e8b3a8a0a636d9702bcfaf3,41792,22193,13:26:47
b80bafcf2ab0b98c14e917b31da01d7b,41768,36042,13:27:35
4fa3c4cae5a408cbb634bc3304441a54,33596,17128,13:27:50
340cc779e38c8a5e6b0523e2a44d1339,41745,1593,13:28:06
340cc779e38c8a5e6b0523e2a44d1339,41745,1593,13:28:23
b80bafcf2ab0b98c14e917b31da01d7b,41768,36042,13:28:23
d68ce8cb307ecf38b7c26090a8bdda36,41760,4273,13:29:13
faa7a10e9350240b23cac3c946b3bbcc,41833,59961,13:29:06
3622a9f2f6550306d0cc8f7ddeb6b677,41752,3283,13:29:47
18d7f0dbd651f8f5d633dd10060116a8,61848,1813,13:30:16
4b89781a8e8b3a8a0a636d9702bcfaf3,41792,22193,13:30:32
3622a9f2f6550306d0cc8f7ddeb6b677,41752,3283,13:31:03
4419e48687c532c2a09c7e72217708c7,41792,20763,13:30:13
8972f7a49182af70982504fb536f9f1e,41776,50841,13:30:47
20c9077c4916e6f2e50f5490890c244e,41792,7493,13:30:30
b8a152916421ec382cb4cef2bb108a01,41823,54161,13:32:50
4419e48687c532c2a09c7e72217708c7,41792,20763,13:32:03
61bfa50f25ea94871442dc1700d74346,41744,46541,13:31:29
8e877b551c894384c666f557dc79de1a,41792,7921,13:34:30
3c062c2daa0d21eb2c30a0bb4933d360,41752,10803,13:37:12
32c38d93ceea9c895ecfd3d556a400f2,41784,2262,13:37:03
0f73866f28e7aebcad6f6fa014ae37a0,41744,23533,13:37:49
b39923fdeeb4481ae9d7c51adf8ea3ea,53535,32001,13:35:38
d789b3b3392f7b53cceaf2b5117f813d,41745,40332,13:38:53
8699353fa8b2765541c100bab33ad4ed,41768,24173,13:40:22
7afc1b465b4369d8af49b3cb97751617,38496,1971,13:36:30
7afc1b465b4369d8af49b3cb97751617,38496,1971,13:40:08
e57c45933742ae47748c6bfa8a28e4df,61875,1544,13:40:41
3c062c2daa0d21eb2c30a0bb4933d360,41752,10803,13:41:12
20f2bb68e455cbe77ec185a96e597e80,41756,50271,13:38:55
c2512999b1a0c12853cd601d0a0dd7af,41792,7223,13:41:55
e00a124ef4b63a0b98fc6a50dfb474d5,40993,15631,13:41:27
5b4603cee6d901cf9907a59e600ff4eb,41784,24401,13:42:38
1606493855507ae32df866128bf8df44,41760,4351,13:42:21
010c20bdc152fd43b529415d4a624ef3,41760,39032,13:43:30
168094cb0fb6d11d54a8b299e4ca9b7f,33594,28317,13:43:47
8699353fa8b2765541c100bab33ad4ed,41768,24173,13:45:02
3949b69d05a119da0c7be647c0463338,41768,23052,13:47:11
c8fcd2d4de04d60ec529ab65abfb6449,57652,50319,13:47:12
51efc1c7a0347861ff4ee17bba750415,41744,13,13:46:46
2d6a9824602df0262339b9796c9362cc,41736,5456,13:47:46
a3649294dffca22f3be65abbf9b85b33,41776,7062,13:48:39
62905e9f3f262b9d40992b66be847c20,13579,51672,13:48:21
04e75cf9e3d1a19ecdb0a2156502e43f,41776,34994,13:48:43
04e75cf9e3d1a19ecdb0a2156502e43f,41776,34994,13:48:45
6ab553e503f542cf70f7937926e5c25e,33594,61126,13:50:38
0a28204fac7b9c654dc208735d6d0833,33571,42342,13:49:38
cff4b6257ef2fce2cdf3fa4e23afbb51,41764,42512,13:54:33
13da91b16fb7f6bcbcc06cb448c0e527,41760,14131,13:56:08
6785be11257152804b24161b0873263e,33556,37770,13:53:04
39540dddedd41f23e2c87fb001b815a7,33078,41036,13:56:25
f31ca3a92fb4ba63c56c0e9779a184ef,41778,3192,13:56:41
fcc2f52d27aa8eda2e656e8c4d64d3ca,41764,9023,13:56:50
782304d0ec72832842136064187ef4d7,41833,42273,13:57:40
83209f06eb31ab4975de3f17473fb972,33097,50072,13:55:07
9b2cf7c52805edceed1ae3481c91b830,33573,6789,13:56:16
ab22a48f54774162dfea68d29dbf6240,41764,39741,14:02:24
cb299ff45e8b0316e15073fbd6661038,41744,291,14:02:49
42cfbd40942f6da5f88b2f34f7f330b2,41764,40623,14:02:17
85be26140628903525e526a3c07f9d34,41760,10591,14:03:36
807b0cbac08e140df9585e946eb07075,41792,45182,14:03:42
7bfd0f101c57de69d18b937b05eb235d,41745,46523,14:04:47
c4d2414214f12b5754c8f8abd78bb07e,33573,18538,14:02:49
7d1aadf2f109760b3ad9ec5930c7503c,41752,39732,14:07:32
fe506c76f71d9d36df457ea354895433,41792,23992,14:07:51
d6c32a59f6e25126d808280ad3009a93,33567,23997,14:06:03
d6c32a59f6e25126d808280ad3009a93,33567,23997,14:05:32
282412646478e3044dc57172ac213d02,61828,2323,14:10:13
361754ceb3152542eb217e77fc8e1173,39173,31603,14:08:10
d7543bda165123fa21aa8efe1966fdb6,41745,22435,14:11:45
a15fd4beb07cccf4dbe81137eb1fd419,41816,47943,14:13:28
ddd9f9462c45ba14245dec4874e5d02f,41852,47131,14:17:27
79b89068fd78399a503c82ff4decc293,41760,4323,14:16:51
73099e5d79986a9c26b8e558430954de,29742,53271,14:15:25
be4274f7bb0890d82d2a81c638bfa640,58114,18803,14:19:12
3baa143a133fa699526bebf02965e562,41784,1541,14:18:29
35ddb93f2264d153fa7c3af28d4202e7,33561,42570,14:16:04
bdf86b885e1c4c4b694e5dde191dbe43,41792,8282,14:19:09
86651faf64b4ce072aa8a179ebd465d4,41768,2612,14:20:24
d86010d13564da0fa2bd314ee4923393,61753,3471,14:21:39
8ae820331661f41fe3f8475f25457090,41820,50882,14:23:16
74b7b91acf100faddb04488249e675ad,41768,1483,14:24:04
02dc36cd32b45a9c8bf05bd0f1bf7821,41736,6841,14:21:55
5a705ddade405ab61ee563522a94da37,33595,16308,14:26:06
47bdd53f380a24d8e86f46b48c66cf95,28676,31101,14:26:31
5a705ddade405ab61ee563522a94da37,33595,16308,14:26:24
c0efa5358582ecc4f052b8d347ecb93c,41764,40592,14:28:39
ab81a3be2b59f8986d581869f7294906,41744,291,14:30:56
03f0495f92789283f27b41004cc56a3a,33591,14979,14:27:49
0c2488062aeb67ad1af8db6f4ad3c52d,41760,39002,14:31:25
8e35e9ba09e19c4b61b27f016679c84b,41752,10902,14:29:09
80218233d68832d8c7a7625e15208438,64770,9521,14:33:39
fb3af11b6b4d771a82f85c677846e566,33563,5551,14:33:14
fb3af11b6b4d771a82f85c677846e566,33563,5551,14:33:15
0c2d4a8b5a2e08dc106e2f9e425ae90b,41745,21841,14:33:19
2e5d8dc2705c0a123b777c028ffc0559,33564,28249,14:34:11
cce548fc3db2496af29e1d43366666bc,62727,12157,14:35:16
c00638aca9d4b2e98867ca7ce10efc89,41752,45931,14:36:27
286b4e28efd7ad42adc5b6dde29d29fe,33580,14220,14:36:49
0c5b29f5f785ab88a50f39d8628237a8,41744,26552,14:36:11
a706e5bbc35ce853c8776b493e8ccf67,41760,44601,14:37:14
fd89616211e28e807d78ecc6e3d4218d,48083,11181,14:40:07
dd9c74a4f015f19090417277751c5b0b,33567,25687,14:37:44
de228fe0a96168ae529e26c49b686be1,42246,22861,14:40:52
067abae5c1a7251ef54e2068d402a004,41753,3753,14:43:03
8dfff905228df897e59d76a289579234,41768,8741,14:43:11
7ace13bd52df97351bd7d08e9b80ba3f,12336,18623,14:38:04
ff48e82022dd26861f6276f8c61df2c5,55677,19982,14:47:34
a01b2be3a5c0d2cc40a652a30d95f872,33590,14807,14:48:08
fc4acd1b8b4203569d4486177239436c,37377,10122,14:57:52
56f6db6b2ee739ac0174550bb8e2e4a0,33041,16101,14:57:43
d24968d9dfddaf95e843fe81dcf7b5a0,61773,4365,14:56:55
900d207a99f38c4e0dd987e18f94fee7,41768,29653,14:56:58
3f3b384560cad596e621f41db95e6e24,41764,9186,14:58:16
e8176eca5276feffb8b8e013bf1db0bd,33582,21417,14:58:38
4a65d22e14f7acd22851e3531174c521,41792,23461,14:58:52
f366a937fc6eb9645a69794c70395a5b,41013,59131,14:59:33
8ca5b1c9ec49579980ce8a4ab3149e2c,41784,1441,15:00:44
eb14a2fd43c02c89381d6ebc6829c010,33568,3791,15:00:51
89442c192f34996ff7a333703cd64386,41784,2326,14:59:08
2dd379d139fb95c9dff93eac019e36cb,41744,721,15:06:37
1b1daefa523578ea3aa1f0451fe2272e,33567,29089,15:05:35
b48e1cb7be6215b973ffcb121392e63a,41816,48791,15:10:42
774baf7e16fc5289a7ea57b1c62bb97a,41744,51699,15:11:37
f7ebe054eb982b638835f4c63f10cdd9,41792,7631,15:11:57
9cc274d33b3ed770b01ecb194aa1c86d,41752,46851,15:14:57
afaad7120501fcd85f0eb7c9076f5a73,41768,36271,15:15:14
5c99719b740dea97fa55369049d41695,41768,31081,15:17:07
afaad7120501fcd85f0eb7c9076f5a73,41768,36271,15:18:02
afaad7120501fcd85f0eb7c9076f5a73,41768,36271,15:18:02
afaad7120501fcd85f0eb7c9076f5a73,41768,36271,15:18:04
afaad7120501fcd85f0eb7c9076f5a73,41768,36271,15:18:04
72980ef2053558d28fcfa0584d1ece5f,41745,11178,15:18:36
51eb4af0761d4544acf07b2532dd4a50,41778,55632,15:18:29
774baf7e16fc5289a7ea57b1c62bb97a,41744,51699,15:21:25
a91da809410a7c25c91426dac7947f84,41744,45612,15:22:12
375ff8e810e77a897d31c567bc572b9a,64859,11755,15:23:22
c0692e607ff314236e54d5be65d63e36,41756,32253,15:22:36
d81510d525d75009e80efd4a99ccf8c6,42244,40247,15:20:46
42d05a1d87afc51959dce54f1162f628,33590,16129,15:23:38
42d05a1d87afc51959dce54f1162f628,33590,16129,15:24:30
db10b068b4124db4f104cd15e3e91900,41744,9662,15:25:04
34aa605a524e230438734a3ec95b712a,41773,51064,15:29:11
23c167cef350af25b5d3245b06b4cd44,41768,34721,15:28:04
02addc141d230c2ffc3c03384d53d639,41752,3426,15:29:44
d487a754fb0b0cf94832e744d5c0ca65,41853,46141,15:30:32
583fc11bfd2718ece2d472a462cff41f,41744,2712,15:31:07
09be4d1a707c9c738dae23be21f8a7ee,46417,4882,15:32:15
b85b9808c5e6994a31e64fc0e6143252,41753,40542,15:33:30
42aa8a72ca2a8191ed0a6402c1509032,41736,5423,15:32:51
34aa605a524e230438734a3ec95b712a,41773,51064,15:34:54
7adb51f3bb5fc8c104051e82bb7d667d,57602,9382,15:35:00
814640a3a65c3397cc4e2d140ecef0f8,41744,26871,15:35:06
d487a754fb0b0cf94832e744d5c0ca65,41853,46141,15:37:13
a5dcd84a8e6f705ecbfe5713ed5028df,41768,2613,15:42:35
bad000395627aa7a10b4ad4fd4062128,41744,39293,15:43:02
94b8b5971f0184c8d3d78eb3e2112554,33571,40257,15:42:20
376f863058073535782880373bacc2fc,58120,36801,15:48:51
72a5126420598f5ec4fdc08f99b58604,41768,26582,15:52:40
6e52a19958fdc4bb5c691e7a65678bbb,8401,47151,15:52:41
a6dad4aa57851cb94d5330c474f97ce8,41752,38374,15:57:31
6e52a19958fdc4bb5c691e7a65678bbb,8401,47151,15:57:47
95a8f844d8cd5b542036bf5af7a7bd56,41792,17366,16:03:13
6b2fc0f6118c886365506eb550f438e5,41745,24773,16:12:08
3645f928cf07bb0da04d9f1e1b7d1cef,41772,5501,16:22:18
63d54565b308b451a24206608558ef0c,41760,26382,16:34:27
d8b8f54bf68751cd3a40f0e75be88fc3,33558,49031,16:47:51
482ac4223c62de9887281bbbafa00248,8421,19698,16:44:01
275659e95533f8575c0c557b5811834d,41776,27782,17:09:58
b0ff8747a554d8a9582b185c78125dc8,41744,26631,17:15:05
cede93c84a8f33209e3f8f8ffa1ae1c8,41792,39511,17:14:52
f48b6ab83fe09437d826f17ed15f99ec,53511,2637,17:22:33
749b7fb661b55a679951eaf6c9e81a4f,41832,38102,17:25:09
d6608efc71e7218df5e6f9989c4d77cc,33568,850,17:30:43
a2149849a2a3bddabc6010c8a3a714ba,41744,39295,17:36:11
20e47ca2dce8e365712efeae8445f970,41776,34991,17:39:42
f569d21593e673cd7095223cd71f7b40,41784,2261,17:43:30
3b297644f2bc2e6dceca9a509a926489,41744,26393,17:45:45
189274e176f4de8769788a2b0a96a444,41832,44301,17:50:22
e48f577cb0f59c5fe49b069def08d2b2,41823,53572,17:52:48
e48f577cb0f59c5fe49b069def08d2b2,41823,53572,17:52:48
e8e8bdc56fd9c55e5845493c9c65386f,41752,38373,18:02:56
d2392d0d670ff2f25328f74d3c8a7b77,41764,9101,18:09:51
e9e673cf74f03a7dc23fbca774ee35c6,63435,13991,18:14:29
1557447c624511785d85f6b199c149b5,33552,11434,18:15:23
444b5d2218fb14cf692886acc46a2d54,62848,11633,18:26:25
550c9d6881587ba2cec00f38036fc019,41776,30604,18:27:07
5ef84e171a2e78da305ae60c2e633fab,42254,14415,18:40:41
2eb0825bc678d2c99d2c2bad85c9bb4b,41784,44434,18:54:33
a1b71884c3870f127611d5deeede4a72,41760,28001,18:56:32
bbfc950f51095cb87f3b33196b646caf,41768,6252,19:14:26
ad83a122faf18cbe3d1375a00feb6267,41764,9262,19:17:33
28ba23ffab65c4c27312dbb479623c01,41817,49732,19:29:12
22c8c373761b59b758bc52e4e7d72f7b,41832,38361,19:31:27
38d31df26c9d848f9cef71a39b378040,41768,31323,19:32:28
24fea956a0c14f40574ea697c1a34d15,57704,1611,19:37:29
a84c1c3775bd9b933b4a43294c0f71dc,33562,4681,20:57:45
a84c1c3775bd9b933b4a43294c0f71dc,33562,13787,21:04:57
a411fac72cc36b34b0324c7c27f8adde,33551,38101,21:07:20
24ac24c19008953e20b698edc463853f,33570,48451,21:36:55
