9a7dfced6ac316bb63175291daf733cf,12689,13876,01:51:16
9a7dfced6ac316bb63175291daf733cf,12689,13876,01:52:14
9a7dfced6ac316bb63175291daf733cf,12689,13876,01:54:11
9a7dfced6ac316bb63175291daf733cf,12689,13876,01:56:12
9a7dfced6ac316bb63175291daf733cf,12689,13876,01:58:06
9a7dfced6ac316bb63175291daf733cf,12689,13876,02:00:01
9f1d663c939e119b13d52c59ab010ab6,41769,53281,07:02:43
199fa787e7d26f0d08e98674b984896c,33563,4465,08:33:16
9051133a718994f703ddb4156d7cc56b,55584,41864,08:33:11
63a9c0df6af43e228dd8668c929ce3e4,39173,30883,08:34:30
ec9826900d03d805b6e0036111636aec,16004,61072,08:35:09
ec9826900d03d805b6e0036111636aec,16004,61072,08:35:09
025b673ae2e59ce7db9b5398ea14d6a6,41784,39222,08:36:31
ec9826900d03d805b6e0036111636aec,16004,61072,08:36:37
7c6025c6895589d90e00f9609e595632,64979,30093,08:39:01
dcc435d2bee1e43a93083c61921bb290,33188,46203,08:37:28
99edac8a92388c59ad52398102cd67eb,41745,1533,08:40:30
691adb980582f9843b25090a3ecffc3c,29738,32761,08:39:45
691adb980582f9843b25090a3ecffc3c,29738,32761,08:39:45
f271decf713465ed5ae3fe42de3017eb,41745,24773,08:41:58
f271decf713465ed5ae3fe42de3017eb,41745,24773,08:41:58
691adb980582f9843b25090a3ecffc3c,29738,32761,08:42:32
dcc435d2bee1e43a93083c61921bb290,33188,46203,08:40:45
babb8a4c365ec27c2958d6e811b6bca4,41778,35585,08:43:16
ed844e9a783f35b6bdfd59fa394b46f3,41768,5276,08:42:46
7c66b4ebb6bb7c36dd167752b3afa858,29960,25422,08:41:41
773b9e3f3bfd623289232a78bb6a2217,33577,17134,08:40:40
02a78aa0c6e425e3639914556f766536,41745,39871,08:44:53
8a063e9f8fd9d447cde135e30d3f4958,61827,1791,08:45:19
82817708063316bf48de8e7445430d69,41784,26052,08:45:05
82817708063316bf48de8e7445430d69,41784,26052,08:45:05
859263f7a71ceef043e925fa63a1dc79,10113,20302,08:42:58
691adb980582f9843b25090a3ecffc3c,29738,32761,08:45:37
82817708063316bf48de8e7445430d69,41784,26052,08:46:34
cce43864d8412947c79505be07df38ea,53515,27951,08:48:08
7c66b4ebb6bb7c36dd167752b3afa858,29960,25422,08:45:13
82817708063316bf48de8e7445430d69,41784,26052,08:48:07
691adb980582f9843b25090a3ecffc3c,29738,32761,08:48:08
691adb980582f9843b25090a3ecffc3c,29738,32761,08:50:24
7c66b4ebb6bb7c36dd167752b3afa858,29960,25422,08:48:40
11f89db1c18e15a25e576f60ffe92cef,5462,55516,08:49:05
eedb50938ec5f4edd11fa79b664bbbb8,41771,27381,08:49:05
d68fee043995c39c75e80b609867892c,41776,29096,08:52:10
d19210665bad26c912f6b2346e4cff50,33586,21651,08:53:17
6b5a63d771a39229fc0d64836ba3a3b4,41780,4943,08:53:46
eb5f4020683f52cdb93a8b33e85f65a5,286,36381,08:45:30
eb5f4020683f52cdb93a8b33e85f65a5,286,36381,08:52:06
1bdab0fa1e7b755f44187893c5f000cb,41744,1331,08:54:51
7c66b4ebb6bb7c36dd167752b3afa858,29960,25422,08:52:09
691adb980582f9843b25090a3ecffc3c,29738,32761,08:54:44
6b5a63d771a39229fc0d64836ba3a3b4,41780,4943,08:55:12
1bdab0fa1e7b755f44187893c5f000cb,41744,1331,08:55:43
9ae9d75be63d06388f20584ade6edd17,41752,3163,08:55:34
1bdab0fa1e7b755f44187893c5f000cb,41744,1331,08:56:28
da6937037ca4e1766834fb257f6194cd,41792,41481,08:56:20
859263f7a71ceef043e925fa63a1dc79,10113,20302,08:54:16
da6937037ca4e1766834fb257f6194cd,41792,41481,08:58:51
f8e98c0fb9a3b0167c4546dc33092e2b,41756,34183,09:00:41
eb5f4020683f52cdb93a8b33e85f65a5,286,36381,08:52:07
bba27e909277fc26d4d79328074dda91,41744,1127,09:00:50
da6937037ca4e1766834fb257f6194cd,41792,41481,09:01:10
d68425edc230f283f792733ab3a3957f,1067,36568,09:00:00
333dfd3f92f55d076536b1370c434a4b,63238,43332,09:01:34
f8e98c0fb9a3b0167c4546dc33092e2b,41756,34183,09:01:45
da6937037ca4e1766834fb257f6194cd,41792,41481,09:02:12
da6937037ca4e1766834fb257f6194cd,41792,41481,09:03:28
4e95cb2ea7a940b2ceab98d8e8f75cbf,41760,8632,09:02:49
d68425edc230f283f792733ab3a3957f,1067,36568,09:00:17
1d76190cd39acc305b8b30036abab5ea,41768,27123,09:04:01
c9950e0e60585659d0163481627e350d,33564,18189,09:01:09
465aa9e644f1c83fea35c57d7047f095,33559,42347,09:02:56
465aa9e644f1c83fea35c57d7047f095,33559,42347,09:03:00
d68425edc230f283f792733ab3a3957f,1067,36568,09:02:55
fdbff47836f6a8ef2f673fcb58f11013,29440,28211,09:06:28
fdbff47836f6a8ef2f673fcb58f11013,29440,28211,09:06:38
fdbff47836f6a8ef2f673fcb58f11013,29440,28211,09:06:50
da6937037ca4e1766834fb257f6194cd,41792,41481,09:06:28
859263f7a71ceef043e925fa63a1dc79,10113,20302,09:04:02
1a82dffb57d8c250c4f8df46559e6ac5,41736,32745,09:07:00
dc43925c038866af9c438d90dbd42e58,42528,50853,09:04:17
eb5f4020683f52cdb93a8b33e85f65a5,286,36381,09:00:37
fdbff47836f6a8ef2f673fcb58f11013,29440,28211,09:08:05
1d76190cd39acc305b8b30036abab5ea,41768,27123,09:07:29
1a82dffb57d8c250c4f8df46559e6ac5,41736,32745,09:08:50
dc43925c038866af9c438d90dbd42e58,42528,50853,09:05:36
859263f7a71ceef043e925fa63a1dc79,10113,20302,09:07:08
dc43925c038866af9c438d90dbd42e58,42528,50853,09:06:58
dc43925c038866af9c438d90dbd42e58,42528,50853,09:08:06
856e99780c842d8ac3235bccc96c0afd,41776,49143,09:10:49
eca0bda80d365c5b44887ab9048d71f3,46960,10081,09:12:16
dc43925c038866af9c438d90dbd42e58,42528,50853,09:09:15
3c3c630cfd5d1e20ef8fdfaed6e2efc7,54224,20491,09:12:15
61cb1e03c2e06fe78c452f4e7c768503,41736,5993,09:12:24
61cb1e03c2e06fe78c452f4e7c768503,41736,5993,09:12:26
eb5f4020683f52cdb93a8b33e85f65a5,286,36381,09:05:10
856e99780c842d8ac3235bccc96c0afd,41776,49143,09:14:21
b15bd55cb1f2b70c62760770ab1de859,61828,591,09:14:35
61cb1e03c2e06fe78c452f4e7c768503,41736,6261,09:14:47
361754ceb3152542eb217e77fc8e1173,39173,31603,09:11:54
f714ce7c7139767161015736a0b68549,42246,2972,09:15:16
28c9d28ead2a96e12ce7e9fe116d423f,13104,22593,09:14:02
b15bd55cb1f2b70c62760770ab1de859,61828,591,09:17:33
61cb1e03c2e06fe78c452f4e7c768503,41736,6261,09:18:10
b73039850e6488297bb32b8da1c3dd3f,33551,39182,09:15:41
eb5f4020683f52cdb93a8b33e85f65a5,286,36381,09:10:25
361754ceb3152542eb217e77fc8e1173,39173,31603,09:15:49
361754ceb3152542eb217e77fc8e1173,39173,31603,09:17:57
4f7852336cb8017dec22ce3ceeef4cf2,41744,38161,09:24:10
4f7852336cb8017dec22ce3ceeef4cf2,41744,38161,09:25:28
859263f7a71ceef043e925fa63a1dc79,10113,20302,09:24:18
f4945658f0031b7a0e802dc479934c4b,33576,47812,09:26:29
f4945658f0031b7a0e802dc479934c4b,33576,47812,09:26:37
4f7852336cb8017dec22ce3ceeef4cf2,41744,38161,09:26:56
c40f88e3774e63db69de2fb3ccff4722,33564,17329,09:27:39
0a65e9995acb41746d155ae2f6b89eca,33566,26070,09:24:09
cd7a3de2eb40eb0fd6b4284103247518,33590,10639,09:28:14
14177f8de376ed6c1e7fae805e711680,33589,41552,09:26:15
b634339d2a3c090de8b29c24d05fd94f,41816,55384,09:30:04
b634339d2a3c090de8b29c24d05fd94f,41816,55384,09:30:06
859263f7a71ceef043e925fa63a1dc79,10113,20302,09:28:00
9beea00b4f1c216f926135c932aa4b4a,48391,31541,09:31:57
ab2192503a7be17f823feff59a94d73b,8510,15008,09:30:32
193d6362f14144dce3a2a1fc33da2c07,41736,5081,09:31:21
193d6362f14144dce3a2a1fc33da2c07,41736,5081,09:31:41
9c8145bc8420c1809e7270b7efaad559,41792,23231,09:34:43
9c8145bc8420c1809e7270b7efaad559,41792,23231,09:36:15
d0c339073e46ba0675a583e4022b8b44,33586,7456,09:33:04
92adb3721e98ff1effede058936a75e0,20833,20151,09:32:50
99f43e574bf883a55983cec6651c6d90,44092,34533,09:37:06
52c6f7aa4cd2abfae56ae96bff7323df,33565,28494,09:37:45
3a3513ce8a4f803e527995e32e314cde,41773,28961,09:38:19
e56eec61e8e070e75ebcd67e96a53713,47883,14523,09:38:50
e56eec61e8e070e75ebcd67e96a53713,47883,14523,09:38:53
c713b2265c377b11fb71b4724f035b6a,41776,34711,09:36:30
d0c339073e46ba0675a583e4022b8b44,33586,7456,09:37:15
11d08c7a168dfffd7aa6f1c4964cf7c1,33599,55872,09:38:18
f44ab9f725b096665cdbbc6318d8ec86,41744,38322,09:40:58
e56eec61e8e070e75ebcd67e96a53713,47883,14523,09:40:34
e56eec61e8e070e75ebcd67e96a53713,47883,14523,09:41:27
e56eec61e8e070e75ebcd67e96a53713,47883,14523,09:41:43
f44ab9f725b096665cdbbc6318d8ec86,41744,38322,09:43:17
d0c339073e46ba0675a583e4022b8b44,33586,7456,09:41:43
f44ab9f725b096665cdbbc6318d8ec86,41744,38322,09:45:23
22f404c0d650a380f88db0ee32438199,33575,50182,09:43:15
f44ab9f725b096665cdbbc6318d8ec86,41744,38322,09:46:29
7364e5f51457418ee291676e6d18cb5f,41771,55251,09:46:48
7364e5f51457418ee291676e6d18cb5f,41771,55251,09:46:56
fc796ed6916ef5f23a6e4673ed3a3a8c,37648,50431,09:47:00
1165879dbdf6542074457c1f3aedb6b7,41784,21491,09:47:16
1165879dbdf6542074457c1f3aedb6b7,41784,21491,09:47:18
49b8564083bc77bc89f19ae746250ca6,33594,18568,09:47:45
54839df4be925e3f44a0b4023a2da9ec,33557,32517,09:44:57
1d19d7e1006c0bda7ebfc6f7b2ba23b3,8560,46092,09:45:37
1165879dbdf6542074457c1f3aedb6b7,41784,21491,09:49:57
49b8564083bc77bc89f19ae746250ca6,33594,18568,09:49:26
7364e5f51457418ee291676e6d18cb5f,41771,55251,09:50:05
1165879dbdf6542074457c1f3aedb6b7,41784,21491,09:51:37
14177f8de376ed6c1e7fae805e711680,33589,41552,09:47:35
edf8e60824e3a22d1615a53da939a709,41764,43241,09:50:02
54839df4be925e3f44a0b4023a2da9ec,33557,32517,09:48:24
edf8e60824e3a22d1615a53da939a709,41764,43241,09:51:09
d0c339073e46ba0675a583e4022b8b44,33586,7456,09:48:57
6a6ba03100235dce26ef48fd3f3dcea0,33558,41916,09:51:09
1d19d7e1006c0bda7ebfc6f7b2ba23b3,8560,46092,09:50:28
1d19d7e1006c0bda7ebfc6f7b2ba23b3,8560,46092,09:50:35
7364e5f51457418ee291676e6d18cb5f,41771,55251,09:53:13
14177f8de376ed6c1e7fae805e711680,33589,41552,09:51:54
9f56e96515a24113014de87db65d8450,33591,21020,09:56:31
267f40fe002319570f6b7811fc3b5d3f,1090,10931,09:53:52
54839df4be925e3f44a0b4023a2da9ec,33557,32517,09:52:31
1d19d7e1006c0bda7ebfc6f7b2ba23b3,8560,46092,09:54:10
9efd7046e9755eaab01a1552eb36f5b9,41776,25862,09:57:52
007cbae0649b16bdd7cbc2793fdc94c7,41744,39843,09:57:30
6c0e503411f136a12323595108d5dd76,41744,552,09:58:09
14177f8de376ed6c1e7fae805e711680,33589,41552,09:55:31
6b72aa278c398c954da8370a611abb14,20832,39413,09:56:19
9efd7046e9755eaab01a1552eb36f5b9,41776,25862,09:59:44
1d19d7e1006c0bda7ebfc6f7b2ba23b3,8560,46092,09:58:04
1d19d7e1006c0bda7ebfc6f7b2ba23b3,8560,46092,09:58:08
9efd7046e9755eaab01a1552eb36f5b9,41776,25862,10:02:33
14177f8de376ed6c1e7fae805e711680,33589,41552,09:59:07
54839df4be925e3f44a0b4023a2da9ec,33557,32517,09:59:54
3484dc976f477ba34c30a0d93da1df5f,5915,22322,09:59:41
7c40013f3877426925e96da042143c73,41832,38051,10:03:32
a415f79f726afcac54f7d42eaac94d64,41776,25732,10:03:38
1d19d7e1006c0bda7ebfc6f7b2ba23b3,8560,46092,10:01:58
cdba610f63971d93170e817a13e9cb7f,41736,45122,10:04:46
a2e33c36310397ef4c18472ca22a125a,33568,28774,10:01:41
9efd7046e9755eaab01a1552eb36f5b9,41776,25862,10:05:28
14177f8de376ed6c1e7fae805e711680,33589,41552,10:02:53
9efd7046e9755eaab01a1552eb36f5b9,41776,25862,10:08:17
36e3d6d9cbeab65302854990d8bbc719,41772,28028,10:08:05
1d19d7e1006c0bda7ebfc6f7b2ba23b3,8560,46101,10:05:53
14177f8de376ed6c1e7fae805e711680,33589,41552,10:05:24
1ad1d36743cbf0d2e3beeafc96d81bf0,61837,1273,10:07:36
a0e60a73765a40f5d7e53d0dfb64bf77,55552,1181,10:09:17
6504aaf8a65c48c6c40eb399be04cd03,41823,53608,10:09:19
6504aaf8a65c48c6c40eb399be04cd03,41823,53608,10:09:20
9efd7046e9755eaab01a1552eb36f5b9,41776,25862,10:10:52
f4b3ac68f271319a159d0483f949f3bc,41736,42401,10:11:33
a1e100174eeea31b7ecf1d91f78ed9ae,33582,5052,10:07:23
d50987a765e498a761dd971f2ec17ed3,41736,6231,10:04:45
038f53f9d6d196715cf6497e3f06885e,41792,8481,10:12:31
d553d1de3b18a40f4ee10446d3c0374e,64773,1553,10:13:39
a1e100174eeea31b7ecf1d91f78ed9ae,33582,5052,10:10:43
bc2cdfb8feadaf5e792c175733335a9b,41784,2091,10:15:03
407a532b41d42bc86df4a9d1826f54ce,41816,46111,10:11:21
038f53f9d6d196715cf6497e3f06885e,41792,8481,10:14:13
a0e60a73765a40f5d7e53d0dfb64bf77,55552,1181,10:15:46
bd50a330586c534efad864c124e36a75,41744,131,10:15:11
407a532b41d42bc86df4a9d1826f54ce,41816,46111,10:12:18
bd50a330586c534efad864c124e36a75,41744,131,10:16:25
b586ee6491aa80167c6dfb04c8563b44,41744,45612,10:16:50
d50987a765e498a761dd971f2ec17ed3,41736,6231,10:09:55
bc2cdfb8feadaf5e792c175733335a9b,41784,2091,10:17:17
bb4fcbe421a9731292e026f6f4b0b56f,41768,1792,10:18:35
d50987a765e498a761dd971f2ec17ed3,41736,6231,10:12:06
a1e100174eeea31b7ecf1d91f78ed9ae,33582,5052,10:15:42
a0e60a73765a40f5d7e53d0dfb64bf77,55552,1181,10:18:58
ad573679dcbbd0c1725e3dc7db96fb18,44084,35113,10:20:43
d50987a765e498a761dd971f2ec17ed3,41736,6231,10:13:49
0334bad1fc10cc7fe5a78113cb19fe91,39319,21242,10:17:46
a20e24eac9238c2c32f1566a39de7759,41760,10591,10:21:05
a0e60a73765a40f5d7e53d0dfb64bf77,55552,1181,10:22:03
d50987a765e498a761dd971f2ec17ed3,41736,6231,10:15:31
a1e100174eeea31b7ecf1d91f78ed9ae,33582,5052,10:18:50
a20e24eac9238c2c32f1566a39de7759,41764,44423,10:22:34
abd4214cd998b6e71326f463faa75078,41753,39553,10:22:48
a8dde60bb0a19230ab116ef0c846c414,41792,11622,10:22:52
14d7a1a44cb16458bddd51b455426e71,33582,12254,10:23:25
a8dde60bb0a19230ab116ef0c846c414,41792,11622,10:23:56
a20e24eac9238c2c32f1566a39de7759,41764,44422,10:24:23
0fdbd964bdc91274563a680aa35c2b5d,33586,11095,10:21:46
14d7a1a44cb16458bddd51b455426e71,33582,12254,10:24:55
abd4214cd998b6e71326f463faa75078,41753,39553,10:24:50
a20e24eac9238c2c32f1566a39de7759,41764,44422,10:25:53
a1e100174eeea31b7ecf1d91f78ed9ae,33582,5052,10:23:15
5a467b54ee593c50ad6a1baeeac41212,41773,27472,10:26:29
1ec87cd1daf89781ef680f89fe88c222,33593,6628,10:23:58
abd4214cd998b6e71326f463faa75078,41753,39553,10:26:41
a20e24eac9238c2c32f1566a39de7759,41764,44422,10:27:19
54213b132be0f8ef3e49557e3cdcd114,41752,10272,10:27:44
0fdbd964bdc91274563a680aa35c2b5d,33586,11095,10:25:16
a20e24eac9238c2c32f1566a39de7759,41764,44422,10:28:35
a20e24eac9238c2c32f1566a39de7759,41764,44422,10:28:35
abd4214cd998b6e71326f463faa75078,41753,39553,10:28:50
a20e24eac9238c2c32f1566a39de7759,41764,44422,10:29:23
a20e24eac9238c2c32f1566a39de7759,41764,44422,10:29:26
c374e95dea465e415679a496413e209c,41736,5201,10:29:20
a1e100174eeea31b7ecf1d91f78ed9ae,33582,5052,10:27:30
a20e24eac9238c2c32f1566a39de7759,41764,44422,10:29:44
a20e24eac9238c2c32f1566a39de7759,41764,44422,10:29:46
f074a71359bc35f3935847b05b853f63,41770,28681,10:31:44
abd4214cd998b6e71326f463faa75078,41753,39553,10:31:27
a1e100174eeea31b7ecf1d91f78ed9ae,33582,5052,10:27:33
0fdbd964bdc91274563a680aa35c2b5d,33586,11095,10:29:23
a1e100174eeea31b7ecf1d91f78ed9ae,33582,5052,10:30:09
6504aaf8a65c48c6c40eb399be04cd03,41823,53608,10:33:52
a1e100174eeea31b7ecf1d91f78ed9ae,33582,5052,10:31:13
3bf68ccf5ade1948d562d99ad58de3f9,41752,26262,10:34:55
b2e02864e7e53a1d168df71207da6aff,41792,7333,10:38:37
b2e02864e7e53a1d168df71207da6aff,41792,7333,10:38:39
3bf68ccf5ade1948d562d99ad58de3f9,41752,26262,10:36:39
24fafd357711905e1ef9c9b0856db377,33552,13567,10:33:51
25611e10aca68d784b750b44dd81b5ef,38512,38647,10:37:15
3bf68ccf5ade1948d562d99ad58de3f9,41752,26262,10:38:19
0659aad121bb8efc10b7ed089e9fbe79,33577,11944,10:37:03
24fafd357711905e1ef9c9b0856db377,33552,7417,10:38:11
b2e02864e7e53a1d168df71207da6aff,41792,7333,10:41:11
b2e02864e7e53a1d168df71207da6aff,41792,7333,10:42:30
0659aad121bb8efc10b7ed089e9fbe79,33577,11944,10:38:57
daaa91428074d26a536dda07865842a7,41764,9101,10:42:03
24fafd357711905e1ef9c9b0856db377,33552,7417,10:41:15
0659aad121bb8efc10b7ed089e9fbe79,33577,11944,10:40:41
daaa91428074d26a536dda07865842a7,41764,9101,10:44:19
823b5c4e3e06032be8df8d5f3e136583,41816,46212,10:43:17
823b5c4e3e06032be8df8d5f3e136583,41816,46212,10:44:23
b2e02864e7e53a1d168df71207da6aff,41792,7333,10:44:00
18533605d3e9d962a907ac83c2cc10ab,54684,12262,10:43:37
0659aad121bb8efc10b7ed089e9fbe79,33577,11944,10:42:16
b2e02864e7e53a1d168df71207da6aff,41792,7333,10:45:27
1586fa84f668b14d9f9c8010c1e715db,39332,2675,10:44:05
0659aad121bb8efc10b7ed089e9fbe79,33577,11944,10:43:52
174906a4c882d5e78c029c41c31c5d05,1332,12791,10:44:03
65a8b8bb53b972b8ecbf6bed686b196e,33561,43900,10:45:27
75d5afbeed6d45f2663b2e0a8635014b,41822,50133,10:45:33
67e3af220f8800e678f5f58c912ee292,13576,25801,10:45:30
5182e91b8c66e52ebd5749ab3a3a31e7,41784,2372,10:48:22
e591c7577c4c08c1dc5e5dc86a539410,33576,48370,10:49:08
0659aad121bb8efc10b7ed089e9fbe79,33577,11944,10:46:17
89b937955ac805624d3058a742977e25,41792,8443,10:47:39
153aa6c9820ac597b05465f863785b8c,41744,10171,10:47:47
74a1cb70f1c8d045d1d576c42d9e7562,41771,48535,10:44:24
0bc6da1a1a7622fd9b3664701765aa9f,33599,55219,10:50:57
65a8b8bb53b972b8ecbf6bed686b196e,33561,43900,10:49:04
37e22270c0fe50f5c46eb957a0f9890e,41848,59811,10:49:03
7195ceae87b9da0144d3f3d284d54562,33551,33260,10:53:37
153aa6c9820ac597b05465f863785b8c,41744,10171,10:45:45
74a1cb70f1c8d045d1d576c42d9e7562,41771,48535,10:47:24
74a1cb70f1c8d045d1d576c42d9e7562,41771,48535,10:50:11
75d5afbeed6d45f2663b2e0a8635014b,41822,50133,10:49:53
89b937955ac805624d3058a742977e25,41792,8443,10:51:28
67e3af220f8800e678f5f58c912ee292,13576,25801,10:51:55
816563bc2c236b13f5a9467b5cb745b8,21127,7011,10:52:49
89b937955ac805624d3058a742977e25,41792,8443,10:52:53
75d5afbeed6d45f2663b2e0a8635014b,41822,50133,10:53:59
89b937955ac805624d3058a742977e25,41792,8443,10:54:31
75d5afbeed6d45f2663b2e0a8635014b,41822,50133,10:41:25
b2e02864e7e53a1d168df71207da6aff,41792,7333,10:58:01
b2e02864e7e53a1d168df71207da6aff,41792,7333,10:58:03
b2e02864e7e53a1d168df71207da6aff,41792,7333,10:58:16
6fcf30252e0f19a9e73e462ab56c6d4c,33552,20584,10:55:07
89b937955ac805624d3058a742977e25,41792,8443,10:56:09
ee84dab05d4bde74b4d4709fc42cbfc0,33565,11146,10:58:27
67e3af220f8800e678f5f58c912ee292,13576,25801,10:56:26
6fcf30252e0f19a9e73e462ab56c6d4c,33552,20584,10:56:40
ee84dab05d4bde74b4d4709fc42cbfc0,33565,11146,11:00:48
1205a7d4b7aeec703886ae61e6544d52,43024,20453,11:00:27
816563bc2c236b13f5a9467b5cb745b8,21127,7011,10:58:08
816563bc2c236b13f5a9467b5cb745b8,21127,7011,10:59:05
b3f53b1573abb19ac4b62c2cbaac2898,41777,34852,11:01:43
46d2cdf6be702d639f18418a57d13f87,33591,1011,10:59:36
74a1cb70f1c8d045d1d576c42d9e7562,41771,48535,10:54:10
fe019568bf9dd75f1b3f7f0435260b05,57670,3814,11:03:21
46d2cdf6be702d639f18418a57d13f87,33591,1011,11:00:26
46d2cdf6be702d639f18418a57d13f87,33591,1011,10:59:51
46d2cdf6be702d639f18418a57d13f87,33591,1011,11:00:12
46d2cdf6be702d639f18418a57d13f87,33591,1011,11:00:33
46d2cdf6be702d639f18418a57d13f87,33591,1011,11:00:45
46d2cdf6be702d639f18418a57d13f87,33591,1011,10:59:47
b2e02864e7e53a1d168df71207da6aff,41792,7333,11:06:58
3ba36ee23913326825930623a05f338b,41776,51753,11:01:57
67e3af220f8800e678f5f58c912ee292,13576,25801,11:01:24
95cf48a29c1654854ff7e44c8c53e4a0,41736,46012,11:04:58
7500eec06a2338873c04cd2ac3d25779,62733,30021,11:06:02
3c42517e4db6ee152893b61f14e42c0c,33596,24576,11:03:32
b2e02864e7e53a1d168df71207da6aff,41792,7333,11:09:35
13ef480bbc32c1944997a0cc42506e19,33591,24522,11:03:25
fe019568bf9dd75f1b3f7f0435260b05,57670,3814,11:08:37
c3b2b1bc5b3f7d90167cc85deae14b3d,33586,1430,11:09:12
742befa51d21afe7099762f2df9cf36f,41792,7634,11:08:37
c5d7d611bac0fd56f6ef306bf95e22c1,41768,51873,11:08:43
b712b0e4001e3fc5309cf5ca2f1f9d6b,48519,19443,11:09:38
67e3af220f8800e678f5f58c912ee292,13576,25801,11:06:28
742befa51d21afe7099762f2df9cf36f,41792,7634,11:09:54
b2e02864e7e53a1d168df71207da6aff,41792,7333,11:11:55
c5d7d611bac0fd56f6ef306bf95e22c1,41768,51873,11:11:24
fe019568bf9dd75f1b3f7f0435260b05,57670,3814,11:10:36
75d5afbeed6d45f2663b2e0a8635014b,41822,50133,10:57:19
b712b0e4001e3fc5309cf5ca2f1f9d6b,37760,48922,11:10:58
741629989d31a83e0eb5304dc7f09148,41744,11351,11:11:53
90c168c21436a28bd9bbfeb9815fd110,41768,4552,11:11:51
fe019568bf9dd75f1b3f7f0435260b05,57670,3814,11:12:17
95cf48a29c1654854ff7e44c8c53e4a0,41736,46012,11:13:01
fe019568bf9dd75f1b3f7f0435260b05,57670,3814,11:13:51
95cf48a29c1654854ff7e44c8c53e4a0,41736,46012,11:14:55
fe019568bf9dd75f1b3f7f0435260b05,57670,3814,11:14:41
8c3519fcd8dcc93b733b6b7af66f7d2c,33591,23005,11:14:32
3c6671dfce181e690019f3057d07346e,41776,25731,11:14:48
706cad9784409501e321b5461d931ad6,53539,55673,11:15:32
df22719a55a935bcd9914cc1768b7a6a,41760,26382,11:16:00
3c6671dfce181e690019f3057d07346e,41776,25731,11:16:26
67e3af220f8800e678f5f58c912ee292,13576,25801,11:13:33
67e3af220f8800e678f5f58c912ee292,13576,25801,11:12:30
95cf48a29c1654854ff7e44c8c53e4a0,41736,46012,11:16:40
95cf48a29c1654854ff7e44c8c53e4a0,41736,46012,11:17:32
3c6671dfce181e690019f3057d07346e,41776,25731,11:17:23
01aa709c68f2ccb500020a85e9b22cfc,41792,9794,11:17:44
5c4aa3815a27845e76ac3442fed55988,33575,50180,11:14:48
abb1ba2e20d4cb2ec06e8f2a8601763c,41832,39265,11:18:31
df22719a55a935bcd9914cc1768b7a6a,41760,26382,11:18:41
7c043c618870a0d546fffcd3eec8fe60,33562,427,11:16:23
1bfc477019aa6103577f706047b3ee4f,41771,27221,11:20:17
df22719a55a935bcd9914cc1768b7a6a,41760,26382,11:20:14
95cf48a29c1654854ff7e44c8c53e4a0,41736,46012,11:22:27
fb094ac33f14c8e56d5503cf90732034,811,63453,11:19:07
df22719a55a935bcd9914cc1768b7a6a,41760,26382,11:22:08
0b6e69fb6fbffbc2bc4661b99137b419,42371,20106,11:23:19
afe87d7adb9cc56f0011fb0ebea6a9e5,63409,3102,11:23:58
4a3666ede47d75dd45c6979b7632bc00,54048,26733,11:24:20
5cf0722510147bc0f5b7e232d5378f90,41736,5492,11:24:55
df22719a55a935bcd9914cc1768b7a6a,41760,26382,11:25:37
7c043c618870a0d546fffcd3eec8fe60,33562,427,11:21:46
5cf0722510147bc0f5b7e232d5378f90,41736,5492,11:26:08
7494fb217e93e7545103f9289c762ca7,8585,54092,11:24:46
5cf0722510147bc0f5b7e232d5378f90,41736,5492,11:27:39
7c043c618870a0d546fffcd3eec8fe60,33562,427,11:26:07
ce06f4431c756c4865cc3470102a034c,17695,52711,11:31:35
6362b87d45212a5d44ae5773f8b301bd,33579,1140,11:27:39
6a6bc15085fdf01e4a4fa0194052fff9,41753,46279,11:32:20
585ecb5bbef7eef55d6c6f6d61072d12,33595,697,11:32:52
da77648b7b9ab5e859d6d9a91d262c4b,41744,22892,11:32:37
5cf0722510147bc0f5b7e232d5378f90,41736,5492,11:33:01
5cf0722510147bc0f5b7e232d5378f90,41736,5492,11:34:14
fb094ac33f14c8e56d5503cf90732034,811,63453,11:25:46
585ecb5bbef7eef55d6c6f6d61072d12,33595,697,11:33:13
2f8a9c881e8992d56bac4a022e5e5f1e,41784,2471,11:34:08
2f8a9c881e8992d56bac4a022e5e5f1e,41784,2471,11:34:11
2f8a9c881e8992d56bac4a022e5e5f1e,41784,2471,11:34:24
7c043c618870a0d546fffcd3eec8fe60,33562,427,11:31:53
5cf0722510147bc0f5b7e232d5378f90,41736,5492,11:35:22
6362b87d45212a5d44ae5773f8b301bd,33579,1140,11:33:26
7c043c618870a0d546fffcd3eec8fe60,33562,427,11:36:03
58a4543f3e5e72564943b8c12355520f,41770,5301,11:37:13
3484dc976f477ba34c30a0d93da1df5f,5915,22322,11:37:19
3484dc976f477ba34c30a0d93da1df5f,5915,22322,11:37:53
3484dc976f477ba34c30a0d93da1df5f,5915,22322,11:37:59
d669bc1167f121d01301ea14f4fd644c,33568,1970,11:38:11
58a4543f3e5e72564943b8c12355520f,41770,5301,11:40:07
1249f7e2937274cb9df6fa0f560d0499,41823,50668,11:42:36
7c043c618870a0d546fffcd3eec8fe60,33562,427,11:39:11
6362b87d45212a5d44ae5773f8b301bd,33579,1140,11:39:33
d669bc1167f121d01301ea14f4fd644c,33568,1970,11:40:16
e980f3fc48eac7be7ea2f85a789e1e58,33571,45972,11:43:38
f4447577135b028d51801798a862cca5,41824,2012,11:47:41
58a4543f3e5e72564943b8c12355520f,41770,5301,11:43:01
1f42a36b0f7c9095aa8679d64a84eca1,50529,21011,11:44:06
7c043c618870a0d546fffcd3eec8fe60,33562,427,11:41:05
83e688d79304a59658c8456d50e6524d,13576,20401,11:43:23
6362b87d45212a5d44ae5773f8b301bd,33579,1140,11:44:42
58a4543f3e5e72564943b8c12355520f,41770,5301,11:46:19
ac06567abdd97b2b6c5983a84c70f6ed,41820,52142,11:49:58
bff8462d696d8afefa487ed2d0aca686,41784,37735,11:49:11
83e688d79304a59658c8456d50e6524d,13576,20401,11:48:19
58a4543f3e5e72564943b8c12355520f,41770,5301,11:48:53
3484dc976f477ba34c30a0d93da1df5f,5915,22322,11:49:07
3484dc976f477ba34c30a0d93da1df5f,5915,22322,11:49:13
41c0a3d946db66e2cb20681a420c82d8,17922,33657,11:50:32
58686491db084f0ecf902dac9899c449,33580,4031,11:50:52
11cf101c5a6304f3e493432ca9f89962,53533,11543,11:53:25
11cf101c5a6304f3e493432ca9f89962,53533,11543,11:53:25
b7a1fd99ecb7fdd20cc000a0df061751,41778,4664,11:53:31
7802926b7a93d0188b5ac7f0949b01bc,41780,52032,11:54:23
fa08f21037ac773afc5a8cebb9e90409,41770,54791,11:54:37
58a4543f3e5e72564943b8c12355520f,41770,5301,11:51:32
05a4ac0743529dd29a1442a7c4f9b49b,53746,20422,11:54:45
afc12088ff0ec24d21f1aca1c4f30deb,33591,21249,11:52:05
3484dc976f477ba34c30a0d93da1df5f,5915,22322,11:53:59
3484dc976f477ba34c30a0d93da1df5f,5915,22322,11:54:06
1b2789349707ec2f996bcec8f4ab519c,41760,43732,11:56:23
6ed476da2b33a942dca923ccbeebb778,59690,20031,11:57:07
6ed476da2b33a942dca923ccbeebb778,59690,20031,11:57:11
90050a370ece9ed9dae9732e964b49b3,8511,32105,11:53:50
706f39995579bb2471edefab3cd37fd4,34313,21813,11:54:10
bc900303df0abd524318df41737b1f3d,42322,34531,11:55:01
1b2789349707ec2f996bcec8f4ab519c,41760,43732,11:57:09
bfde58c0d452b2bf45ea67c4e732c699,33597,5585,11:58:34
35b4d494fb9638d7298c469431018e18,41792,6916,11:58:49
63d49f478b988cddb70aca742a0cb198,49433,11603,11:56:32
a994db1072d371f4f4c13036560d7439,33079,33451,11:59:02
21b8139fed71076b957fd570949a88df,41753,3705,11:59:04
c66b55905e4ecd5ec49a99baa4f6d174,5915,20725,11:56:41
eb9accfbe39c1c8f427a0a08b7bf9751,61701,41042,12:01:49
fb094ac33f14c8e56d5503cf90732034,811,63453,11:51:11
140346b2399f1b2f458e92987cfd532e,41784,1341,12:00:19
eb9accfbe39c1c8f427a0a08b7bf9751,61701,41042,12:00:23
eb9accfbe39c1c8f427a0a08b7bf9751,61701,41042,12:00:26
fb094ac33f14c8e56d5503cf90732034,811,63453,11:57:57
3484dc976f477ba34c30a0d93da1df5f,5915,22322,11:59:21
3484dc976f477ba34c30a0d93da1df5f,5915,22322,11:59:27
8081e0ce5d8ab201181021052996da19,41784,45042,12:02:48
677f2aabce31442997cb66ef85bf44b3,33580,17954,12:02:05
f4447577135b028d51801798a862cca5,41824,2012,11:52:21
8081e0ce5d8ab201181021052996da19,41784,45042,12:05:01
0b86dd10d9018478d5148516c460bde0,41736,6011,12:03:58
0a7a4fed7aebe979ed419be937362f63,33551,35403,12:01:30
4dc78e8ba964e01778c56ddbb0e84521,41736,5332,12:06:00
0b86dd10d9018478d5148516c460bde0,41736,6011,12:06:25
babdc8c077b80b75ffe7fba0b2631f28,61892,413,12:07:11
eb04150feace806ba41233a5c42eb07e,14240,9163,12:04:13
a994db1072d371f4f4c13036560d7439,33079,33451,12:06:48
4dc78e8ba964e01778c56ddbb0e84521,41736,5332,12:07:38
0b86dd10d9018478d5148516c460bde0,41736,6011,12:08:22
babdc8c077b80b75ffe7fba0b2631f28,61892,413,12:08:36
de594b94b1b406b5858f0b83f2fa9598,1332,53411,12:03:36
5c3879a4a01cd9e9a6efb508ccbc6662,41764,8972,12:10:03
5c3879a4a01cd9e9a6efb508ccbc6662,41764,8972,12:10:05
3484dc976f477ba34c30a0d93da1df5f,5915,22322,12:07:17
3484dc976f477ba34c30a0d93da1df5f,5915,22322,12:07:25
babdc8c077b80b75ffe7fba0b2631f28,61892,413,12:10:00
1ec47def4257ad44f218023e7e9374bb,41744,45612,12:10:14
706f39995579bb2471edefab3cd37fd4,34313,21813,12:07:46
a994db1072d371f4f4c13036560d7439,33079,33451,12:09:45
eb04150feace806ba41233a5c42eb07e,14240,9163,12:07:24
0b86dd10d9018478d5148516c460bde0,41736,6011,12:10:24
0a7a4fed7aebe979ed419be937362f63,33551,38492,12:07:59
1ec87cd1daf89781ef680f89fe88c222,33593,29791,12:07:10
6568291dbba03ca88e3d43100daecb25,46856,53081,12:10:44
a67a3820c213276e378665af81658349,14596,65370,12:08:37
1769f7d7734acc8083e65079adb206b2,33580,10774,12:08:24
babdc8c077b80b75ffe7fba0b2631f28,61892,413,12:11:24
eb04150feace806ba41233a5c42eb07e,14240,9163,12:08:38
8081e0ce5d8ab201181021052996da19,41784,45042,12:11:05
060bbd809a080a89fe4aae9e48509575,33597,17228,12:08:09
0b86dd10d9018478d5148516c460bde0,41736,6011,12:12:26
a098e8a801fc8026455b6ed6b523bb96,42327,1533,12:12:01
328c24fc8532ad80a79bf12d44885127,41821,51642,12:09:20
babdc8c077b80b75ffe7fba0b2631f28,61892,413,12:12:50
8081e0ce5d8ab201181021052996da19,41784,45042,12:12:33
0b86dd10d9018478d5148516c460bde0,41736,6011,12:13:41
19152560b131f25656d81d1322480991,41752,26282,12:13:43
1769f7d7734acc8083e65079adb206b2,33580,10774,12:10:32
1769f7d7734acc8083e65079adb206b2,33580,10774,12:11:15
954f9761e3b2d5ba2581cfe49e5aca99,41792,23161,12:12:10
babdc8c077b80b75ffe7fba0b2631f28,61892,413,12:14:42
3484dc976f477ba34c30a0d93da1df5f,5915,22322,12:11:30
8081e0ce5d8ab201181021052996da19,41784,45042,12:14:55
1769f7d7734acc8083e65079adb206b2,33580,10774,12:12:54
dab3fcc66a84de717c91bb263680553b,41776,54371,12:16:17
f16246c5e2ac1008812d42dd4a7dc7ef,41784,1971,12:16:00
f16246c5e2ac1008812d42dd4a7dc7ef,41784,1971,12:16:00
0b86dd10d9018478d5148516c460bde0,41736,6011,12:15:54
0b86dd10d9018478d5148516c460bde0,41736,6011,12:15:57
0b86dd10d9018478d5148516c460bde0,41736,6011,12:16:55
0b86dd10d9018478d5148516c460bde0,41736,6011,12:16:59
0b86dd10d9018478d5148516c460bde0,41736,6011,12:17:05
e3a735d4d90ad64e9d630b3645b7e590,41768,24041,12:16:41
f16246c5e2ac1008812d42dd4a7dc7ef,41760,38794,12:17:37
a994db1072d371f4f4c13036560d7439,33079,33451,12:17:08
0b86dd10d9018478d5148516c460bde0,41736,6011,12:17:14
0b86dd10d9018478d5148516c460bde0,41736,6011,12:17:19
328c24fc8532ad80a79bf12d44885127,41821,51642,12:06:54
1769f7d7734acc8083e65079adb206b2,33580,10774,12:15:11
15120dcdec4550da214b670644f0ad6b,55094,23902,12:18:39
e3a735d4d90ad64e9d630b3645b7e590,41768,24041,12:18:37
47a3623914e39fa6286eb49e378c3792,18064,40100,12:15:45
954f9761e3b2d5ba2581cfe49e5aca99,41792,23161,12:17:20
1769f7d7734acc8083e65079adb206b2,33580,10774,12:17:13
14b3dee386195700bcec3e9446308de1,13706,2781,12:18:17
40da043b113fefa311a9c3fb21ac7b2c,33596,13008,12:18:31
2eadfbe6aaf7fa433853e30adcee136d,33566,5747,12:18:21
bcab02bac9bcd71dc4b999dfdf72bc02,42316,13721,12:21:05
47a3623914e39fa6286eb49e378c3792,18064,40100,12:18:24
1769f7d7734acc8083e65079adb206b2,33580,10774,12:19:33
189f0d7b7b0908539a99807f9ccfe4e6,63763,11683,12:23:30
f3d988a7bbd76ce32629cea7e72bb230,33579,28200,12:20:04
a994db1072d371f4f4c13036560d7439,33079,33451,12:23:00
14b3dee386195700bcec3e9446308de1,13706,2781,12:20:50
954f9761e3b2d5ba2581cfe49e5aca99,41792,23161,12:22:06
c53731133137ff5e5485fe54d5a374a0,41817,47862,12:24:39
da8cccb14443d930ae9c89d887914d30,41792,23192,12:25:33
86833d9d936ac52f869efc75a8538b38,39202,23231,12:23:28
14b3dee386195700bcec3e9446308de1,13706,2781,12:23:01
b0f59796ef0aa6844de9ca7a96faba83,41744,1161,12:26:18
954f9761e3b2d5ba2581cfe49e5aca99,41792,23161,12:25:10
86833d9d936ac52f869efc75a8538b38,39202,23231,12:23:33
7c166baa8d79617c5411fa07d2b94bff,33577,13680,12:27:24
7c166baa8d79617c5411fa07d2b94bff,33577,13680,12:27:24
14b3dee386195700bcec3e9446308de1,13706,2781,12:25:12
af7e71cf22f0fc2358a6a669e519c8c1,41744,571,12:16:47
e7976eb6618bd7b0a90336a9f7045461,41744,413,12:28:11
86833d9d936ac52f869efc75a8538b38,39202,23231,12:26:48
7c166baa8d79617c5411fa07d2b94bff,33577,13680,12:28:22
bbd1bbe744d01dafd42de5c9ed474927,33568,20201,12:26:06
5fc114976623720c9a454af9bcc1ba35,29974,16222,12:26:57
9a68fa4a1f151b531e9419a79908a411,33035,1584,12:30:15
f3d988a7bbd76ce32629cea7e72bb230,33579,28200,12:26:30
86833d9d936ac52f869efc75a8538b38,39202,23231,12:26:54
86833d9d936ac52f869efc75a8538b38,39202,23231,12:26:58
9a68fa4a1f151b531e9419a79908a411,33035,1584,12:29:27
14b3dee386195700bcec3e9446308de1,13706,2781,12:27:18
706f39995579bb2471edefab3cd37fd4,34313,21813,12:28:26
706f39995579bb2471edefab3cd37fd4,34313,21813,12:28:38
954f9761e3b2d5ba2581cfe49e5aca99,41792,23161,12:28:37
9a68fa4a1f151b531e9419a79908a411,33035,1584,12:30:24
9a68fa4a1f151b531e9419a79908a411,33035,1584,12:30:45
bbd1bbe744d01dafd42de5c9ed474927,33568,20201,12:28:55
9a68fa4a1f151b531e9419a79908a411,61716,39273,12:31:31
86833d9d936ac52f869efc75a8538b38,39202,23231,12:29:44
9a68fa4a1f151b531e9419a79908a411,61716,39273,12:32:14
d50317d5e1e0afc0fba127ffe36bba85,41768,24122,12:33:43
7160c78d97a000afebccababc169fd0b,8560,41061,12:33:36
86833d9d936ac52f869efc75a8538b38,39202,23231,12:29:46
86833d9d936ac52f869efc75a8538b38,39202,23231,12:29:52
86833d9d936ac52f869efc75a8538b38,39202,23231,12:29:55
86833d9d936ac52f869efc75a8538b38,39202,23231,12:29:58
86833d9d936ac52f869efc75a8538b38,39202,23231,12:30:01
86833d9d936ac52f869efc75a8538b38,39202,23231,12:30:03
86833d9d936ac52f869efc75a8538b38,39202,23231,12:30:05
86833d9d936ac52f869efc75a8538b38,39202,23231,12:30:06
86833d9d936ac52f869efc75a8538b38,39202,23231,12:30:08
2eadfbe6aaf7fa433853e30adcee136d,33566,5747,12:29:57
86833d9d936ac52f869efc75a8538b38,39202,23231,12:30:09
9c548bda8f4ac68a6f249873b48707a9,33552,61431,12:34:14
00a2bf8df8b5a00581974399a5392e20,63235,32612,12:34:44
9c548bda8f4ac68a6f249873b48707a9,33552,61431,12:34:20
706f39995579bb2471edefab3cd37fd4,34313,21813,12:33:06
d50317d5e1e0afc0fba127ffe36bba85,41768,24122,12:36:06
2eadfbe6aaf7fa433853e30adcee136d,33566,5747,12:32:49
86833d9d936ac52f869efc75a8538b38,39202,23231,12:33:02
86833d9d936ac52f869efc75a8538b38,39202,23231,12:33:04
86833d9d936ac52f869efc75a8538b38,39202,23231,12:33:07
86833d9d936ac52f869efc75a8538b38,39202,23231,12:33:10
14b3dee386195700bcec3e9446308de1,13706,2781,12:33:57
481d687c07770c5fc554c1095061a8a4,57619,6882,12:38:48
2eadfbe6aaf7fa433853e30adcee136d,33566,5747,12:35:32
135ab647742340eae54a380a84b72546,33581,10542,12:36:17
86833d9d936ac52f869efc75a8538b38,39202,23231,12:36:07
96d53c0a95c7f437fe29259d2af55cce,41768,53222,12:40:29
1dc4bd4e84bfb6b1dd01a12004a807d4,41736,5661,12:37:49
585ecb5bbef7eef55d6c6f6d61072d12,33595,699,12:40:25
4ab6f652085bf53b1b4a23780b18d2ca,33570,40585,12:37:49
55d4bf24150a32bcb4163c588fb7035d,17695,41012,12:37:40
1dc4bd4e84bfb6b1dd01a12004a807d4,41736,5661,12:35:32
4e977c8aac89044d75cb9f4332362d7f,41760,4885,12:41:09
5fc114976623720c9a454af9bcc1ba35,29974,16222,12:38:07
8eef8946639382381cf90d997846c824,8523,48481,12:41:04
8eef8946639382381cf90d997846c824,8523,48481,12:41:07
14b3dee386195700bcec3e9446308de1,13706,2781,12:39:03
92810dc6fe4015191be2af0160e1c404,33573,3869,12:39:26
86833d9d936ac52f869efc75a8538b38,39202,23231,12:40:08
86833d9d936ac52f869efc75a8538b38,39202,23231,12:40:13
86833d9d936ac52f869efc75a8538b38,39202,23231,12:40:20
86833d9d936ac52f869efc75a8538b38,39202,23231,12:40:22
1dc4bd4e84bfb6b1dd01a12004a807d4,41736,5661,12:39:35
1dc4bd4e84bfb6b1dd01a12004a807d4,41736,5661,12:40:49
585ecb5bbef7eef55d6c6f6d61072d12,33595,699,12:43:29
970ecaae4ab7b1fae6df693cb56d0632,33157,20312,12:40:30
4ab6f652085bf53b1b4a23780b18d2ca,33570,40585,12:40:14
86833d9d936ac52f869efc75a8538b38,39202,23231,12:40:25
31b16b3d45feb2ecba6ea6fe7a279d62,33579,10696,12:42:28
3632dddb37b277ddd7995f2b7e19b3b8,61854,61211,12:46:03
f095aa39d921057cd52c6f04d81354f4,33598,58022,12:42:48
6ac12fb7b77c5905cb8d944da98ae6ca,63235,45131,12:46:31
4ab6f652085bf53b1b4a23780b18d2ca,33570,40585,12:43:14
d50317d5e1e0afc0fba127ffe36bba85,41768,24122,12:47:27
6242f16e22514de93177438953d42b99,41736,6712,12:46:32
5fc114976623720c9a454af9bcc1ba35,29974,16222,12:32:29
5fc114976623720c9a454af9bcc1ba35,29974,16222,12:43:53
585ecb5bbef7eef55d6c6f6d61072d12,33595,699,12:46:48
92810dc6fe4015191be2af0160e1c404,33573,3869,12:44:25
70979ffc605bb5356aacb9015ed0b6e2,33586,26845,12:44:10
ca49a34e2d7f2b3047d20ce4d0433d96,41744,11296,12:47:47
dce3d71c6c7acc829e71f8b4334ec844,41736,42411,12:47:44
3632dddb37b277ddd7995f2b7e19b3b8,61854,61211,12:48:11
4ab6f652085bf53b1b4a23780b18d2ca,33570,40585,12:45:04
f095aa39d921057cd52c6f04d81354f4,33598,58022,12:44:55
31b16b3d45feb2ecba6ea6fe7a279d62,33579,10696,12:45:59
d50317d5e1e0afc0fba127ffe36bba85,41768,24122,12:49:14
22b3cda601f2ac8831cf19cda0d0a389,2181,15032,12:46:44
3632dddb37b277ddd7995f2b7e19b3b8,61854,61211,12:50:52
970ecaae4ab7b1fae6df693cb56d0632,33157,20312,12:46:26
6ac12fb7b77c5905cb8d944da98ae6ca,63235,45131,12:50:05
f095aa39d921057cd52c6f04d81354f4,33598,58022,12:47:06
d50317d5e1e0afc0fba127ffe36bba85,41768,24122,12:51:03
61d40850fed1e97f95e99f143f9a613a,41792,9795,12:50:49
63600bbfc6126c25d799fd33b99daff5,33590,61662,12:48:39
70979ffc605bb5356aacb9015ed0b6e2,33586,26845,12:48:38
92810dc6fe4015191be2af0160e1c404,33573,3869,12:48:31
5fc114976623720c9a454af9bcc1ba35,29974,16222,12:49:04
d50317d5e1e0afc0fba127ffe36bba85,41768,24122,12:52:40
92de10c11d1c311590c543b37ee5b523,41744,241,12:52:42
766efad75a4218552ba4c2db74cad0b3,49442,11721,12:48:52
6ac12fb7b77c5905cb8d944da98ae6ca,63235,45131,12:53:24
31b16b3d45feb2ecba6ea6fe7a279d62,33579,10696,12:49:33
325219be717e04523a42424e7393b173,41736,22123,12:53:24
3632dddb37b277ddd7995f2b7e19b3b8,61854,61211,12:53:26
dbe85b6b0f2ea4ffccf7440554c1e11d,46345,4132,12:55:06
325219be717e04523a42424e7393b173,41736,22123,12:54:51
706f39995579bb2471edefab3cd37fd4,34313,21813,12:51:44
706f39995579bb2471edefab3cd37fd4,34313,21813,12:51:57
7802926b7a93d0188b5ac7f0949b01bc,61823,1133,12:55:20
63486317addf170aa5abc64cf9a7fa19,41760,44614,12:55:17
31b16b3d45feb2ecba6ea6fe7a279d62,33579,10696,12:53:04
f63887bf5c9ed420a4d3e6705802939c,33573,14659,12:51:13
970ecaae4ab7b1fae6df693cb56d0632,33157,20312,12:52:48
6ac12fb7b77c5905cb8d944da98ae6ca,63235,45131,12:56:25
5fc114976623720c9a454af9bcc1ba35,29974,16222,12:54:00
63486317addf170aa5abc64cf9a7fa19,41760,44614,12:57:12
265224eb1a87749d4fa6ca8dbd559364,41768,48632,12:56:56
47e42ba48571cb142b13a19a264e3750,286,6061,12:57:15
86833d9d936ac52f869efc75a8538b38,39202,23231,12:54:16
86833d9d936ac52f869efc75a8538b38,39202,23231,12:54:19
86833d9d936ac52f869efc75a8538b38,39202,23231,12:54:51
86833d9d936ac52f869efc75a8538b38,39202,23231,12:54:22
7802926b7a93d0188b5ac7f0949b01bc,61822,1481,12:57:54
221e51845775c68c021a6a9ebd2e5b09,16660,11716,12:55:13
6ac12fb7b77c5905cb8d944da98ae6ca,63235,45131,12:59:03
0a8a0042710552329a243d68e9ca8f39,41777,50851,12:59:29
70979ffc605bb5356aacb9015ed0b6e2,33586,26845,12:55:44
5bf4f78b36a3bd644e7a7776c83520d2,33591,19375,12:55:48
2e03a68474af910465ec75b52fd09b5f,21760,16992,12:59:06
f63887bf5c9ed420a4d3e6705802939c,33573,14659,12:51:13
20fd0e76071dec63272c6a37076caa61,33590,10419,12:59:32
6ac12fb7b77c5905cb8d944da98ae6ca,63235,45131,13:00:09
2e03a68474af910465ec75b52fd09b5f,21760,16992,12:59:56
f63887bf5c9ed420a4d3e6705802939c,33573,14659,12:52:45
31b16b3d45feb2ecba6ea6fe7a279d62,33579,10696,12:57:09
7802926b7a93d0188b5ac7f0949b01bc,61822,1481,13:00:38
ade68161eb625a15b783236c57274004,45472,5838,13:01:01
98d5a96d6ba980374fdbe9ba0794411b,14593,59216,12:58:07
9aa50aecb1715b5233cf3444a8488622,64871,50222,13:01:24
970ecaae4ab7b1fae6df693cb56d0632,33157,20312,12:59:02
e7714eaa206fa5ac155303137af74fef,33572,5412,13:02:47
70979ffc605bb5356aacb9015ed0b6e2,33586,26845,13:00:03
31b16b3d45feb2ecba6ea6fe7a279d62,33579,10696,13:00:38
98d5a96d6ba980374fdbe9ba0794411b,14593,59216,13:01:20
7802926b7a93d0188b5ac7f0949b01bc,61822,1481,13:03:37
227f8a6f6a2e084c8bece78ad4626efc,33571,40715,13:01:02
31b55d4ae1d33db39d1fb669253f40b6,5663,22855,13:01:36
d2bc544f1c434963badd849c9b903724,56336,10155,13:04:09
d2bc544f1c434963badd849c9b903724,56336,10155,13:04:10
e7714eaa206fa5ac155303137af74fef,33572,5412,13:02:00
1324306a2c6963cf60a7dd164678daa3,33594,17709,13:02:30
1b2789349707ec2f996bcec8f4ab519c,41760,43732,13:05:59
c83be21f6f9e79eb27f0bfa1363f17e3,50464,50822,13:05:43
70979ffc605bb5356aacb9015ed0b6e2,33586,26845,13:04:22
7802926b7a93d0188b5ac7f0949b01bc,61822,1481,13:06:15
afc5528f7f83aa91932295a606f4e950,33594,10592,13:04:16
1b2789349707ec2f996bcec8f4ab519c,41760,43732,13:07:01
970ecaae4ab7b1fae6df693cb56d0632,33157,20312,13:04:20
31b55d4ae1d33db39d1fb669253f40b6,5663,22855,13:04:23
8c22fbdabfd000da59c7f82eab5d1b74,41771,32802,13:08:22
18a373697f1fe6c2670d508347d0e393,41771,53653,13:07:52
98d5a96d6ba980374fdbe9ba0794411b,14593,59216,13:05:00
31b55d4ae1d33db39d1fb669253f40b6,5663,22855,13:07:21
2a41b42fe17cdd6d88ddad80bbab2bdd,42506,3811,13:10:58
d2bc544f1c434963badd849c9b903724,56336,10155,13:09:31
64bbf177024dc7384935b756fe6b04eb,6001,53971,13:07:46
18a373697f1fe6c2670d508347d0e393,41771,53653,13:10:44
70979ffc605bb5356aacb9015ed0b6e2,33586,26845,13:08:27
ce4f18981cbf449b72e6b6da1f14f95a,16496,50101,13:09:05
20fd0e76071dec63272c6a37076caa61,33590,10419,13:11:10
98d5a96d6ba980374fdbe9ba0794411b,14593,59216,13:08:07
809c8e8a15febff49ff6b34373be2bd4,33597,19208,13:09:09
28adbf241ec0d51da727121c765c789d,41768,23483,13:12:31
970ecaae4ab7b1fae6df693cb56d0632,33157,20312,13:09:46
d2bc544f1c434963badd849c9b903724,56336,10155,13:12:29
045570f0a985e24bf09e06a7dacb302d,33577,28324,13:10:27
31b55d4ae1d33db39d1fb669253f40b6,5663,22855,13:10:30
4db346def05c06f57d8bcd017860adf0,41833,59264,13:13:50
3f3b384560cad596e621f41db95e6e24,41764,9186,13:14:30
98d5a96d6ba980374fdbe9ba0794411b,14593,59216,13:11:32
3c38843e691faebb1250452e7d2ddacc,41768,4156,13:15:34
4db346def05c06f57d8bcd017860adf0,41833,59264,13:15:50
31b55d4ae1d33db39d1fb669253f40b6,5663,22855,13:12:58
d2bc544f1c434963badd849c9b903724,56336,10155,13:16:05
98d5a96d6ba980374fdbe9ba0794411b,14593,59216,13:14:44
64bbf177024dc7384935b756fe6b04eb,6001,53971,13:15:03
fda69fe80f4c960503e4d56d9391c602,42340,12931,13:14:44
978289903d375f1c8443fb561037bdad,41768,56495,13:18:13
ae73ea4611aabdd6a22860b06782dde1,41744,38901,13:17:51
31b55d4ae1d33db39d1fb669253f40b6,5663,22855,13:15:15
20fd0e76071dec63272c6a37076caa61,33590,10419,13:19:49
045570f0a985e24bf09e06a7dacb302d,33577,28324,13:18:00
d2bc544f1c434963badd849c9b903724,56336,10155,13:22:13
47d5e49b67ce6f0cb9647e80b0a20ebd,49482,10061,13:23:30
20fd0e76071dec63272c6a37076caa61,33590,10419,13:23:02
177dcbf85d3e7e90e0a5b57a4e2aa408,41760,26388,13:24:14
3d9d5e3e19dc97bf218d5953947d8aa0,41756,51862,13:26:40
045570f0a985e24bf09e06a7dacb302d,33577,28324,13:24:33
980ec9fea07d59aa9b9af2783e81c8da,33593,7898,13:28:21
980ec9fea07d59aa9b9af2783e81c8da,33593,7898,13:28:21
3d9d5e3e19dc97bf218d5953947d8aa0,41756,51862,13:27:50
3d9d5e3e19dc97bf218d5953947d8aa0,41756,51862,13:29:06
15580abc075c85ffb1ba62edcf2120bd,41776,48465,13:29:50
3d9d5e3e19dc97bf218d5953947d8aa0,41756,56381,13:30:28
e2e814571be5fba83a1fee171ce9ec61,57734,6993,13:27:40
cd3119b6baeb40120c6df21b990b22b7,289,34062,13:31:22
3d9d5e3e19dc97bf218d5953947d8aa0,41753,25433,13:31:48
045570f0a985e24bf09e06a7dacb302d,33577,28324,13:30:24
e55d95d9a39ebde7acb1ee392d4f7197,61849,2723,13:30:20
ac023c1d1f86e3c527393c1cd997dea4,26993,8053,13:28:18
17d07aeecae9c68e5fc46b527f17e627,33563,13511,13:30:10
3d9d5e3e19dc97bf218d5953947d8aa0,41753,25431,13:33:05
c66b55905e4ecd5ec49a99baa4f6d174,5915,20725,13:30:56
3121e688662de27442d921ed749e465b,41773,28772,13:34:16
ac023c1d1f86e3c527393c1cd997dea4,26993,8053,13:30:02
980ec9fea07d59aa9b9af2783e81c8da,33593,7898,13:33:47
980ec9fea07d59aa9b9af2783e81c8da,33593,7898,13:33:54
980ec9fea07d59aa9b9af2783e81c8da,33593,7898,13:34:24
e2e814571be5fba83a1fee171ce9ec61,57734,6993,13:32:01
e2e814571be5fba83a1fee171ce9ec61,57734,6993,13:29:31
62909601a39263d61773905c73be77d4,42262,63,13:32:09
980ec9fea07d59aa9b9af2783e81c8da,33593,7898,13:35:46
980ec9fea07d59aa9b9af2783e81c8da,33593,7898,13:35:54
17d07aeecae9c68e5fc46b527f17e627,33563,13511,13:32:53
e55d95d9a39ebde7acb1ee392d4f7197,61849,2723,13:33:52
e2e814571be5fba83a1fee171ce9ec61,57734,6993,13:34:00
e57c45933742ae47748c6bfa8a28e4df,61875,1544,13:36:51
e57c45933742ae47748c6bfa8a28e4df,61875,1544,13:37:27
74c8f8d6c1d49b9a2ae706aff5753dba,63298,33,13:37:30
74c8f8d6c1d49b9a2ae706aff5753dba,63298,33,13:37:32
ac023c1d1f86e3c527393c1cd997dea4,26993,8053,13:31:45
33333e6dd38e09f0eba49eefd7884247,33598,55071,13:35:43
e57c45933742ae47748c6bfa8a28e4df,61875,1544,13:38:35
f7f318daefc1624753679f04c9318579,20854,12121,13:38:21
f7f318daefc1624753679f04c9318579,20854,12121,13:38:40
74c8f8d6c1d49b9a2ae706aff5753dba,63298,33,13:38:44
74c8f8d6c1d49b9a2ae706aff5753dba,63298,33,13:38:51
f7f318daefc1624753679f04c9318579,20854,12121,13:39:07
ac023c1d1f86e3c527393c1cd997dea4,26993,8053,13:34:42
045570f0a985e24bf09e06a7dacb302d,33577,28324,13:36:05
17d07aeecae9c68e5fc46b527f17e627,33563,13511,13:35:31
815e17b94f7f11e60415297cd50c15c5,57636,14453,13:39:12
f7f318daefc1624753679f04c9318579,20854,12121,13:40:19
4a4b43ce8874c440dfad872bc1d5bcfc,29961,58181,13:37:50
e55d95d9a39ebde7acb1ee392d4f7197,61849,2723,13:37:18
5c166c95f59e1e2de7d939030fcfd143,41736,40771,13:40:46
95180bae42a7d4188771c40f577187dc,33565,11144,13:41:17
e2e814571be5fba83a1fee171ce9ec61,57734,6993,13:36:08
cc6cdd014e070a824a9b0e055b72b886,17922,62902,13:41:15
33333e6dd38e09f0eba49eefd7884247,33598,55071,13:40:47
ac023c1d1f86e3c527393c1cd997dea4,26993,8053,13:36:29
e55d95d9a39ebde7acb1ee392d4f7197,61849,2723,13:40:28
3632dddb37b277ddd7995f2b7e19b3b8,61854,64923,13:42:59
a3acd684a05e14a6483b03487fc31fa2,41816,46191,13:43:30
045570f0a985e24bf09e06a7dacb302d,33577,28324,13:41:51
33333e6dd38e09f0eba49eefd7884247,33598,55071,13:41:01
33333e6dd38e09f0eba49eefd7884247,33598,55071,13:41:04
93171891e55ae25b76223079b2b910b2,59651,20903,13:42:40
99225a7dfdb6ed4aec7bc23de8d3fd0f,33596,10527,13:45:50
17d07aeecae9c68e5fc46b527f17e627,33563,13511,13:42:51
3632dddb37b277ddd7995f2b7e19b3b8,61854,64923,13:45:41
4a4b43ce8874c440dfad872bc1d5bcfc,58658,38500,13:42:47
e55d95d9a39ebde7acb1ee392d4f7197,61849,2723,13:43:31
33333e6dd38e09f0eba49eefd7884247,33598,55071,13:45:56
4a4b43ce8874c440dfad872bc1d5bcfc,29961,58542,13:45:05
4a4b43ce8874c440dfad872bc1d5bcfc,29961,58542,13:46:00
17d07aeecae9c68e5fc46b527f17e627,33563,13511,13:46:17
43a4068977a678bf3a8f81ef6c7239d1,41832,45053,13:51:42
4a4b43ce8874c440dfad872bc1d5bcfc,29961,58542,13:47:52
17d07aeecae9c68e5fc46b527f17e627,33563,13511,13:49:04
4a4b43ce8874c440dfad872bc1d5bcfc,29961,58542,13:51:31
a226f995c0084b2fb9e6aaa74de17b91,33572,25779,13:51:32
52d1500d456160b4956c106dc00cef3e,13363,7717,13:54:21
52d1500d456160b4956c106dc00cef3e,13363,7717,13:54:27
4a4b43ce8874c440dfad872bc1d5bcfc,29961,58542,13:51:37
10c2284de948fc2fc3a269d38e348a8c,33556,37060,13:55:05
52d1500d456160b4956c106dc00cef3e,13363,7717,13:55:10
8699353fa8b2765541c100bab33ad4ed,41768,24173,13:55:15
c4578d174b9a5e399dea4ff311a05d07,33568,6798,13:56:48
8699353fa8b2765541c100bab33ad4ed,33581,10552,13:57:30
987c94180a240f885c3b2cc0c3a47d30,41769,34072,13:57:33
9ee28e54d56b800748ed125da032581d,33591,16448,13:56:28
007022cc56abf0981fe5c6303499581b,41753,21681,13:59:49
8699353fa8b2765541c100bab33ad4ed,41768,24173,13:59:57
ba3de3bb670de0e3b756e6094b6c3aa1,49436,15226,13:57:35
7a081a43d17b0c830890efbe53d59179,41745,1818,14:01:35
9b2cf7c52805edceed1ae3481c91b830,33573,6789,13:57:36
7c0b88feb7b439a6e8c803bc2e6cffda,41744,35912,14:01:25
8699353fa8b2765541c100bab33ad4ed,41768,24173,14:02:25
9ee28e54d56b800748ed125da032581d,33591,16448,13:59:07
d64d3feee5a38d7530c0ce218105393c,41784,38113,14:02:30
d64d3feee5a38d7530c0ce218105393c,41784,38113,14:02:37
7c0b88feb7b439a6e8c803bc2e6cffda,41744,35912,14:03:21
007022cc56abf0981fe5c6303499581b,41753,21681,14:03:39
8699353fa8b2765541c100bab33ad4ed,41768,24173,14:04:43
d64d3feee5a38d7530c0ce218105393c,41784,38113,14:05:03
9af3d4339def59231f71bc11c4b606c7,7130,38221,14:05:43
c68c99c589ea1baa6fc304885c5aafa0,37511,24151,14:04:14
007022cc56abf0981fe5c6303499581b,41753,21681,14:07:00
d64d3feee5a38d7530c0ce218105393c,41784,38113,14:07:05
7c0b88feb7b439a6e8c803bc2e6cffda,41744,35912,14:07:30
8699353fa8b2765541c100bab33ad4ed,41768,24173,14:07:13
322609c13e119c517b19a5fbd059a012,41736,42632,14:08:54
1b460662fb4b910334eb630469927e9d,16665,11154,14:05:23
d64d3feee5a38d7530c0ce218105393c,41784,38113,14:08:52
63600bbfc6126c25d799fd33b99daff5,33590,61662,14:06:21
63600bbfc6126c25d799fd33b99daff5,33590,61662,14:06:37
1b460662fb4b910334eb630469927e9d,16665,11154,14:07:42
d64d3feee5a38d7530c0ce218105393c,41784,38113,14:10:35
007022cc56abf0981fe5c6303499581b,41753,21681,14:11:12
ed6657b88fff0eb70c575d489140a644,33570,47562,14:07:38
da3de48dd187a9c0b707165e40d86e1b,41768,57961,14:12:19
da3de48dd187a9c0b707165e40d86e1b,41768,57961,14:12:20
356cd866915b762aef46ef5977630ca5,17508,19481,14:14:12
63600bbfc6126c25d799fd33b99daff5,33590,61662,14:10:06
63600bbfc6126c25d799fd33b99daff5,33590,61662,14:10:10
ce986535a34ccb7702bf00f1832034c9,33566,4305,14:10:59
824f774392c0eb1a4fe79b2c2b55d3f9,54116,20005,14:15:07
824f774392c0eb1a4fe79b2c2b55d3f9,54116,20005,14:15:08
007022cc56abf0981fe5c6303499581b,41753,21681,14:15:09
63600bbfc6126c25d799fd33b99daff5,33590,61662,14:13:25
824f774392c0eb1a4fe79b2c2b55d3f9,54116,20005,14:16:38
f18f0ae8ce2765f5ec914c9d8acae0f8,41792,7253,14:17:54
f18f0ae8ce2765f5ec914c9d8acae0f8,41792,7253,14:17:59
824f774392c0eb1a4fe79b2c2b55d3f9,54116,20005,14:18:28
824f774392c0eb1a4fe79b2c2b55d3f9,54116,20005,14:18:41
bff8462d696d8afefa487ed2d0aca686,41784,1971,14:18:12
356cd866915b762aef46ef5977630ca5,17508,19481,14:18:31
a71724edc572dceea5d2b7058ddd8574,41768,23513,14:18:14
007022cc56abf0981fe5c6303499581b,41753,21681,14:19:03
2e5a2a63a8be580122516d07ff233ca4,8547,11607,14:19:34
824f774392c0eb1a4fe79b2c2b55d3f9,54116,20005,14:21:39
824f774392c0eb1a4fe79b2c2b55d3f9,54116,20005,14:21:43
a71724edc572dceea5d2b7058ddd8574,41768,23513,14:21:09
a71724edc572dceea5d2b7058ddd8574,41768,23513,14:21:09
a71724edc572dceea5d2b7058ddd8574,41768,23513,14:21:27
a71724edc572dceea5d2b7058ddd8574,41768,23513,14:21:27
a71724edc572dceea5d2b7058ddd8574,41768,23513,14:21:37
322609c13e119c517b19a5fbd059a012,41736,42632,14:21:08
bff8462d696d8afefa487ed2d0aca686,41784,1971,14:22:15
f18f0ae8ce2765f5ec914c9d8acae0f8,41792,7253,14:21:40
9af3d4339def59231f71bc11c4b606c7,7130,38221,14:22:03
86651faf64b4ce072aa8a179ebd465d4,41768,2612,14:22:41
ab81a3be2b59f8986d581869f7294906,41744,291,14:23:15
a71724edc572dceea5d2b7058ddd8574,41768,23513,14:23:14
a71724edc572dceea5d2b7058ddd8574,41768,23513,14:23:14
a71724edc572dceea5d2b7058ddd8574,41768,23513,14:23:25
a71724edc572dceea5d2b7058ddd8574,41768,23513,14:23:27
f297320ffa38789a6d1c0d4f2b361c7c,39173,30862,14:19:40
356cd866915b762aef46ef5977630ca5,17508,19481,14:23:38
ab81a3be2b59f8986d581869f7294906,41744,291,14:24:01
ab81a3be2b59f8986d581869f7294906,41744,291,14:24:16
ab81a3be2b59f8986d581869f7294906,41744,291,14:24:17
f18f0ae8ce2765f5ec914c9d8acae0f8,41792,7253,14:24:05
f18f0ae8ce2765f5ec914c9d8acae0f8,41792,7253,14:24:05
cc6cdd014e070a824a9b0e055b72b886,17922,62902,14:25:11
322609c13e119c517b19a5fbd059a012,41736,42632,14:24:03
f297320ffa38789a6d1c0d4f2b361c7c,39173,30862,14:21:34
bff8462d696d8afefa487ed2d0aca686,41784,1971,14:26:19
f297320ffa38789a6d1c0d4f2b361c7c,39173,30862,14:24:17
322609c13e119c517b19a5fbd059a012,41736,42632,14:27:24
356cd866915b762aef46ef5977630ca5,17508,19481,14:27:41
f297320ffa38789a6d1c0d4f2b361c7c,39173,30862,14:26:13
322609c13e119c517b19a5fbd059a012,41736,42632,14:30:09
73099e5d79986a9c26b8e558430954de,29742,53271,14:22:47
ab81a3be2b59f8986d581869f7294906,41744,291,14:30:20
ab81a3be2b59f8986d581869f7294906,41744,291,14:30:21
bff8462d696d8afefa487ed2d0aca686,41784,1971,14:30:37
f297320ffa38789a6d1c0d4f2b361c7c,39173,30862,14:28:01
322609c13e119c517b19a5fbd059a012,41736,42632,14:32:56
356cd866915b762aef46ef5977630ca5,17508,19481,14:33:23
772f67e631983520b13f9efaca9b7aa3,33590,28148,14:31:30
bff8462d696d8afefa487ed2d0aca686,41784,37735,14:34:21
eb26fb8edb90e35fc469ada4ecf04ee3,13723,23972,14:33:03
651d29f5cfc6372b3240e46349e9430b,45338,28836,14:35:23
772f67e631983520b13f9efaca9b7aa3,33590,28148,14:32:43
1540d6252a13f87f7273ca7fa4122412,41792,7754,14:35:20
772f67e631983520b13f9efaca9b7aa3,33590,28148,14:34:22
bff8462d696d8afefa487ed2d0aca686,41784,1971,14:37:34
772f67e631983520b13f9efaca9b7aa3,33590,28148,14:36:51
356cd866915b762aef46ef5977630ca5,17508,19481,14:39:30
772f67e631983520b13f9efaca9b7aa3,33590,28148,14:38:36
56047a8eefcffae79a17069e6bd67300,48520,25391,14:41:03
afc5e13d68eecf69522c6a04a48233cf,41764,8912,14:42:52
cc6cdd014e070a824a9b0e055b72b886,17922,62902,14:42:50
2f5058f5540f78c117c7d618a270a43a,33586,1372,14:40:46
94800c8440c0303b9a70304599823be0,33591,21857,14:41:02
7a7df5e3609042258b90937ce0e0cf0b,32912,15981,14:43:45
6106d750506d8571815e8f708df6a958,41760,14161,14:48:50
3657e5d52974ff1bbd600fa704c158b5,33597,20031,14:49:38
403bb593e2daedde5e2591ed2c5f90d5,33590,5988,14:46:40
6106d750506d8571815e8f708df6a958,41760,14161,14:50:17
bff8462d696d8afefa487ed2d0aca686,41784,1971,14:51:56
bff8462d696d8afefa487ed2d0aca686,41784,1971,14:51:57
3657e5d52974ff1bbd600fa704c158b5,33597,20031,14:52:14
e826e7a288e1b39b45156b51a3eee698,41784,20072,14:52:31
e826e7a288e1b39b45156b51a3eee698,41784,20072,14:52:37
0bc0d69d126a803d4ad2280fdf0aa93d,41764,8923,14:55:53
b6eb26808575ead40db23a4d313a2a4c,41744,30232,14:55:28
b6eb26808575ead40db23a4d313a2a4c,41744,30232,14:55:32
b6eb26808575ead40db23a4d313a2a4c,41744,30232,14:55:55
c2b0ec25da1f2f4dc029c8044c4d5268,61710,4962,14:57:37
4cdab23f3d06b399b4fe7d4f228285dc,38204,13863,14:53:39
a6ffcffc1fcdb51d2fdca556080027ce,55284,30362,14:58:13
c2b0ec25da1f2f4dc029c8044c4d5268,61710,4962,14:58:33
0bc0d69d126a803d4ad2280fdf0aa93d,41764,8923,14:58:28
525bbc4d8d47f8a0a1f36a0848c0fa9a,1331,56358,14:56:23
3ba23400312d3d28ee0e548c3cf8a6ad,57625,2123,14:59:18
8cbfab00db477181f5e61bc17d55cc91,61703,2007,14:56:52
8cbfab00db477181f5e61bc17d55cc91,61703,2007,14:57:38
39c353c3d1897afb1bf674fb80430b3a,55075,38531,14:59:30
39c353c3d1897afb1bf674fb80430b3a,55075,38531,14:59:34
8cbfab00db477181f5e61bc17d55cc91,61703,2007,14:58:24
8cbfab00db477181f5e61bc17d55cc91,61703,2007,14:58:34
0bc0d69d126a803d4ad2280fdf0aa93d,41764,8923,15:00:37
663276be06421dc67670deb0ed501c5b,33553,34472,14:59:03
c2b0ec25da1f2f4dc029c8044c4d5268,61710,4962,15:00:16
1b8283bb8e0440498008146c199f4b59,9593,55891,14:58:09
c2b0ec25da1f2f4dc029c8044c4d5268,61710,4962,15:02:05
c709bc7eff64dcf54e68ddbfbfa0118d,34309,16435,14:59:20
525bbc4d8d47f8a0a1f36a0848c0fa9a,1331,56358,14:59:42
0bc0d69d126a803d4ad2280fdf0aa93d,41764,8923,15:02:49
8a0b7d89eeb41e8c52ed17812a26aff5,41736,5964,15:03:21
759132dc4e888593e728c3b965ab2eb9,45456,19102,15:04:03
759132dc4e888593e728c3b965ab2eb9,45456,19102,15:04:03
136fb17e4ffe7f35cc5709014a92e498,41777,27753,15:01:37
136fb17e4ffe7f35cc5709014a92e498,41777,27753,15:01:38
8a0b7d89eeb41e8c52ed17812a26aff5,41736,5964,15:03:33
7b5d3748a6a7e443d7beca6c80207533,41768,27282,15:04:17
136fb17e4ffe7f35cc5709014a92e498,41777,27753,15:02:06
136fb17e4ffe7f35cc5709014a92e498,41777,27753,15:02:07
c2b0ec25da1f2f4dc029c8044c4d5268,61710,4962,15:04:54
525bbc4d8d47f8a0a1f36a0848c0fa9a,1331,56358,15:02:21
d8e4e0b56aebf1dce40bd12b7c9c5e49,61839,1574,15:05:08
0bc0d69d126a803d4ad2280fdf0aa93d,41764,8923,15:05:08
525bbc4d8d47f8a0a1f36a0848c0fa9a,1331,56358,15:04:48
0bc0d69d126a803d4ad2280fdf0aa93d,41764,8923,15:06:53
9f94c9aa9c9fd8721690312580eb7a4f,33598,56208,15:04:51
f36917f2fe8f682cb62445b3bbaaa8d9,285,19071,15:04:59
6ae924317f1caaaae837ba22209ee6a9,41784,2181,15:07:26
1b8283bb8e0440498008146c199f4b59,9593,55891,15:03:41
937046348d4704d34e11d8bbe14a0a0e,33592,8336,15:08:27
525bbc4d8d47f8a0a1f36a0848c0fa9a,1331,56358,15:06:41
0bc0d69d126a803d4ad2280fdf0aa93d,41764,8923,15:09:11
0bc0d69d126a803d4ad2280fdf0aa93d,41764,8923,15:09:12
0c2da1f1624fd5e20b7b6780a21a01d9,41772,58262,15:09:28
13b30e7690e51b51c554da493dd064c6,13356,15996,15:06:52
525bbc4d8d47f8a0a1f36a0848c0fa9a,1331,56358,15:08:31
1b8283bb8e0440498008146c199f4b59,9593,55891,15:09:58
c2b0ec25da1f2f4dc029c8044c4d5268,61710,4962,15:12:47
1440245fab5d9db5ed154fa4d5a75823,33573,26232,15:12:23
1916f7c6274894c3c5e0eb6e97390a1b,41832,45551,15:13:16
1916f7c6274894c3c5e0eb6e97390a1b,41832,45551,15:13:52
8c10f3a2e2f7cc1a2560d0e3e08db4fc,33567,22069,15:16:04
bd50a330586c534efad864c124e36a75,41744,131,15:16:55
9fdf19e8739e1d3e2a0c71297d4ba4f6,33556,34578,15:14:31
0c2da1f1624fd5e20b7b6780a21a01d9,41772,58262,15:18:42
1b8283bb8e0440498008146c199f4b59,9593,55891,15:14:54
43020384332b50c9d2fcd0d2aaaf7285,40998,21931,15:19:15
ca3c077d8ea7ae22de275c7a577f0101,41744,23601,15:18:20
575a5492aa769257fd89e11209c7a58f,54018,48505,15:20:32
0c2da1f1624fd5e20b7b6780a21a01d9,41772,58262,15:21:10
0c2da1f1624fd5e20b7b6780a21a01d9,41772,58262,15:23:36
1b8283bb8e0440498008146c199f4b59,9593,55891,15:20:32
f2338b313add225d521bd12887d89b12,33582,23286,15:23:11
ec16cedb334648cbb57edd251efd2695,22815,53791,15:23:12
0c2da1f1624fd5e20b7b6780a21a01d9,41772,58262,15:26:16
73087a468de18a1e5ef08c9c83e50f12,46384,132,15:27:45
ffe3e3c89e0db745052816f4058244af,41792,7594,15:28:23
0c2da1f1624fd5e20b7b6780a21a01d9,41772,34202,15:28:30
1b8283bb8e0440498008146c199f4b59,9593,55891,15:26:36
ffe3e3c89e0db745052816f4058244af,41792,7594,15:30:07
ff2fd82a50bcdfeb2942dc9cd74e6f5b,41744,9751,15:30:27
66872aae563beaad44abda8ac5894856,33568,11675,15:31:58
0cc6d2cb0261cc8994f6d8b03039ecac,33599,56987,15:33:08
ffe3e3c89e0db745052816f4058244af,41792,7594,15:32:20
ffe3e3c89e0db745052816f4058244af,41792,7594,15:33:28
66872aae563beaad44abda8ac5894856,33568,11675,15:34:47
1fbeceb34e4f9347495f81669069dcdc,41769,27325,15:35:42
11cf101c5a6304f3e493432ca9f89962,53533,11543,15:36:32
11cf101c5a6304f3e493432ca9f89962,53533,11543,15:36:32
66872aae563beaad44abda8ac5894856,33568,11675,15:34:56
b85b9808c5e6994a31e64fc0e6143252,41753,40542,15:37:23
b85b9808c5e6994a31e64fc0e6143252,41753,40542,15:37:25
11cf101c5a6304f3e493432ca9f89962,53533,11543,15:38:17
3c09b739df915d67845138c83a0ecbbd,41744,26631,15:38:53
d9755c29e43623e46fc1ccbb66181f73,7840,14221,15:37:19
7a9a3e93dffcc129d480e01c860329c9,41792,7961,15:39:56
8053863d2d4b4b767350b243eb4518d9,41760,21531,15:40:23
7a9a3e93dffcc129d480e01c860329c9,41792,7961,15:41:08
7a9a3e93dffcc129d480e01c860329c9,41792,7961,15:41:20
7a9a3e93dffcc129d480e01c860329c9,41792,7961,15:41:49
7a9a3e93dffcc129d480e01c860329c9,41792,7961,15:42:50
11cf101c5a6304f3e493432ca9f89962,53533,11543,15:43:06
73087a468de18a1e5ef08c9c83e50f12,46384,132,15:43:17
7a9a3e93dffcc129d480e01c860329c9,41792,7961,15:44:06
490da3a74b2ee0618f72147d5bd578b0,33592,28205,15:43:05
1c0e9305b1182b227c22ecb65854cec2,41736,41262,15:47:17
b14af3ed2cf0594cea0bf6accab810f5,48542,10247,15:47:32
94b8b5971f0184c8d3d78eb3e2112554,33571,40257,15:45:33
51f03de07c16fa932b5baeaaaf7b5e5c,41773,51061,15:47:08
51f03de07c16fa932b5baeaaaf7b5e5c,41773,51061,15:47:10
d82212a52b8869b4f111c9f5eb4cac1b,33561,44065,15:46:15
94b8b5971f0184c8d3d78eb3e2112554,33571,40257,15:45:32
3df76d4955127724f3726af83c0efce8,41764,41108,15:49:02
91d04556805ac7aecb34b988eafcc5dc,41777,1901,15:46:36
94b8b5971f0184c8d3d78eb3e2112554,33571,40257,15:48:58
ec16cedb334648cbb57edd251efd2695,22815,53791,15:52:08
63600bbfc6126c25d799fd33b99daff5,33590,61662,15:51:59
aa69e92066a4d93cb4b7dd69ee567c7f,41745,39534,15:55:36
94b8b5971f0184c8d3d78eb3e2112554,33571,40257,15:54:11
4c54f6f81e4bd9c756d98c67e36e7bae,57602,5942,15:57:58
4c54f6f81e4bd9c756d98c67e36e7bae,57602,5942,15:58:48
aa69e92066a4d93cb4b7dd69ee567c7f,41745,39534,15:58:20
11cf101c5a6304f3e493432ca9f89962,53533,11543,15:58:11
3ba97a3a606dd243bcb3d38925bc830c,41744,31,15:59:14
3ba97a3a606dd243bcb3d38925bc830c,41744,31,16:00:34
d82212a52b8869b4f111c9f5eb4cac1b,33561,44065,16:00:56
94b8b5971f0184c8d3d78eb3e2112554,33571,40257,16:00:28
dfed928e02a16e21c3d209fb79f22829,20839,1781,15:59:29
0abe835c58246ca7eca7156364bcced8,41768,6391,16:03:06
11cf101c5a6304f3e493432ca9f89962,53533,11543,16:03:34
f32d47317fd69434679d4209d9eaeb48,18710,23131,16:03:17
0abe835c58246ca7eca7156364bcced8,41768,6391,16:04:13
0abe835c58246ca7eca7156364bcced8,41768,6391,16:05:09
bdf196f3e8d0e8b97f05ec171715fa40,41832,39503,16:06:35
42f189605b41bb968f346e6a25830e4c,55637,58921,16:06:32
0abe835c58246ca7eca7156364bcced8,41768,6391,16:06:38
0abe835c58246ca7eca7156364bcced8,41768,6391,16:07:35
0abe835c58246ca7eca7156364bcced8,41768,6391,16:08:02
94b8b5971f0184c8d3d78eb3e2112554,33571,40257,16:05:42
440a54f7de03d1bbc599a3a6cc5ab715,33579,9686,16:05:32
11cf101c5a6304f3e493432ca9f89962,53533,11543,16:10:28
f5ceca25e9d4e1d06e02f6d34f8db70f,41833,60913,16:11:20
69854790819b92eb0df71742f7a7c6f0,42335,59911,16:10:22
69854790819b92eb0df71742f7a7c6f0,42335,55312,16:13:13
85e5f1a6a856b53ab4ac6ceaef982e94,41744,37922,16:13:37
e969ac8e7d6045e22517574ac4aec544,33573,18258,16:13:45
69854790819b92eb0df71742f7a7c6f0,42335,55312,16:15:10
037ee399a00e864ac6f4ef6554b6220c,33139,36012,16:14:33
69854790819b92eb0df71742f7a7c6f0,42335,131,16:17:24
d86bb5def9947b326c3b9c086bb6b2d7,33580,13242,16:15:54
dae87ecf91744941aee905f66d167856,58112,39175,16:19:39
66dac1f933ffde932c1cca8338ca9332,33586,4952,16:16:48
dae87ecf91744941aee905f66d167856,58112,39175,16:19:39
037ee399a00e864ac6f4ef6554b6220c,33139,36012,16:16:59
69854790819b92eb0df71742f7a7c6f0,42335,131,16:20:15
bfe3b6ade4a80640ace3e419f6eff479,9522,41521,16:18:41
69854790819b92eb0df71742f7a7c6f0,42335,131,16:22:36
4e899b8bef063e5ecf1753e8aa24c368,20855,1161,16:19:32
766d79b5ab2c640f887783ded41fbd88,33571,53271,16:20:13
7adb51f3bb5fc8c104051e82bb7d667d,57602,9382,16:23:23
c0ac4bba9d9428ce13d64c26c825d1af,41852,62132,16:23:39
c0ac4bba9d9428ce13d64c26c825d1af,41852,62132,16:23:42
3fc3595a805805bdd04db31f4bbb9210,41744,40387,16:23:45
3fc3595a805805bdd04db31f4bbb9210,41744,40387,16:23:47
d3d22df5efe4b04c9de6c5f72d5b271a,37172,5243,16:23:40
66dac1f933ffde932c1cca8338ca9332,33586,4952,16:21:39
c0ac4bba9d9428ce13d64c26c825d1af,41852,62132,16:25:52
5a1203b487f47d47f3baf177957f760b,33553,31111,16:22:04
5a1203b487f47d47f3baf177957f760b,33553,31111,16:23:43
c0ac4bba9d9428ce13d64c26c825d1af,41852,62132,16:26:29
c0ac4bba9d9428ce13d64c26c825d1af,41852,62132,16:26:32
5d091694a91fe17e26a82a2541387e80,41784,2091,16:27:11
5a1203b487f47d47f3baf177957f760b,33553,31111,16:25:12
66dac1f933ffde932c1cca8338ca9332,33586,4952,16:25:24
1d03e31a07c54ee91d8d7ef944a28955,41792,8271,16:29:19
5a1203b487f47d47f3baf177957f760b,33553,31111,16:26:45
c0ac4bba9d9428ce13d64c26c825d1af,41852,62132,16:29:37
c0ac4bba9d9428ce13d64c26c825d1af,41852,62132,16:29:38
c0ac4bba9d9428ce13d64c26c825d1af,41852,62132,16:29:42
a3acd684a05e14a6483b03487fc31fa2,41816,46191,16:30:18
5a1203b487f47d47f3baf177957f760b,33553,31111,16:28:24
4d208af5772b690a784d4340750b7c03,33576,40091,16:28:07
c0ac4bba9d9428ce13d64c26c825d1af,41852,62132,16:32:16
66dac1f933ffde932c1cca8338ca9332,33586,4952,16:28:53
4d208af5772b690a784d4340750b7c03,33576,40091,16:30:07
4d208af5772b690a784d4340750b7c03,33576,40091,16:30:15
9e13b5a4990a4ed7563bdeb640748aeb,41752,40111,16:33:19
c0ac4bba9d9428ce13d64c26c825d1af,41852,62132,16:33:15
c0ac4bba9d9428ce13d64c26c825d1af,41852,62132,16:33:22
47bb1bc512934fc44e428d04360a9035,41756,34911,16:29:11
66dac1f933ffde932c1cca8338ca9332,33586,4952,16:32:18
fa2b7732e26a937289b028ce70c3a7d1,41744,43995,16:34:14
fa2b7732e26a937289b028ce70c3a7d1,41744,43995,16:35:04
e88da3e51d1a128d395ebbddf64fee37,41832,38841,16:34:50
c0ac4bba9d9428ce13d64c26c825d1af,41852,62132,16:35:55
c0ac4bba9d9428ce13d64c26c825d1af,41852,62132,16:36:37
c0ac4bba9d9428ce13d64c26c825d1af,41852,62132,16:36:38
c0ac4bba9d9428ce13d64c26c825d1af,41852,62132,16:37:00
1847971d7a7a42d5d4078dd069f6580d,33573,6789,16:35:57
9ccbc4d70817eabf2f97a8a4af2b0258,1067,37565,16:39:42
66dac1f933ffde932c1cca8338ca9332,33586,4952,16:35:46
32141bb202fe0d3803a7eaadc7d6d158,41777,37572,16:39:21
3217758beb2f95b7dc557d11b7883632,33582,18911,16:41:51
3217758beb2f95b7dc557d11b7883632,33582,18911,16:43:13
f9e4b4c9e161b7d4e47b65b3fe590abc,33552,27857,16:43:04
84c91dd38f6790eccc9c6e07d7960cbc,41753,21892,16:44:27
fa15ab1dd0b5cb0d1a9d261e81a295e0,50944,35081,16:45:07
e40b80f8dfffed353f41ce9b54016424,33590,16637,16:41:50
6069fccf13dee567abf9e0b1b99a909c,9880,11471,16:43:16
e544d8531657e76113e0adc2dd004f4b,41773,28951,16:46:07
ddd5b46f4e32d8501707d792f21b373e,33590,13138,16:47:53
fa15ab1dd0b5cb0d1a9d261e81a295e0,50944,35081,16:47:57
6069fccf13dee567abf9e0b1b99a909c,9880,11471,16:46:38
d3d22df5efe4b04c9de6c5f72d5b271a,37172,5243,16:49:23
f9e4b4c9e161b7d4e47b65b3fe590abc,33552,27857,16:46:45
658d347c6fc68f9bf46433e5681135da,41848,60731,16:50:22
d91a8110f03c70be1b1bd3312bad6268,41792,22451,16:50:55
0a06b3de3951b17bd276871206e66445,41736,22633,16:48:16
c71551e02af56bf4a199a736544f15e2,61764,5941,16:48:49
c71551e02af56bf4a199a736544f15e2,61764,5941,16:49:31
95c0940916c874fc496356e0bb4e471b,33582,21931,16:49:45
c012e81d7246630fb68d7774d2bf43da,41745,45742,16:54:59
4e977c8aac89044d75cb9f4332362d7f,41744,41313,16:55:54
7fe8ebf70c70c958ca9b377eb831e091,33569,41616,16:53:17
95c0940916c874fc496356e0bb4e471b,33582,21931,16:53:28
8081e0ce5d8ab201181021052996da19,41784,1553,16:58:24
8081e0ce5d8ab201181021052996da19,41784,1553,16:58:48
8081e0ce5d8ab201181021052996da19,41784,1553,16:58:51
6069fccf13dee567abf9e0b1b99a909c,9880,11471,16:56:45
6069fccf13dee567abf9e0b1b99a909c,9880,11471,16:57:13
6069fccf13dee567abf9e0b1b99a909c,9880,11471,16:57:29
fade44ac6c2fab77fc5756af5f720c31,41214,20531,16:59:34
771d83f91657083635cf691bdae6a95b,41744,40014,17:01:42
8081e0ce5d8ab201181021052996da19,41784,1553,17:01:48
95c0940916c874fc496356e0bb4e471b,33582,21931,16:57:36
771d83f91657083635cf691bdae6a95b,41744,40014,17:01:56
b4dbfd58958bd18b7d5b7edaa845af23,64773,13151,17:03:21
6069fccf13dee567abf9e0b1b99a909c,9880,11471,17:00:48
95c0940916c874fc496356e0bb4e471b,33582,21931,17:00:42
b4dbfd58958bd18b7d5b7edaa845af23,64773,13151,17:05:46
95c0940916c874fc496356e0bb4e471b,33582,21931,17:03:11
275659e95533f8575c0c557b5811834d,41776,27782,17:07:45
b4dbfd58958bd18b7d5b7edaa845af23,64773,13151,17:08:00
95c0940916c874fc496356e0bb4e471b,33586,12706,17:03:22
57cd5bf58a78c033cfd8dbade55018b8,41753,30723,17:09:52
57cd5bf58a78c033cfd8dbade55018b8,41753,30723,17:09:55
95c0940916c874fc496356e0bb4e471b,33582,21931,17:07:09
57cd5bf58a78c033cfd8dbade55018b8,41753,30723,17:11:49
57cd5bf58a78c033cfd8dbade55018b8,41753,30723,17:12:33
57cd5bf58a78c033cfd8dbade55018b8,41753,30723,17:13:30
95c0940916c874fc496356e0bb4e471b,33586,20274,17:09:47
57cd5bf58a78c033cfd8dbade55018b8,41753,30723,17:14:04
e02cc6285e276455fa2d756764440da1,9712,6452,17:12:28
8d146ce3be586b5747dedfe35ebe3801,22816,62336,17:17:54
1cb4759a6773baf88a189f096e8304f8,9642,27061,17:13:46
e02cc6285e276455fa2d756764440da1,9712,6452,17:15:21
1cb4759a6773baf88a189f096e8304f8,9642,27061,17:15:07
1cb4759a6773baf88a189f096e8304f8,9642,27061,17:13:06
1cb4759a6773baf88a189f096e8304f8,9642,27061,17:16:06
1cb4759a6773baf88a189f096e8304f8,9642,27061,17:17:00
8d146ce3be586b5747dedfe35ebe3801,22816,62336,17:21:39
e0bb96ce6e138094bfcfc88c956f8e73,46583,373,17:25:26
cc7b8817de377dc2339134f1fc6c572e,41760,44361,17:25:49
514319cb49398296a73cd0c2829f15be,41832,59531,17:27:21
a60c9a3e44ea7ba92e063a0e207d2ae6,41776,55971,17:27:41
17918824df0b9adbe3b8506a906b3ea9,29961,56193,17:27:21
bd47dc61c0afe6bc844b8b3640bae288,41736,22121,17:28:07
e0bb96ce6e138094bfcfc88c956f8e73,46583,373,17:27:58
17918824df0b9adbe3b8506a906b3ea9,29961,56193,17:29:07
ab102ae48984fca4029bd27050cf506d,54146,40181,17:31:13
e0bb96ce6e138094bfcfc88c956f8e73,46583,373,17:30:30
f97b53fc3fa4e59e380fd97b5dd8a5b2,41792,7844,17:32:47
e0bb96ce6e138094bfcfc88c956f8e73,46583,373,17:32:26
0eacd9c1273b9897c09a231cccf15a8e,41031,13011,17:32:59
17918824df0b9adbe3b8506a906b3ea9,29961,56193,17:32:47
14e9e64e9a32da02fef794ff0e1e473f,9648,21032,17:32:37
0eacd9c1273b9897c09a231cccf15a8e,41031,13011,17:35:21
9e859c7288880bd661f1dea639680fcb,41760,27152,17:34:02
cbac35a9fa409bcefb51c12399bc6c55,41848,59241,17:36:27
4ad2d04a6888f9496b2dc763b3c5aa9d,33577,5202,17:33:41
3b86e8aee0b8b7e15f862de0112e4293,33597,4481,17:34:22
44ccc5a3126e56433ecf18c0ef897a44,41736,25522,17:37:20
965d952433f2c14d3183874ff36abfca,41820,52982,17:35:20
14e9e64e9a32da02fef794ff0e1e473f,9648,21032,17:35:09
0eacd9c1273b9897c09a231cccf15a8e,41031,13011,17:38:06
44ccc5a3126e56433ecf18c0ef897a44,41736,25522,17:39:10
65a57ab65353ae909f1fe94938d95479,13849,7535,17:39:26
715a9059877dee994f08f90b582da3d2,9682,2872,17:40:04
d6f43769027e6ecbe8b03f3dd2541ec0,41816,49893,17:39:45
14e9e64e9a32da02fef794ff0e1e473f,9648,21032,17:37:54
65a57ab65353ae909f1fe94938d95479,13849,7535,17:40:42
715a9059877dee994f08f90b582da3d2,9682,2872,17:41:17
715a9059877dee994f08f90b582da3d2,9682,2872,17:41:43
44ccc5a3126e56433ecf18c0ef897a44,41736,25522,17:41:18
27139efea5a524269ad6c218345146d3,55643,19021,17:43:29
65a57ab65353ae909f1fe94938d95479,13849,7535,17:42:25
cbac35a9fa409bcefb51c12399bc6c55,41848,59241,17:43:20
44ccc5a3126e56433ecf18c0ef897a44,41736,25522,17:42:47
d41fc52a9f9c012f24ab45652e377f75,41756,34182,17:41:03
65a57ab65353ae909f1fe94938d95479,13849,7535,17:44:11
44ccc5a3126e56433ecf18c0ef897a44,41736,25522,17:44:19
0792480f2e7a484a68d72173cbfb5321,33573,20815,17:42:19
65a57ab65353ae909f1fe94938d95479,13850,37309,17:46:01
baeaae8105d24ea24d0158d1b1f1390e,41744,46792,17:47:30
057be5a1debd05142defe7d8aa547785,33569,40182,17:48:45
cbac35a9fa409bcefb51c12399bc6c55,41848,59241,17:50:23
14e9e64e9a32da02fef794ff0e1e473f,9648,21003,17:47:47
baeaae8105d24ea24d0158d1b1f1390e,41744,22863,17:50:10
afd5773d26ec16f35f2212727f867289,33591,2380,17:49:46
baeaae8105d24ea24d0158d1b1f1390e,41744,571,17:52:48
5140a94b5219d92f8d818b2decbe58fe,4294,11091,17:53:15
14e9e64e9a32da02fef794ff0e1e473f,9648,21003,17:50:41
e0d9c5556de5676e0871770939466258,41768,36263,17:54:09
cbac35a9fa409bcefb51c12399bc6c55,41848,59241,17:54:02
6a467f84263a59d3fc7f9a591cdc50aa,39301,6515,17:50:30
fc5446dc93e03b8d8627b826a0d142e3,41832,38813,17:53:58
389ac9ef7560c5e38746c8c0536f9a26,5663,25171,17:52:57
baeaae8105d24ea24d0158d1b1f1390e,41768,511,17:54:55
afd5773d26ec16f35f2212727f867289,33591,2380,17:52:39
e0d9c5556de5676e0871770939466258,41768,36263,17:55:19
14e9e64e9a32da02fef794ff0e1e473f,9648,21003,17:52:59
fc5446dc93e03b8d8627b826a0d142e3,41832,38813,17:56:08
389ac9ef7560c5e38746c8c0536f9a26,5663,25171,17:53:02
325593943400255a5398bf6935f76041,41744,46631,17:56:50
e0d9c5556de5676e0871770939466258,41768,36263,17:56:42
933ef879e44cb303f58b2a381bfe5136,41736,41404,17:57:25
e0d9c5556de5676e0871770939466258,41768,36263,17:57:44
baeaae8105d24ea24d0158d1b1f1390e,41768,511,17:56:56
25a6bdb79332ef3ed288cbfd717325cb,41792,40193,17:58:17
25a6bdb79332ef3ed288cbfd717325cb,41792,40193,17:58:18
e0d9c5556de5676e0871770939466258,41768,36263,17:58:58
afd5773d26ec16f35f2212727f867289,33591,2380,17:55:38
baeaae8105d24ea24d0158d1b1f1390e,41768,511,17:59:09
389ac9ef7560c5e38746c8c0536f9a26,5663,25171,17:56:14
389ac9ef7560c5e38746c8c0536f9a26,5663,25171,17:57:30
baeaae8105d24ea24d0158d1b1f1390e,41768,511,18:00:49
baeaae8105d24ea24d0158d1b1f1390e,41768,511,18:01:08
baeaae8105d24ea24d0158d1b1f1390e,41768,511,18:01:09
baeaae8105d24ea24d0158d1b1f1390e,41768,511,18:01:22
e0d9c5556de5676e0871770939466258,41768,36263,18:01:48
389ac9ef7560c5e38746c8c0536f9a26,5663,25171,18:00:21
389ac9ef7560c5e38746c8c0536f9a26,5663,25171,18:00:23
6fc3301de149daac10783a3e4c0c7d9a,41778,4976,18:03:51
f166c9bbe495da60084f974f6a5c82f1,41744,11603,18:03:57
389ac9ef7560c5e38746c8c0536f9a26,5663,25171,18:02:20
6fc3301de149daac10783a3e4c0c7d9a,41778,4976,18:05:07
389ac9ef7560c5e38746c8c0536f9a26,5663,25171,18:02:22
f166c9bbe495da60084f974f6a5c82f1,41744,11603,18:05:24
20d7ca0680de580153d17d6a79fba42f,41816,46893,18:04:32
f166c9bbe495da60084f974f6a5c82f1,41744,11603,18:06:57
803aa6cb3d4c5ebbaaa0cc384dae432c,22786,12531,18:10:05
a6e1be277dafaa7de183c9a92c96af08,41760,4481,18:12:35
afa99552a9bc851bbc53250c7e301803,41832,38013,18:18:22
cbe0ad2b6ec85e0e7e0432413968eb32,41736,5183,18:18:36
85b3d328bc268c0c3d4fafbc141abbf2,41833,59143,18:18:38
afd5773d26ec16f35f2212727f867289,33591,2380,18:16:22
350c64317353b6af96cb19df64e0fc1f,3181,1781,18:19:15
afd5773d26ec16f35f2212727f867289,33591,2380,18:19:41
949f36bf2c0abaf0ed65b2c7ed76dcbe,33597,27880,18:24:03
a5c2f3658549bd3f231d0d9d251af0f2,33572,4260,18:22:17
e770f1c4a7a42283bd51f17e75858932,57635,30091,18:25:43
e770f1c4a7a42283bd51f17e75858932,57635,30091,18:25:44
bd817379121b649ea82b5463fecf837c,62816,11263,18:27:02
cbe0ad2b6ec85e0e7e0432413968eb32,41736,5183,18:29:43
4c7dd6a3e5520058a1865c50c8e98ca5,8511,32044,18:34:46
b3c6a48550f3c4365cd82d5dcfa2a257,63409,231,18:39:54
b3c6a48550f3c4365cd82d5dcfa2a257,63409,231,18:39:55
f07ed7d2b35ac1942a1a4d669b096ba3,41784,2375,18:44:02
0bd647fe2a295401fad79918eb4ebd63,41764,8823,18:44:52
0bd647fe2a295401fad79918eb4ebd63,41764,8823,18:44:53
d1cb04b007ad3bfa8ac2d5aa535679bb,33579,10674,18:46:41
54a74f84300ecf0dfc456d3a75eedce6,46513,11183,18:48:22
259be3d12cb511d25b09158183a8b056,13702,50650,18:49:49
3f9d96a6f1bb661fa16d4b82c39166bb,41736,42643,18:51:13
3f9d96a6f1bb661fa16d4b82c39166bb,41736,42643,18:52:21
9f4c7a5331f2bdf88a594ffc2d38c3b2,41820,52752,18:56:28
c974b10f97f92430be09fc05042740a3,33588,55646,18:55:13
50192260273512a830f8f2fd8f3ce023,41770,5581,19:00:16
4ab6f652085bf53b1b4a23780b18d2ca,33570,40585,18:59:18
bd50a330586c534efad864c124e36a75,41744,131,19:03:09
97facca811d7bc106dc49336130ffbd4,33576,48800,19:06:41
1cb015cce59ec0e1008b73694f5ff562,41772,54081,19:10:07
b54d3a00082cfda28f6f8738993350a6,33582,5052,19:12:25
b54d3a00082cfda28f6f8738993350a6,33582,5052,19:12:25
0ee99412e7a134db5a28230245dde34a,61703,3596,19:12:35
97facca811d7bc106dc49336130ffbd4,33576,48800,19:09:36
b54d3a00082cfda28f6f8738993350a6,33582,5052,19:13:45
97facca811d7bc106dc49336130ffbd4,33576,48800,19:12:19
b54d3a00082cfda28f6f8738993350a6,33582,5052,19:14:20
96b4d43039fb79a56e577086a194fd59,21251,19321,19:12:45
56b5da7e15e4468b938a0c3819fbf35f,9619,42192,19:17:18
97facca811d7bc106dc49336130ffbd4,33576,48800,19:15:06
a18588bf261a85fde59fe7f00e2d4af4,33565,21306,19:15:22
96b4d43039fb79a56e577086a194fd59,21251,19321,19:15:43
97facca811d7bc106dc49336130ffbd4,33576,48800,19:17:40
97facca811d7bc106dc49336130ffbd4,33576,48800,19:20:04
653a5cbd5c97d7225ba90b263adf8204,53665,23521,19:22:05
28c3b12ea0aac8bd878ddaf58f5fe425,41784,2471,19:24:02
653a5cbd5c97d7225ba90b263adf8204,53665,23521,19:25:45
5c177f59f133fe7b7ea77eff1aac73d4,33558,49892,19:25:37
653a5cbd5c97d7225ba90b263adf8204,53665,23521,19:28:32
9b2186b3fe0e4c4874e52451c84e27c6,61763,5211,19:29:44
2e03a68474af910465ec75b52fd09b5f,21761,15251,19:28:54
2e03a68474af910465ec75b52fd09b5f,21761,15251,19:29:08
eb04150feace806ba41233a5c42eb07e,14240,9163,19:27:01
69a93f1aaf34e9939468b5c6dc0fd317,14154,27596,19:29:13
653a5cbd5c97d7225ba90b263adf8204,53665,23521,19:31:48
20834bdc3a7a25d857171e9988951834,33581,18512,19:29:23
45252217a286412af85530953e3df4e4,33588,59372,19:30:28
653a5cbd5c97d7225ba90b263adf8204,53665,23521,19:33:48
e5fea3fb7722f5f7c5959bb93b521a96,58246,34151,19:35:11
653a5cbd5c97d7225ba90b263adf8204,53665,23521,19:36:14
cdbd6acb5d77b9bc8f7e6a2b70baf719,33570,43241,19:33:49
f9b452f7e9b2e0719bfd482999b1b43b,33586,29739,19:34:23
fe5c9958757ee5b8e38245f6fdae7c75,41752,42201,19:38:39
fe5c9958757ee5b8e38245f6fdae7c75,41752,42201,19:38:39
e5b0eee7f162a9194224429d628082e3,33580,17025,19:39:02
f9b452f7e9b2e0719bfd482999b1b43b,33586,29739,19:37:02
4c5ecc243f3a8af430831ff47eac674d,41792,39608,19:43:09
1f1b425714b762c3bf4d256d3dc294fe,33577,1682,19:46:06
e5b0eee7f162a9194224429d628082e3,33580,17025,19:47:32
8e7266eaa83876d66f2ed663a3546c90,57602,10723,19:48:46
3b9b1f818b7afd7f3c1505d7f62acdab,41210,16821,19:49:13
273392bf20ef8a9541648116a44ef3cb,33565,22220,19:48:18
273392bf20ef8a9541648116a44ef3cb,33565,22220,19:50:35
e44809fa1066f61174c6b2c68413da02,41784,28284,19:52:30
f06c2138769b9ccbc30c592326dc89d2,41780,28383,19:52:43
d37412f0d804f299646a4c6f3d4a1be4,17922,62841,19:50:37
273392bf20ef8a9541648116a44ef3cb,33565,22220,19:52:38
97795156845ef2eac1b9abfc82d0ea89,8560,53,19:54:17
273392bf20ef8a9541648116a44ef3cb,41776,51753,19:56:11
5589e463fd085c1e2615642b937fafba,9642,26307,19:57:58
273392bf20ef8a9541648116a44ef3cb,41776,51753,19:58:41
06eba75827837c26055cbc2a41bc5552,8521,60013,19:56:23
273392bf20ef8a9541648116a44ef3cb,41776,51753,20:01:13
9c192535b80d059945647c0ad4b183c9,10113,32873,20:03:22
355a8f5a58065c4fe57523caf7d16a3e,33592,23935,20:03:48
8ea9a0b30faf7cc4a9b938ccb70209b8,41736,37593,20:01:29
9c192535b80d059945647c0ad4b183c9,10113,32873,20:04:08
7d4abb951af377f4410f0da97868fb86,41784,2448,20:05:41
a08c0abf3857f5ab6fc8a8142c9ed8f5,33592,2241,20:08:16
ec39f243e19f74cb976361dfd27ada99,33551,39430,20:08:36
355a8f5a58065c4fe57523caf7d16a3e,33592,23935,20:12:10
965ab36acd1db748c56bd39a91c5cf17,33582,28670,20:09:39
bfdadbd70dc8d15ad44c93d7c8d14f4d,41777,56613,20:14:14
bde90a421ecad023ed96e7a7a0fc668b,33591,16649,20:15:23
ce0259f62269f3d1383ce3b2dea10d3a,33045,63034,20:16:43
bde90a421ecad023ed96e7a7a0fc668b,33591,16649,20:18:07
7a9ea98e09975fb7c5cbfd7ad4ce1a4b,41792,16882,20:22:17
bde90a421ecad023ed96e7a7a0fc668b,33591,16649,20:20:31
700317b7ab7224f3e3b266c9da156035,33568,28801,20:20:45
7a9ea98e09975fb7c5cbfd7ad4ce1a4b,41792,16882,20:23:28
7a9ea98e09975fb7c5cbfd7ad4ce1a4b,41792,16882,20:24:38
255e94e173ecdb2a271419bf4e915ec3,41776,31421,20:24:28
7a9ea98e09975fb7c5cbfd7ad4ce1a4b,41792,16882,20:26:01
bde90a421ecad023ed96e7a7a0fc668b,33591,16649,20:23:02
504c9ce371888820d91ad393e50758bb,33568,28807,20:25:46
7a9ea98e09975fb7c5cbfd7ad4ce1a4b,41792,16882,20:27:20
14ad0aab81e427f320f33a80a9a45d34,41744,35821,20:28:22
dd115c52ff7c71a54a9ec6baf8b094a9,33573,23619,20:32:34
aadf5240f30f2ed694c4cc6403f01fc8,41736,5242,20:30:50
aadf5240f30f2ed694c4cc6403f01fc8,41736,5242,20:31:42
48c0707f495014ea1b43e6a28cba0dd1,33571,45990,20:32:30
aadf5240f30f2ed694c4cc6403f01fc8,41736,5242,20:33:15
504c9ce371888820d91ad393e50758bb,33568,28807,20:35:39
f16f5ce04dea592de2dc7bc5126bd3dc,3421,1511,20:33:51
aadf5240f30f2ed694c4cc6403f01fc8,41736,5242,20:35:08
85663950f684c92a0a12f91f540fc6df,41744,621,20:37:45
504c9ce371888820d91ad393e50758bb,33568,28807,20:39:35
aadf5240f30f2ed694c4cc6403f01fc8,41736,5242,20:37:20
bde90a421ecad023ed96e7a7a0fc668b,33591,16649,20:38:37
bde90a421ecad023ed96e7a7a0fc668b,33591,16649,20:38:50
aadf5240f30f2ed694c4cc6403f01fc8,41736,5242,20:38:50
aadf5240f30f2ed694c4cc6403f01fc8,41736,5242,20:40:10
9c820ffde537f0b7c6cd325dacb4123d,41784,45572,20:43:49
aa2f1106d27aabaaf4f062e30017aeed,33569,53452,20:41:24
9d27f0210cde0465fda195c5f60a6e05,22814,45761,20:44:11
bde90a421ecad023ed96e7a7a0fc668b,33591,16649,20:42:29
504c9ce371888820d91ad393e50758bb,33568,28807,20:44:58
9d27f0210cde0465fda195c5f60a6e05,22814,45761,20:47:49
38f8cc2815bf41fbf964c5780073b0af,61706,6864,20:48:22
9d27f0210cde0465fda195c5f60a6e05,22814,45761,20:51:29
504c9ce371888820d91ad393e50758bb,33568,28807,20:51:52
12829e2ff8a9a0a417a91a61b0a43209,8635,4362,20:49:36
b74d4856670ad5e00df5ccb96b2e6f32,1815,14483,20:47:43
9d27f0210cde0465fda195c5f60a6e05,22814,45761,20:55:28
9d27f0210cde0465fda195c5f60a6e05,22814,45761,20:55:28
504c9ce371888820d91ad393e50758bb,33568,28807,20:56:23
b74d4856670ad5e00df5ccb96b2e6f32,1815,14483,20:51:09
3f27accbc8c86c05ee63c8a16694a1ae,41777,2432,20:56:54
25374b149b626ef82bf4a584a14e2d06,33096,39021,20:57:41
b74d4856670ad5e00df5ccb96b2e6f32,1815,14483,20:54:26
b74d4856670ad5e00df5ccb96b2e6f32,1815,14483,20:57:13
9d27f0210cde0465fda195c5f60a6e05,22814,45761,20:59:31
9d27f0210cde0465fda195c5f60a6e05,22814,45761,21:02:34
9d27f0210cde0465fda195c5f60a6e05,22814,45761,21:02:34
fd6465c346fa2e32a3c55a19c911d754,33594,28168,21:00:33
fd6465c346fa2e32a3c55a19c911d754,33594,28168,21:03:04
b74d4856670ad5e00df5ccb96b2e6f32,1815,14483,21:00:29
ff3250250c94df99fe007042ac2628b8,33553,34477,21:06:46
b74d4856670ad5e00df5ccb96b2e6f32,1815,14483,21:03:12
25374b149b626ef82bf4a584a14e2d06,33096,39021,21:05:25
b8065ab6409f2395bc49333aa3d16bdd,33565,4004,21:07:59
de594b94b1b406b5858f0b83f2fa9598,1332,51759,21:01:27
3ad8594d7fa4c853af7bb0b10022dd5d,41744,483,21:05:52
68d602e89f6a0d1c3aa2fb844252db39,33589,53660,21:05:19
fd6465c346fa2e32a3c55a19c911d754,33594,28168,21:06:28
9253f57da938867064c549218702ad72,41784,1573,21:09:38
9253f57da938867064c549218702ad72,41784,1573,21:09:39
54b0a5027f1fe82c1d04ea7a9960700a,8523,43113,21:05:51
8769645920c435381f453ee4030fe6fb,33598,57128,21:10:08
3ad8594d7fa4c853af7bb0b10022dd5d,41744,483,21:06:46
3ad8594d7fa4c853af7bb0b10022dd5d,41744,483,21:07:35
3ad8594d7fa4c853af7bb0b10022dd5d,41744,483,21:08:19
3ad8594d7fa4c853af7bb0b10022dd5d,41744,483,21:08:52
54b0a5027f1fe82c1d04ea7a9960700a,8523,43113,21:07:42
8cf90061fe746e968011e92981f14d7d,25154,10353,21:08:02
fd6465c346fa2e32a3c55a19c911d754,33594,16547,21:10:28
65bfab85d56b32843cf1d2173b7f977a,41768,23053,21:14:23
a18588bf261a85fde59fe7f00e2d4af4,33565,21306,21:11:47
7b5c8896c32429c7b86c16bec57120d3,20994,18791,21:15:20
6d40db45f46383ed10a87e401244e216,17691,32623,21:13:37
fd6465c346fa2e32a3c55a19c911d754,33567,22067,21:14:15
41e92c2b3e0120a3e788ff1a7ca8960d,41753,9591,21:18:41
ed490853a9459e09bb69aceb288040a9,41853,48203,21:19:10
a18588bf261a85fde59fe7f00e2d4af4,33565,21306,21:17:04
dc574d10c4ef2ecae86d8498076cb643,33596,23188,21:20:03
54b0a5027f1fe82c1d04ea7a9960700a,8523,57201,21:17:35
74af49f1e052d25963157dacb0e17e80,9625,20443,21:21:15
fd6465c346fa2e32a3c55a19c911d754,33567,22067,21:18:08
dc574d10c4ef2ecae86d8498076cb643,33596,23188,21:21:42
74af49f1e052d25963157dacb0e17e80,9625,20443,21:21:23
6b2fc0f6118c886365506eb550f438e5,41745,1452,21:21:57
dc574d10c4ef2ecae86d8498076cb643,33596,23188,21:23:13
d543e8c672f38e0ce9d658cc93963773,41744,1013,21:19:52
a18588bf261a85fde59fe7f00e2d4af4,33565,21306,21:21:47
dc574d10c4ef2ecae86d8498076cb643,33596,23188,21:24:50
74af49f1e052d25963157dacb0e17e80,9625,20443,21:25:02
dc574d10c4ef2ecae86d8498076cb643,33596,23188,21:26:23
eeade2122f707b93ece4bbc331ca0297,33588,58068,21:24:44
dc574d10c4ef2ecae86d8498076cb643,33596,23188,21:27:29
c433a3a9516fba2565d1a38a8162f580,33566,10606,21:28:43
426f2e393d08c5946b587ca9b330a7fa,41822,5671,21:29:27
54b0a5027f1fe82c1d04ea7a9960700a,8523,43113,21:26:41
a18588bf261a85fde59fe7f00e2d4af4,33565,21306,21:27:46
adc7574d973e67439071fc28f9107fa8,33551,30192,21:30:48
d8ef84227627f524d6d48bb2c4c43cf7,41753,25152,21:31:25
be70c47011c46e38eacd60d5f99af81f,41770,56292,21:32:10
c433a3a9516fba2565d1a38a8162f580,33566,10606,21:33:09
c433a3a9516fba2565d1a38a8162f580,33566,10606,21:33:54
d19210665bad26c912f6b2346e4cff50,33586,21652,21:35:00
a18588bf261a85fde59fe7f00e2d4af4,33565,21306,21:32:13
a8e5cabeb0ca772870cd39917066e09c,33556,37100,21:36:02
4e72b618278a2b9fd9b4f71f9d27f5c1,5383,36002,21:36:26
704943507f7144854ce8a7b2df7a43fe,41768,3836,21:37:09
bd7b1cf46f5a4bd3add6b424a82bcc77,33573,10464,21:37:10
54b0a5027f1fe82c1d04ea7a9960700a,8523,57201,21:34:50
56042f3f1af876a1859685e6c2edb4cf,41792,31902,21:38:12
56042f3f1af876a1859685e6c2edb4cf,41792,31902,21:38:59
a18588bf261a85fde59fe7f00e2d4af4,33565,21306,21:34:49
f20cf288955fed36a8fc849cf934e2d3,33569,40181,21:39:01
c3cce4de228c4b68fe262328a01fdd92,33590,14808,21:39:32
56042f3f1af876a1859685e6c2edb4cf,41792,31902,21:40:19
56042f3f1af876a1859685e6c2edb4cf,41792,31902,21:41:37
5430461ab942157dabe2d2b2b0a3489b,33568,4061,21:40:31
56042f3f1af876a1859685e6c2edb4cf,41792,31902,21:42:49
56042f3f1af876a1859685e6c2edb4cf,41792,31902,21:44:03
9eeb5495cfb8cf457bd5904521bede08,33553,36772,21:42:26
54b0a5027f1fe82c1d04ea7a9960700a,8523,43113,21:43:01
ca3fd27d402a3b2223a6d0583a80f33c,41772,8102,21:47:14
9fe611fae4aef1e61448fe3e96df46c6,42484,7179,21:48:39
10fe871a69d924d63aff2716f03456c2,54135,24883,21:48:47
060c076f03cf512aabef2e254871e006,33096,62121,21:42:04
8a421dfdf65ca0a6549ec507783323c9,12337,12903,21:49:30
8a421dfdf65ca0a6549ec507783323c9,12337,12903,21:49:33
10fe871a69d924d63aff2716f03456c2,54135,24883,21:50:23
060c076f03cf512aabef2e254871e006,33096,62121,21:45:26
10fe871a69d924d63aff2716f03456c2,54135,24883,21:51:53
388977326a03bc68772254bc0d7f4980,45859,23311,21:52:42
9eeb5495cfb8cf457bd5904521bede08,33553,36772,21:49:12
7f9ad1533f1d023defa84ea92382ebb0,41736,39371,21:53:08
7f9ad1533f1d023defa84ea92382ebb0,41736,39371,21:53:11
999ed3d2ba652af901449a3aaba7c795,41792,45142,21:51:11
10fe871a69d924d63aff2716f03456c2,54135,24883,21:53:18
10fe871a69d924d63aff2716f03456c2,54135,24883,21:54:20
a737d13a65bbf6e50871b6445a0270a7,33595,29959,21:55:25
54b0a5027f1fe82c1d04ea7a9960700a,8523,43113,21:51:32
9c1b252c49071fb5e7f9a340301dbcfa,41745,18131,21:55:42
9c1b252c49071fb5e7f9a340301dbcfa,41745,18131,21:55:44
10fe871a69d924d63aff2716f03456c2,54135,24883,21:55:58
a737d13a65bbf6e50871b6445a0270a7,33595,29959,21:57:19
f9736b447bb0aebd362e3970f93fddaf,33561,49981,21:57:27
a737d13a65bbf6e50871b6445a0270a7,33595,29959,21:58:59
9eeb5495cfb8cf457bd5904521bede08,33553,36772,21:55:21
9e9eb379d039a5c50e24c6e50a5728eb,33588,55888,21:58:44
d57d9d933b8b84a74a5e0784647fe1b7,1058,8481,21:58:42
21d071fa148574720340b4d83e10fd29,33564,11977,21:58:46
a92d7b83a40ff6294268421e6135195b,33568,17977,21:56:45
a737d13a65bbf6e50871b6445a0270a7,33595,29959,22:00:43
d8c9027982c3a6f9f8e2c779a027ea35,33596,6887,21:58:58
a737d13a65bbf6e50871b6445a0270a7,33595,29959,22:02:41
a737d13a65bbf6e50871b6445a0270a7,33595,29959,22:04:36
46deb4cdda048e92cc2f74a9755ae69d,41744,1525,22:04:23
46deb4cdda048e92cc2f74a9755ae69d,41744,1525,22:04:26
46deb4cdda048e92cc2f74a9755ae69d,41744,1525,22:05:15
9eeb5495cfb8cf457bd5904521bede08,33553,36772,22:01:50
2d0b55aaf00c85f227b7d2d1113908c5,33589,52400,22:05:40
bb2eb3dda6801205e5842521e2485b01,41764,46392,22:06:53
46deb4cdda048e92cc2f74a9755ae69d,41744,1525,22:07:22
1479ddc35dacf367c4713aa03cbc467b,33567,8558,22:09:33
0f7655d77738b738260c5736f11fec7c,9984,16622,22:09:06
4f9443e0aaf5c550867580b7f97749d5,41736,5813,22:11:03
4f9443e0aaf5c550867580b7f97749d5,41736,5813,22:11:04
8f59a59b5248e549c3357c7a82e1ed67,53617,14242,22:12:03
9eeb5495cfb8cf457bd5904521bede08,33553,36772,22:08:36
377c4220edd87177c7435423c0a58b48,1303,25643,22:09:40
078f49b53d678f0cb4d07c0e4c2dcdb0,33593,13599,22:13:25
4da4826b7e94ed6eb72012e5290cddf3,33580,12275,22:11:56
9fe611fae4aef1e61448fe3e96df46c6,42484,7179,22:16:18
7a9ea98e09975fb7c5cbfd7ad4ce1a4b,41792,16882,22:16:04
73e5922ab6d8cc5a01f83fdc3d76e1bd,6000,60996,22:16:46
9eeb5495cfb8cf457bd5904521bede08,33553,36772,22:16:04
8f59a59b5248e549c3357c7a82e1ed67,53617,14242,22:19:43
0b946de684dfdc231de7d08e36b0022c,41832,40001,22:23:26
6bf971f287087733f50a9d8c549e7036,41752,39573,22:24:09
c190182c0ab50ec08e261213089cab13,41771,49533,22:23:18
ec78abe8ae137934dcaedae565874a64,8470,28953,22:24:28
7d777dd2c850db2bf094c47ccd315963,62722,10540,22:29:13
0660c6e2142ff1225e12760441cb5228,41745,2312,22:30:26
7d71bb996df775b945892fe1c7ed0ade,41744,19147,22:30:54
ee2af4c12b70543e06754a2a71ca63ae,41833,43247,22:31:03
98fb159c1781e4854d6f2aea296d8adf,33572,28611,22:29:01
7d71bb996df775b945892fe1c7ed0ade,41744,19147,22:32:00
7d777dd2c850db2bf094c47ccd315963,62722,10540,22:31:52
7d71bb996df775b945892fe1c7ed0ade,41744,19147,22:33:12
ec78abe8ae137934dcaedae565874a64,8470,28953,22:34:00
7d777dd2c850db2bf094c47ccd315963,62722,10540,22:34:20
7d71bb996df775b945892fe1c7ed0ade,41744,19147,22:35:12
9a35f640db7c9277cd046319bc9e674b,58626,26400,22:35:46
7d71bb996df775b945892fe1c7ed0ade,41744,19147,22:35:51
7d71bb996df775b945892fe1c7ed0ade,41744,19147,22:36:05
491fe6a57188b0ebe0acaa398849807d,41832,45682,22:37:05
ece27947eea5995f0c08634c49aab10f,41792,7465,22:37:32
7d777dd2c850db2bf094c47ccd315963,8515,31680,22:36:51
6dceffb90640d4a368072eb907869fab,41753,25442,22:38:08
9d096347cb0742967ba7558a7bda1ab7,48385,48623,22:38:58
7d777dd2c850db2bf094c47ccd315963,62722,10092,22:39:19
70711f7650d4757449b95c5c85c67b74,41780,27562,22:42:29
ece2fd10154995dbbd252d9061687b6a,41784,26651,22:42:28
d6de13a8af35539ed5d1c623d921cc0a,41778,26041,22:46:21
aec2e64ce8823052def1e040f90a5dc0,41752,10913,22:47:18
79a42f56be5fc1b7ed1bd2ec2ae786de,41777,1953,22:47:13
edd8e5b8bc68f326d4e227066262fbf6,41852,63261,22:50:06
b465ed86e32a60dd83e10d81bceb8267,44087,37641,22:52:44
5032381e53f3dc39c7fedef84c49364e,59147,37411,22:51:54
5032381e53f3dc39c7fedef84c49364e,22817,49071,22:52:30
98fb159c1781e4854d6f2aea296d8adf,33572,28611,22:50:02
e8adeb3379f3a76c5f807a81a1ca1f2f,33558,46145,22:53:34
98fb159c1781e4854d6f2aea296d8adf,33572,28611,22:54:03
eeeed6b85e86222f860326b0bc2e2c47,33598,58198,22:56:33
415975a06fb1791cf626e437ad0eb16c,41760,21593,23:00:23
0c9b211c201a008c9c6a036384e3e37e,41744,1041,23:01:37
98fb159c1781e4854d6f2aea296d8adf,33572,28611,22:59:22
eeeed6b85e86222f860326b0bc2e2c47,33598,58198,23:00:33
2e3a11648e608119dadd6521864779e5,282,50195,23:02:46
98fb159c1781e4854d6f2aea296d8adf,33572,28611,23:03:12
eeeed6b85e86222f860326b0bc2e2c47,33598,58198,23:03:27
2e3a11648e608119dadd6521864779e5,282,50195,23:02:47
d78597d16fa3744755eb3381075b2a38,33214,16433,23:06:49
bf8af5d74711c23fb5174399840732a8,33579,21082,23:08:06
eeeed6b85e86222f860326b0bc2e2c47,33598,58198,23:06:05
98fb159c1781e4854d6f2aea296d8adf,33572,28611,23:07:05
eeeed6b85e86222f860326b0bc2e2c47,33598,58198,23:08:43
fa38292ec4236d6f1a4a6ada67a18aa5,8560,10330,23:11:46
18193920e067fa4d8809b19247fa0673,33571,40736,23:06:03
c36ef3ad119d07a946de2fe6368678b0,41816,49563,23:11:10
eeeed6b85e86222f860326b0bc2e2c47,33598,58198,23:11:26
18193920e067fa4d8809b19247fa0673,33571,40736,23:10:04
2295f88892bf23ede06ad6e5b83df4c6,33567,11158,23:14:29
c810e2bb7a8fe27b53cd21485a59ea4e,33563,5560,23:13:07
18193920e067fa4d8809b19247fa0673,33571,40736,23:12:01
2295f88892bf23ede06ad6e5b83df4c6,33567,11158,23:17:03
6a3aa45dcdf4985226debe7f7b45b10e,41736,9631,23:17:36
c36ef3ad119d07a946de2fe6368678b0,41816,49563,23:14:25
18193920e067fa4d8809b19247fa0673,33571,40736,23:14:07
001fcc92c0b7e22077681d2e2938dc41,41768,56049,23:21:38
001fcc92c0b7e22077681d2e2938dc41,41768,56049,23:22:18
18193920e067fa4d8809b19247fa0673,33571,40736,23:18:34
18193920e067fa4d8809b19247fa0673,33571,40736,23:15:54
71ad8a2eb6acb4e16d5f7915ee0ea39f,61728,8204,23:23:10
12d4fedce78acd46372f63072bc5a15d,33593,10400,23:24:04
1d9df8d4f0909a594a6c13eb52604dc9,53533,17113,23:32:41
1d9df8d4f0909a594a6c13eb52604dc9,53533,17113,23:32:44
1d9df8d4f0909a594a6c13eb52604dc9,53533,17113,23:32:52
4ee8bcda37b5dbcd1d67c5df14a9b9b9,64825,59153,23:36:25
1d9df8d4f0909a594a6c13eb52604dc9,53533,17113,23:34:17
5d293f3c379e8020b3e78a14793a0204,33592,22870,23:35:23
b0596f06106de45de5c559a4e8155bb5,41833,60261,23:37:31
90edb5b682dd452e5adc857ed8ede3e8,33565,20038,23:34:38
1d9df8d4f0909a594a6c13eb52604dc9,53533,17113,23:35:55
1d9df8d4f0909a594a6c13eb52604dc9,53533,17113,23:37:31
5d293f3c379e8020b3e78a14793a0204,33592,22870,23:37:18
13b6edea4072c9ad2cd0358b94a558c2,41764,21421,23:40:26
1d9df8d4f0909a594a6c13eb52604dc9,53533,12231,23:39:10
5d293f3c379e8020b3e78a14793a0204,33592,22870,23:39:22
5d293f3c379e8020b3e78a14793a0204,33592,22870,23:41:22
a3622bc3268d549b52498501f52ce1b0,41769,1183,23:45:25
5d293f3c379e8020b3e78a14793a0204,33592,22870,23:43:27
30aeac5b473850130130c66d221ae168,61706,8025,23:47:42
5d293f3c379e8020b3e78a14793a0204,33592,22870,23:45:18
4c8e2859a2281b615544b965f6842f8c,41776,26872,23:50:40
5190db054b630a846c95d1f54af4a439,33097,50071,23:49:49
2f692c42ea1380b78db419470be66a6a,33598,57613,23:52:31
0f7da895422729af5e05a7b38a1189a5,33581,16894,23:50:44
d99475177dacbd1baed11d921762bfdd,41744,22705,23:54:59
a25e5a70488d9f08596602322de03e29,41780,2771,23:56:47
46d824017d62f0fc952150fec928a0be,42563,47311,23:52:45
46d824017d62f0fc952150fec928a0be,42563,47311,23:52:47
