[41736, 5561, 29.523636, 106.517707, 217.0]
[41736, 5561, 29.523636, 106.517707, 217.0]
[41736, 5561, 29.523636, 106.517707, 217.0]
[41773, 53052, 29.840899, 106.045067, 567.0]
[41773, 53052, 29.840899, 106.045067, 567.0]
[41772, 27487, 29.699989, 105.713456, 462.0]
[41756, 50035, 28.929756, 106.921617, 500.0]
[41756, 50035, 28.929756, 106.921617, 500.0]
[41820, 2423, 30.293933, 108.038455, 75.0]
[41820, 2423, 30.293933, 108.038455, 75.0]
[41760, 3939, 29.5736, 106.560823, 500.0]
[41760, 3939, 29.5736, 106.560823, 500.0]
[41745, 42031, 29.593561, 106.516114, 223.0]
[59203, 39491, 24.7397, 110.496858, 327.0]
[41792, 21962, 29.514465, 106.468782, 233.0]
[41792, 21962, 29.514465, 106.468782, 233.0]
[41792, 21962, 29.514465, 106.468782, 233.0]
[61773, 671, 31.156008, 104.42072, 500.0]
[62724, 23920, 26.425141, 106.676591, 127.0]
[41816, 21182, 30.783113, 108.388661, 336.0]
[41784, 2393, 29.574275, 106.538118, 162.0]
[33243, 35051, 30.192433, 104.366691, 1010.0]
[33243, 35051, 30.192433, 104.366691, 1010.0]
[56337, 15906, 38.499637, 106.105425, 141.0]
[33571, 52051, 30.920473, 108.717596, 363.0]
[41780, 53562, 29.404231, 105.584516, 500.0]
[41816, 46732, 30.809062, 108.378207, 100.0]
[33586, 21431, 29.84344, 106.05349, 368.0]
[41764, 39751, 29.527324, 106.551917, 256.0]
[41764, 39751, 29.527324, 106.551917, 256.0]
[41778, 49042, 29.58019, 106.310948, 500.0]
[41778, 49042, 29.58019, 106.310948, 500.0]
[5657, 21032, 28.895483, 105.412013, 535.0]
[5657, 21032, 28.895483, 105.412013, 535.0]
[5657, 21032, 28.895483, 105.412013, 535.0]
[61703, 3283, 30.692595, 104.069123, 500.0]
[41792, 7675, 29.536964, 106.467443, 167.0]
[41744, 30091, 29.602902, 106.498916, 500.0]
[5970, 842, 21.97733, 100.427549, 875.0]
[41768, 29533, 29.626203, 106.478019, 569.0]
[29737, 22461, 29.802498, 113.473342, 1000.0]
[54092, 14291, 37.5333, 121.383906, 100.0]
[41736, 5569, 29.520125, 106.513424, 500.0]
[41736, 5569, 29.520125, 106.513424, 500.0]
[41792, 45863, 29.537644, 106.449682, 115.0]
[41792, 45863, 29.537644, 106.449682, 115.0]
[41792, 45863, 29.537644, 106.449682, 115.0]
[41792, 45863, 29.537644, 106.449682, 115.0]
[41784, 2405, 29.578969, 106.570736, 500.0]
[41784, 2405, 29.578969, 106.570736, 500.0]
[41792, 22093, 29.523236, 106.475982, 291.0]
[41792, 22093, 29.523236, 106.475982, 291.0]
[13849, 23067, 30.292462, 120.215332, 127.0]
[41736, 46381, 29.548396, 106.511166, 500.0]
[57627, 2053, 30.603932, 114.300828, 120.0]
[41744, 36841, 29.633835, 106.479419, 500.0]
[41792, 26843, 29.494728, 106.470493, 207.0]
[41833, 42023, 29.147823, 107.09952, 84.0]
[41833, 42023, 29.147823, 107.09952, 84.0]
[61710, 48705, 30.663586, 103.992275, 100.0]
[33564, 22297, 29.583397, 106.505304, 114.0]
[33564, 22297, 29.583397, 106.505304, 114.0]
[33564, 22297, 29.583397, 106.505304, 114.0]
[33564, 22297, 29.583397, 106.505304, 114.0]
[33564, 22297, 29.583397, 106.505304, 114.0]
[33564, 22297, 29.583397, 106.505304, 114.0]
[57631, 16465, 30.576418, 114.322455, 500.0]
[57631, 16465, 30.576418, 114.322455, 500.0]
[44084, 21193, 39.159465, 117.371881, 245.0]
[44084, 21193, 39.159465, 117.371881, 245.0]
[41833, 42091, 29.157816, 107.100421, 94.0]
[41736, 38263, 29.438049, 106.441509, 688.0]
[33595, 148, 29.509534, 106.502211, 327.0]
[33595, 148, 29.509534, 106.502211, 327.0]
[41792, 31911, 29.56525, 106.459141, 177.0]
[41792, 31911, 29.56525, 106.459141, 177.0]
[58631, 53810, 19.694746, 109.224884, 601.0]
[58631, 53810, 19.694746, 109.224884, 601.0]
[41736, 47242, 29.50365, 106.530085, 500.0]
[41745, 45051, 29.578162, 106.475862, 524.0]
[42291, 14713, 22.552794, 114.041259, 500.0]
[42291, 14713, 22.552794, 114.041259, 500.0]
[41753, 30652, 29.372481, 106.629123, 500.0]
[41753, 30652, 29.372481, 106.629123, 500.0]
[41736, 22952, 29.512952, 106.507757, 500.0]
[61889, 801, 30.878783, 101.905078, 92.0]
[41792, 45862, 29.538502, 106.45205, 500.0]
[41744, 863, 29.64767, 106.588286, 359.0]
[41792, 7453, 29.551551, 106.463273, 138.0]
[17694, 27713, 31.559218, 121.066594, 353.0]
[17694, 27713, 31.559218, 121.066594, 353.0]
[17694, 27713, 31.559218, 121.066594, 353.0]
[17694, 27713, 31.559218, 121.066594, 353.0]
[41833, 42252, 29.041969, 107.190244, 58.0]
[41752, 9762, 29.467025, 106.615337, 1047.0]
[41744, 27931, 29.653422, 106.535436, 500.0]
[33573, 2992, 29.596275, 106.626347, 762.0]
[33573, 2992, 29.596275, 106.626347, 762.0]
[33573, 2992, 29.596275, 106.626347, 762.0]
[33581, 10538, 29.589008, 106.64133, 1000.0]
[41792, 7321, 29.557237, 106.47125, 123.0]
[41792, 7321, 29.557237, 106.47125, 123.0]
[61773, 5971, 31.108071, 104.418414, 500.0]
[61773, 5971, 31.108071, 104.418414, 500.0]
[61773, 5971, 31.108071, 104.418414, 500.0]
[41792, 11851, 29.521987, 106.475281, 171.0]
[41792, 11851, 29.521987, 106.475281, 171.0]
[41792, 26533, 29.500105, 106.451431, 100.0]
[41792, 26533, 29.500105, 106.451431, 100.0]
[41764, 33031, 29.524769, 106.57674, 500.0]
[41764, 33031, 29.524769, 106.57674, 500.0]
[41736, 5560, 29.52071, 106.517137, 500.0]
[41752, 43151, 29.533426, 106.603985, 120.0]
[41752, 43151, 29.533426, 106.603985, 120.0]
[41752, 43151, 29.533426, 106.603985, 120.0]
[61817, 51203, 29.137704, 105.231183, 500.0]
[41736, 25834, 29.546281, 106.492986, 100.0]
[41736, 25834, 29.546281, 106.492986, 100.0]
[41744, 22712, 29.663407, 106.552298, 231.0]
[33556, 37091, 30.020534, 107.471737, 1000.0]
[41769, 23672, 30.000172, 106.264154, 169.0]
[41832, 39832, 29.688261, 107.399767, 136.0]
[41832, 39832, 29.688261, 107.399767, 136.0]
[41832, 39832, 29.688261, 107.399767, 136.0]
[41832, 39832, 29.688261, 107.399767, 136.0]
[41816, 46733, 30.808889, 108.378383, 302.0]
[41832, 59574, 29.870592, 107.729902, 68.0]
[41744, 1525, 29.602042, 106.507906, 716.0]
[41744, 1525, 29.602042, 106.507906, 716.0]
[41744, 1525, 29.602042, 106.507906, 716.0]
[41744, 1525, 29.602042, 106.507906, 716.0]
[41744, 1525, 29.602042, 106.507906, 716.0]
[41744, 1525, 29.602042, 106.507906, 716.0]
[41744, 1525, 29.602042, 106.507906, 716.0]
[41744, 1525, 29.602042, 106.507906, 716.0]
[41744, 1525, 29.602042, 106.507906, 716.0]
[41744, 1525, 29.602042, 106.507906, 716.0]
[33581, 16894, 29.614877, 106.674484, 283.0]
[41744, 30236, 29.727338, 106.623924, 997.0]
[41744, 30236, 29.727338, 106.623924, 997.0]
[41792, 23465, 29.555324, 106.459185, 500.0]
[41792, 23465, 29.555324, 106.459185, 500.0]
[41832, 38405, 29.754182, 107.261553, 349.0]
[59145, 11952, 22.732512, 108.327392, 369.0]
[35090, 12578, 29.328234, 89.394833, 1000.0]
[41744, 30232, 29.659398, 106.598771, 445.0]
[41744, 30232, 29.659398, 106.598771, 445.0]
[41764, 9067, 29.5605, 106.564883, 500.0]
[41760, 8636, 29.536914, 106.562634, 500.0]
[9767, 7471, 21.042818, 110.512446, 1017.0]
[61853, 60932, 31.216938, 107.466989, 212.0]
[41792, 45143, 29.503376, 106.473887, 500.0]
[34311, 10002, 26.820051, 100.094941, 726.0]
[34311, 10002, 26.820051, 100.094941, 726.0]
[41744, 26644, 29.607018, 106.482903, 500.0]
[41736, 40782, 29.539272, 106.507476, 263.0]
[41736, 40782, 29.539272, 106.507476, 263.0]
[33569, 53302, 30.294696, 107.754491, 447.0]
[41736, 11863, 29.455314, 106.449166, 415.0]
[41736, 11863, 29.455314, 106.449166, 415.0]
[41736, 11863, 29.455314, 106.449166, 415.0]
[41736, 11863, 29.455314, 106.449166, 415.0]
[41764, 14221, 29.530381, 106.568759, 500.0]
[41771, 32732, 29.380015, 106.014482, 106.0]
[41817, 52292, 30.63488, 108.23884, 120.0]
[41745, 32426, 29.593722, 106.494716, 170.0]
[22845, 14966, 24.92854, 118.639927, 194.0]
[41764, 8803, 29.530341, 106.568767, 500.0]
[41764, 8803, 29.530341, 106.568767, 500.0]
[41745, 46521, 29.605823, 106.526613, 180.0]
[41745, 46521, 29.605823, 106.526613, 180.0]
[33575, 54700, 31.269651, 109.828389, 1010.0]
[41816, 49984, 30.809992, 108.378444, 125.0]
[41744, 1722, 29.592307, 106.507146, 500.0]
[35075, 13505, 28.055743, 91.951452, 500.0]
[35075, 13505, 28.055743, 91.951452, 500.0]
[35075, 13505, 28.055743, 91.951452, 500.0]
[29793, 59153, 29.068864, 112.111189, 1000.0]
[41776, 51711, 29.453049, 106.285828, 329.0]
[41776, 51711, 29.453049, 106.285828, 329.0]
[41752, 38371, 29.468497, 106.562767, 293.0]
[41752, 38371, 29.468497, 106.562767, 293.0]
[41832, 38771, 29.696808, 107.375001, 50.0]
[41756, 53592, 28.943281, 106.886796, 222.0]
[33551, 32122, 29.155329, 107.099635, 152.0]
[33551, 32122, 29.155329, 107.099635, 152.0]
[41816, 47291, 30.798349, 108.375326, 344.0]
[41816, 47291, 30.798349, 108.375326, 344.0]
[33564, 28281, 29.580864, 106.510103, 390.0]
[41784, 21542, 29.579623, 106.56525, 250.0]
[33598, 55012, 28.442788, 109.000487, 234.0]
[41792, 41606, 29.574295, 106.457725, 500.0]
[41736, 5031, 29.543179, 106.525476, 618.0]
[41736, 5031, 29.543179, 106.525476, 618.0]
[41736, 5031, 29.543179, 106.525476, 618.0]
[41848, 59196, 29.527139, 108.782002, 500.0]
[55678, 11183, 25.32621, 118.722679, 489.0]
[41823, 50571, 31.16603, 108.404069, 299.0]
[41756, 1245, 28.953485, 106.930644, 137.0]
[43048, 10813, 31.289815, 121.617277, 164.0]
[43048, 10813, 31.289815, 121.617277, 164.0]
[41752, 9762, 29.467025, 106.615337, 1047.0]
[41752, 9762, 29.467025, 106.615337, 1047.0]
[41776, 3135, 29.597403, 106.232147, 500.0]
[41784, 1511, 29.600619, 106.569754, 334.0]
[41744, 1292, 29.608738, 106.568247, 500.0]
[41744, 1292, 29.608738, 106.568247, 500.0]
[33552, 28141, 29.595226, 106.302867, 521.0]
[63237, 17692, 25.686333, 102.869347, 1000.0]
[63237, 17692, 25.686333, 102.869347, 1000.0]
[47873, 23193, 34.285362, 109.040889, 500.0]
[41778, 33781, 29.557192, 106.317921, 772.0]
[35075, 13232, 29.143901, 92.530887, 500.0]
[35075, 13232, 29.143901, 92.530887, 500.0]
[41744, 39158, 29.640116, 106.580201, 1013.0]
[41736, 5601, 29.522164, 106.512375, 233.0]
[41736, 5601, 29.522164, 106.512375, 233.0]
[41833, 43243, 29.425843, 107.740224, 919.0]
[41833, 43243, 29.425843, 107.740224, 919.0]
[33560, 41195, 31.907242, 108.549748, 534.0]
[41760, 4974, 29.556977, 106.561912, 632.0]
[61828, 5961, 30.388359, 106.725547, 500.0]
[61828, 5961, 30.388359, 106.725547, 500.0]
[63362, 3873, 26.416931, 103.28603, 500.0]
[41792, 40422, 29.568275, 106.455021, 500.0]
[41816, 47451, 30.800803, 108.379696, 373.0]
[41816, 47451, 30.800803, 108.379696, 373.0]
[44051, 19836, 39.162796, 117.191415, 100.0]
[41744, 45256, 29.676404, 106.531867, 100.0]
[285, 19821, 31.255966, 107.547707, 493.0]
[41752, 3222, 29.471041, 106.623023, 143.0]
[41764, 38652, 29.534642, 106.574515, 500.0]
[41764, 38652, 29.534642, 106.574515, 500.0]
[41792, 7082, 29.564319, 106.463556, 121.0]
[41784, 2375, 29.572191, 106.533916, 500.0]
[41744, 26777, 29.592704, 106.510606, 500.0]
[61758, 693, 29.997421, 104.146398, 500.0]
[61758, 693, 29.997421, 104.146398, 500.0]
[41778, 33401, 29.621187, 106.339393, 500.0]
[33586, 26982, 29.844735, 106.118008, 1047.0]
[33573, 28427, 29.607241, 106.63244, 1006.0]
[33586, 9954, 29.923038, 105.830437, 672.0]
[33586, 9954, 29.923038, 105.830437, 672.0]
[41784, 2506, 29.584027, 106.561913, 662.0]
[33566, 23081, 28.958315, 106.675615, 917.0]
[53507, 2702, 32.057243, 118.799583, 209.0]
[53507, 2702, 32.057243, 118.799583, 209.0]
[1308, 22087, 38.922023, 117.77089, 300.0]
[41784, 2504, 29.579377, 106.561997, 500.0]
[41777, 24433, 29.278496, 106.257126, 214.0]
[28674, 8303, 38.468136, 111.08238, 702.0]
[41771, 26451, 29.349857, 105.896182, 500.0]
[33552, 14724, 29.628849, 106.325757, 817.0]
[33552, 14724, 29.628849, 106.325757, 817.0]
[41784, 1942, 29.58175, 106.544717, 163.0]
[41736, 16401, 29.476271, 106.480224, 500.0]
[41852, 61531, 28.446151, 108.989219, 93.0]
[41852, 61531, 28.446151, 108.989219, 93.0]
[22787, 32711, 25.920207, 119.655629, 491.0]
[41832, 45501, 29.767965, 107.257171, 332.0]
[41736, 9774, 29.546202, 106.53498, 500.0]
[41736, 9774, 29.546202, 106.53498, 500.0]
[41745, 1561, 29.601322, 106.511063, 253.0]
[41752, 41022, 29.528783, 106.608306, 135.0]
[41771, 51652, 29.357204, 105.918712, 350.0]
[64899, 59082, 37.068012, 79.8684, 1005.0]
[64899, 59082, 37.068012, 79.8684, 1005.0]
[64899, 59082, 37.068012, 79.8684, 1005.0]
[38512, 38647, 43.919407, 81.268487, 365.0]
[41744, 4631, 29.731369, 106.631828, 120.0]
[41744, 4631, 29.731369, 106.631828, 120.0]
[41817, 49179, 30.757343, 108.430835, 90.0]
[41817, 49179, 30.757343, 108.430835, 90.0]
[48390, 29192, 36.34786, 102.860617, 450.0]
[5975, 581, 22.205267, 100.88088, 1013.0]
[5975, 581, 22.205267, 100.88088, 1013.0]
[5975, 581, 22.205267, 100.88088, 1013.0]
[5975, 581, 22.205267, 100.88088, 1013.0]
[42287, 15012, 22.508263, 113.920149, 500.0]
[42287, 15012, 22.508263, 113.920149, 500.0]
[41745, 41712, 29.581849, 106.47078, 464.0]
[41736, 26492, 29.511589, 106.502485, 149.0]
[41784, 1974, 29.586908, 106.546743, 106.0]
[41784, 1971, 29.587411, 106.546378, 188.0]
[41822, 2473, 31.021058, 109.463126, 156.0]
[41744, 1526, 29.602164, 106.500825, 690.0]
[9515, 48415, 22.501805, 113.896261, 572.0]
[33586, 15596, 29.760765, 106.012261, 962.0]
[33594, 6108, 29.554679, 106.563633, 192.0]
[33594, 6108, 29.554679, 106.563633, 192.0]
[41853, 63783, 29.296896, 108.164493, 157.0]
[61769, 4823, 30.462186, 105.601507, 473.0]
[41764, 9313, 29.50944, 106.548885, 500.0]
[41764, 9313, 29.50944, 106.548885, 500.0]
[41784, 2153, 29.583792, 106.531383, 173.0]
[41771, 53357, 29.359322, 105.901279, 100.0]
[41771, 53357, 29.359322, 105.901279, 100.0]
[41771, 53357, 29.359322, 105.901279, 100.0]
[41752, 3033, 29.533394, 106.603244, 206.0]
[41764, 42514, 29.524682, 106.560622, 500.0]
[41764, 42514, 29.524682, 106.560622, 500.0]
[41776, 54831, 29.633069, 106.373052, 500.0]
[41776, 54831, 29.633069, 106.373052, 500.0]
[41760, 38273, 29.563294, 106.55594, 594.0]
[39239, 549, 40.50513, 79.05358, 587.0]
[39239, 549, 40.50513, 79.05358, 587.0]
[41736, 5095, 29.541683, 106.510595, 500.0]
[41848, 59671, 29.53398, 108.794085, 190.0]
[41848, 59671, 29.53398, 108.794085, 190.0]
[42530, 30104, 21.241422, 110.458251, 500.0]
[41771, 30851, 29.382198, 106.000684, 1000.0]
[41771, 30851, 29.382198, 106.000684, 1000.0]
[41784, 21542, 29.579623, 106.56525, 250.0]
[41784, 21542, 29.579623, 106.56525, 250.0]
[41784, 1923, 29.568898, 106.525043, 177.0]
[41784, 1923, 29.568898, 106.525043, 177.0]
[33575, 49571, 31.095809, 109.915428, 669.0]
[33575, 49571, 31.095809, 109.915428, 669.0]
[41760, 9745, 29.540764, 106.563084, 100.0]
[41760, 9745, 29.540764, 106.563084, 100.0]
[41853, 62501, 29.987579, 108.112355, 500.0]
[41824, 1942, 31.082135, 109.879806, 84.0]
[41824, 1942, 31.082135, 109.879806, 84.0]
[33592, 8819, 29.283134, 106.248496, 686.0]
[33592, 8819, 29.283134, 106.248496, 686.0]
[49436, 10511, 38.872528, 121.541069, 325.0]
[49436, 10511, 38.872528, 121.541069, 325.0]
[41744, 22725, 29.707529, 106.630076, 707.0]
[41744, 22725, 29.707529, 106.630076, 707.0]
[61706, 51284, 30.6528, 104.016235, 500.0]
[54533, 10391, 31.873799, 117.25009, 166.0]
[54533, 10391, 31.873799, 117.25009, 166.0]
[41745, 40703, 29.58395, 106.484887, 380.0]
[55074, 13341, 29.903069, 121.552604, 500.0]
[41832, 40845, 30.332887, 107.354647, 113.0]
[41777, 34132, 29.280047, 106.261943, 500.0]
[41771, 27384, 29.358385, 105.912123, 500.0]
[41760, 3984, 29.567088, 106.532668, 500.0]
[48065, 13872, 34.511432, 109.451724, 1042.0]
[48065, 13872, 34.511432, 109.451724, 1042.0]
[48065, 13872, 34.511432, 109.451724, 1042.0]
[48065, 13872, 34.511432, 109.451724, 1042.0]
[33571, 53271, 31.233133, 108.77747, 514.0]
[41736, 5453, 29.52915, 106.480638, 118.0]
[41764, 9162, 29.515681, 106.561102, 500.0]
[41768, 27954, 29.619921, 106.487027, 271.0]
[62866, 14211, 25.703744, 104.467479, 500.0]
[41736, 11764, 29.480819, 106.487878, 500.0]
[41777, 50903, 29.287252, 106.252762, 104.0]
[41777, 50903, 29.287252, 106.252762, 104.0]
[41832, 45845, 29.757239, 107.258498, 83.0]
[41780, 49852, 29.41265, 105.608893, 701.0]
[41780, 49852, 29.41265, 105.608893, 701.0]
[41780, 49852, 29.41265, 105.608893, 701.0]
[41792, 41592, 29.538745, 106.451068, 100.0]
[41848, 60632, 29.243161, 108.684875, 500.0]
[41780, 55201, 29.407971, 105.598395, 500.0]
[41736, 5263, 29.534845, 106.495747, 159.0]
[33552, 11435, 29.594472, 106.375525, 411.0]
[41822, 50262, 31.02469, 109.471337, 242.0]
[41744, 45282, 29.634444, 106.558663, 296.0]
[33570, 46222, 31.165123, 108.403222, 313.0]
[41832, 41082, 29.857105, 107.730038, 186.0]
[41848, 59401, 29.525398, 108.790913, 113.0]
[33041, 60712, 30.633006, 104.076182, 261.0]
[41778, 4703, 29.548176, 106.318593, 696.0]
[33573, 9518, 29.676009, 106.593422, 369.0]
[41736, 22123, 29.523524, 106.486975, 237.0]
[41792, 25351, 29.558612, 106.443567, 500.0]
[41760, 3952, 29.570987, 106.539693, 246.0]
[41736, 5066, 29.543962, 106.503096, 500.0]
[33592, 13951, 28.983324, 105.928171, 955.0]
[33592, 13951, 28.983324, 105.928171, 955.0]
[55050, 18482, 30.276013, 120.136158, 1000.0]
[55050, 18482, 30.276013, 120.136158, 1000.0]
[33568, 21148, 29.633246, 106.483863, 377.0]
[33568, 21148, 29.633246, 106.483863, 377.0]
[61827, 232, 30.460008, 106.630825, 183.0]
[42268, 31772, 23.466524, 113.166606, 176.0]
[42268, 31772, 23.466524, 113.166606, 176.0]
[57634, 16961, 30.855866, 110.948056, 901.0]
[57634, 16961, 30.855866, 110.948056, 901.0]
[57634, 16961, 30.855866, 110.948056, 901.0]
[49422, 30303, 41.822402, 123.39708, 500.0]
[41822, 50192, 31.020555, 109.467707, 179.0]
[41744, 21472, 29.599445, 106.587894, 229.0]
[33581, 6204, 29.647723, 106.790477, 870.0]
[33567, 13878, 29.554789, 106.455759, 200.0]
[33567, 13878, 29.554789, 106.455759, 200.0]
[61777, 2045, 31.343619, 104.196189, 215.0]
[61777, 2045, 31.343619, 104.196189, 215.0]
[33562, 19927, 29.579762, 106.543164, 136.0]
[41768, 4272, 29.80669, 106.410935, 437.0]
[41768, 4272, 29.80669, 106.410935, 437.0]
[41792, 8203, 29.501707, 106.449687, 500.0]
[41003, 13723, 39.92252, 116.658158, 500.0]
[64770, 5182, 43.870452, 87.582884, 222.0]
[41753, 40541, 29.395327, 106.538358, 500.0]
[41744, 39992, 29.625424, 106.558396, 218.0]
[41778, 48433, 29.559236, 106.30411, 432.0]
[41853, 61321, 29.995964, 108.112348, 500.0]
[41853, 61321, 29.995964, 108.112348, 500.0]
[41853, 61321, 29.995964, 108.112348, 500.0]
[41853, 61321, 29.995964, 108.112348, 500.0]
[41821, 4812, 30.939945, 108.717146, 63.0]
[41744, 27642, 29.775977, 106.66809, 500.0]
[41773, 28842, 29.827396, 106.06213, 609.0]
[41773, 28842, 29.827396, 106.06213, 609.0]
[41773, 28842, 29.827396, 106.06213, 609.0]
[41736, 5351, 29.533271, 106.519914, 211.0]
[42369, 21051, 23.027517, 113.109945, 500.0]
[41772, 58363, 29.68143, 105.93608, 500.0]
[41760, 43754, 29.554846, 106.523339, 552.0]
[41852, 63712, 28.447859, 108.986693, 126.0]
[41784, 1556, 29.598398, 106.561792, 100.0]
[33590, 13139, 29.526613, 106.562962, 180.0]
[53622, 11372, 32.192128, 119.464411, 265.0]
[61721, 12823, 30.759139, 103.968754, 500.0]
[41778, 3602, 29.587073, 106.305275, 500.0]
[41736, 5182, 29.537712, 106.509667, 100.0]
[41792, 31991, 29.562111, 106.467696, 100.0]
[41792, 31991, 29.562111, 106.467696, 100.0]
[41848, 59801, 29.536186, 108.785654, 100.0]
[41792, 19831, 29.561724, 106.469554, 100.0]
[41778, 6801, 29.61941, 106.312648, 808.0]
[41778, 6801, 29.61941, 106.312648, 808.0]
[47874, 17671, 34.237599, 108.906616, 500.0]
[41776, 7065, 29.558431, 106.459642, 500.0]
[61853, 62422, 31.211359, 107.498616, 100.0]
[41764, 24152, 29.511722, 106.544637, 150.0]
[41792, 28084, 29.53439, 106.468097, 100.0]
[61710, 5153, 30.661392, 104.038627, 500.0]
[62724, 30551, 26.632177, 106.360938, 865.0]
[62724, 30551, 26.632177, 106.360938, 865.0]
[62724, 30551, 26.632177, 106.360938, 865.0]
[33593, 2930, 29.478054, 106.659266, 476.0]
[41760, 4932, 29.539952, 106.580378, 500.0]
[41760, 4932, 29.539952, 106.580378, 500.0]
[1059, 35562, 39.657511, 116.107037, 951.0]
[1059, 35562, 39.657511, 116.107037, 951.0]
[54026, 52493, 36.797766, 117.073423, 634.0]
[54026, 52493, 36.797766, 117.073423, 634.0]
[29955, 12211, 20.007918, 110.294211, 256.0]
[58628, 6600, 20.0113, 110.303084, 97.0]
[43041, 10303, 31.226087, 121.494358, 500.0]
[43041, 10303, 31.226087, 121.494358, 500.0]
[43041, 10303, 31.226087, 121.494358, 500.0]
[9702, 22552, 35.865407, 102.355103, 1000.0]
[9702, 22552, 35.865407, 102.355103, 1000.0]
[41784, 1942, 29.58175, 106.544717, 163.0]
[41784, 1942, 29.58175, 106.544717, 163.0]
[41784, 1942, 29.58175, 106.544717, 163.0]
[41768, 23212, 29.813501, 106.421721, 500.0]
[41736, 6331, 29.476136, 106.479692, 100.0]
[41736, 6331, 29.476136, 106.479692, 100.0]
None
[41792, 17406, 29.541758, 106.454617, 227.0]
[41792, 17406, 29.541758, 106.454617, 227.0]
[41764, 8993, 29.521765, 106.557278, 155.0]
[41764, 8993, 29.521765, 106.557278, 155.0]
[41764, 8910, 29.526473, 106.564173, 500.0]
[41764, 22533, 29.535804, 106.575628, 202.0]
[41764, 22533, 29.535804, 106.575628, 202.0]
[41792, 7802, 29.528275, 106.478379, 176.0]
[41792, 7802, 29.528275, 106.478379, 176.0]
[41744, 1525, 29.602042, 106.507906, 716.0]
[41744, 1525, 29.602042, 106.507906, 716.0]
[41736, 5683, 29.513861, 106.518437, 255.0]
[41736, 5683, 29.513861, 106.518437, 255.0]
[43011, 10401, 31.231073, 121.484004, 255.0]
[43011, 10401, 31.231073, 121.484004, 255.0]
[43011, 10401, 31.231073, 121.484004, 255.0]
[43011, 10401, 31.231073, 121.484004, 255.0]
[43011, 10401, 31.231073, 121.484004, 255.0]
[41764, 47921, 29.533339, 106.560379, 500.0]
[41764, 47921, 29.533339, 106.560379, 500.0]
[41764, 47921, 29.533339, 106.560379, 500.0]
[33590, 17221, 29.527245, 106.579226, 798.0]
[33599, 56792, 30.409123, 108.224171, 534.0]
[33599, 56792, 30.409123, 108.224171, 534.0]
[33590, 22787, 29.537203, 106.57328, 211.0]
[41736, 11612, 29.541676, 106.524768, 101.0]
[41744, 722, 29.62317, 106.557482, 69.0]
[8591, 60041, 25.042663, 104.987526, 988.0]
[41792, 42611, 29.534389, 106.456725, 100.0]
[61848, 2122, 31.859722, 106.782393, 447.0]
[61848, 2122, 31.859722, 106.782393, 447.0]
[41784, 1942, 29.58175, 106.544717, 163.0]
[41784, 1942, 29.58175, 106.544717, 163.0]
[33571, 40217, 30.97901, 108.666154, 648.0]
[53572, 18402, 31.59384, 120.298479, 500.0]
[53572, 18402, 31.59384, 120.298479, 500.0]
[41823, 982, 31.039536, 108.137109, 546.0]
[41764, 9043, 29.521736, 106.541882, 501.0]
[41768, 3762, 29.668581, 106.496523, 500.0]
[41760, 4752, 29.552423, 106.578007, 250.0]
[41792, 7052, 29.565642, 106.462437, 162.0]
[41792, 7052, 29.565642, 106.462437, 162.0]
[41792, 7052, 29.565642, 106.462437, 162.0]
[33595, 342, 29.520741, 106.514222, 357.0]
[41771, 26451, 29.349857, 105.896182, 500.0]
[41744, 863, 29.64767, 106.588286, 359.0]
[41744, 863, 29.64767, 106.588286, 359.0]
[41744, 863, 29.64767, 106.588286, 359.0]
[41792, 21802, 29.525339, 106.450084, 500.0]
[41792, 21802, 29.525339, 106.450084, 500.0]
[53573, 8043, 31.555191, 120.336195, 500.0]
[54163, 50563, 35.236239, 119.089002, 337.0]
[41776, 30523, 29.58148, 106.388713, 500.0]
[41784, 2522, 29.577384, 106.53244, 150.0]
[41784, 2522, 29.577384, 106.53244, 150.0]
[41769, 49071, 29.965548, 106.284469, 500.0]
[33580, 21382, 29.898532, 106.470564, 998.0]
[33580, 21382, 29.898532, 106.470564, 998.0]
[41744, 11193, 29.603966, 106.505411, 500.0]
[62730, 16756, 26.570552, 106.715591, 83.0]
[41852, 63371, 28.447795, 109.023781, 334.0]
[41792, 40132, 29.527235, 106.463348, 420.0]
[33596, 11267, 29.449876, 106.438607, 324.0]
[33596, 11267, 29.449876, 106.438607, 324.0]
[41792, 39356, 29.505557, 106.484479, 500.0]
[41764, 40601, 29.51557, 106.573088, 316.0]
[47877, 14763, 34.166572, 109.142626, 1044.0]
[43017, 12111, 31.190637, 121.327893, 130.0]
[41736, 8152, 29.509238, 106.510875, 270.0]
[1043, 17787, 40.393292, 116.701282, 737.0]
[1043, 17787, 40.393292, 116.701282, 737.0]
[1043, 17787, 40.393292, 116.701282, 737.0]
[1043, 17787, 40.393292, 116.701282, 737.0]
[41778, 25663, 29.592234, 106.327445, 500.0]
[41778, 25663, 29.592234, 106.327445, 500.0]
[39175, 51384, 44.109083, 87.711453, 1000.0]
[33193, 31251, 32.141195, 106.620055, 500.0]
[33193, 31251, 32.141195, 106.620055, 500.0]
[61849, 3443, 32.180678, 106.575836, 500.0]
[41756, 58723, 28.598246, 106.673988, 103.0]
[41736, 5227, 29.549343, 106.519428, 131.0]
[41736, 5227, 29.549343, 106.519428, 131.0]
[41769, 50071, 29.990354, 106.258176, 208.0]
[41769, 50071, 29.990354, 106.258176, 208.0]
[33558, 41867, 30.817152, 108.375068, 204.0]
[41756, 29082, 28.953346, 106.932127, 500.0]
[33556, 37210, 30.320867, 107.329191, 1000.0]
[33556, 37210, 30.320867, 107.329191, 1000.0]
[41784, 31632, 29.588003, 106.530874, 500.0]
[41784, 31632, 29.588003, 106.530874, 500.0]
[29424, 19441, 28.674612, 116.039719, 710.0]
[33561, 41700, 30.813, 108.266487, 475.0]
[41736, 49641, 29.505552, 106.508616, 500.0]
[41764, 19815, 29.526295, 106.567327, 500.0]
[42301, 27723, 22.639182, 114.017751, 500.0]
[42301, 27723, 22.639182, 114.017751, 500.0]
[42301, 27723, 22.639182, 114.017751, 500.0]
[42301, 27723, 22.639182, 114.017751, 500.0]
[42301, 27723, 22.639182, 114.017751, 500.0]
[42301, 27723, 22.639182, 114.017751, 500.0]
[41773, 3542, 29.839948, 106.062001, 116.0]
[41773, 3542, 29.839948, 106.062001, 116.0]
[41764, 9312, 29.50183, 106.556698, 500.0]
[41764, 9312, 29.50183, 106.556698, 500.0]
[63427, 8611, 24.406901, 103.410159, 782.0]
[33577, 5220, 29.367224, 105.465814, 604.0]
[33577, 5220, 29.367224, 105.465814, 604.0]
[33577, 5220, 29.367224, 105.465814, 604.0]
[57671, 11311, 31.465057, 110.397627, 500.0]
[57671, 11311, 31.465057, 110.397627, 500.0]
[41773, 53712, 29.836077, 106.050307, 287.0]
[41736, 5196, 29.538049, 106.478691, 100.0]
[41736, 5196, 29.538049, 106.478691, 100.0]
[41764, 46911, 29.522818, 106.567509, 205.0]
[33577, 22444, 29.663648, 105.764317, 863.0]
[41768, 29931, 29.808667, 106.979407, 100.0]
[41768, 29931, 29.808667, 106.979407, 100.0]
[41792, 8202, 29.500831, 106.448605, 500.0]
[41792, 8202, 29.500831, 106.448605, 500.0]
[56338, 17266, 38.216578, 106.549575, 500.0]
[56338, 17266, 38.216578, 106.549575, 500.0]
[14253, 8262, 34.752304, 112.98132, 303.0]
[41736, 23262, 29.538949, 106.492279, 500.0]
[41736, 23262, 29.538949, 106.492279, 500.0]
[59657, 55712, 28.399638, 116.043352, 100.0]
[44088, 32572, 39.192386, 116.896936, 373.0]
[44088, 32572, 39.192386, 116.896936, 373.0]
[41776, 31466, 29.537626, 106.23376, 500.0]
[41776, 31466, 29.537626, 106.23376, 500.0]
[63236, 40041, 24.98389, 102.719888, 266.0]
[41784, 26574, 29.599604, 106.532252, 100.0]
[42260, 42751, 23.368245, 113.186299, 500.0]
[33570, 48420, 31.19742, 108.424594, 478.0]
[41764, 38182, 29.551076, 106.596841, 100.0]
[41817, 49179, 30.757343, 108.430835, 90.0]
[41744, 1523, 29.600865, 106.504194, 500.0]
[41823, 50801, 31.163268, 108.389292, 100.0]
[57736, 8562, 29.49609, 109.407113, 500.0]
[41760, 4251, 29.558505, 106.564486, 165.0]
[41792, 11913, 29.521642, 106.445301, 500.0]
[17472, 10253, 30.498561, 114.788362, 1018.0]
[17472, 10253, 30.498561, 114.788362, 1018.0]
[17472, 10253, 30.498561, 114.788362, 1018.0]
[17472, 10253, 30.498561, 114.788362, 1018.0]
[17472, 10253, 30.498561, 114.788362, 1018.0]
[41792, 7341, 29.557811, 106.467855, 143.0]
[41744, 41311, 29.641815, 106.551642, 500.0]
[41821, 1612, 31.373427, 108.713721, 283.0]
[41821, 1612, 31.373427, 108.713721, 283.0]
[41821, 1612, 31.373427, 108.713721, 283.0]
[41744, 621, 29.680563, 106.593949, 175.0]
[41744, 621, 29.680563, 106.593949, 175.0]
[8510, 17128, 27.241881, 107.23714, 1000.0]
[8510, 17128, 27.241881, 107.23714, 1000.0]
[41832, 39503, 29.696806, 107.400416, 280.0]
[46340, 1282, 37.795762, 112.525517, 100.0]
[46340, 1282, 37.795762, 112.525517, 100.0]
[33574, 45240, 30.608223, 108.639166, 358.0]
[41817, 49051, 30.698263, 108.409383, 186.0]
[41760, 31502, 29.568961, 106.535065, 319.0]
[41760, 31502, 29.568961, 106.535065, 319.0]
[41823, 52573, 31.173098, 108.41063, 236.0]
[41744, 21472, 29.599445, 106.587894, 229.0]
[64772, 8104, 43.775411, 87.633771, 657.0]
[64772, 8104, 43.775411, 87.633771, 657.0]
[64772, 8104, 43.775411, 87.633771, 657.0]
[64772, 8104, 43.775411, 87.633771, 657.0]
[33597, 10489, 29.523683, 106.477929, 180.0]
[33597, 10489, 29.523683, 106.477929, 180.0]
[33566, 17341, 29.026257, 106.637726, 539.0]
[33566, 17341, 29.026257, 106.637726, 539.0]
[3184, 2571, 31.45646, 121.403818, 1000.0]
[3184, 2571, 31.45646, 121.403818, 1000.0]
[41768, 571, 29.613285, 106.635643, 500.0]
[41768, 24123, 29.606873, 106.633937, 500.0]
[41784, 39226, 29.579771, 106.549034, 500.0]
[41832, 59533, 30.321004, 107.33492, 101.0]
[63363, 7075, 25.022944, 103.655169, 110.0]
[63363, 7075, 25.022944, 103.655169, 110.0]
[41821, 4452, 30.933777, 108.697594, 97.0]
[41821, 4452, 30.933777, 108.697594, 97.0]
[41753, 40586, 29.386722, 106.540953, 500.0]
[41833, 43311, 29.320635, 107.747642, 66.0]
[41768, 56491, 29.63958, 106.742929, 500.0]
[41768, 56491, 29.63958, 106.742929, 500.0]
[41770, 58983, 29.990883, 105.7722, 500.0]
[41770, 58983, 29.990883, 105.7722, 500.0]
[41770, 58983, 29.990883, 105.7722, 500.0]
[33563, 7522, 29.439614, 106.214951, 1017.0]
[41784, 43921, 29.607773, 106.54682, 500.0]
[33596, 16888, 29.477811, 106.51861, 1000.0]
[41784, 24082, 29.599901, 106.533674, 240.0]
[41784, 24082, 29.599901, 106.533674, 240.0]
[41784, 24082, 29.599901, 106.533674, 240.0]
[41784, 24082, 29.599901, 106.533674, 240.0]
[41764, 40612, 29.512691, 106.562153, 168.0]
[18319, 20786, 28.599084, 121.416289, 419.0]
[18319, 20786, 28.599084, 121.416289, 419.0]
[41768, 52602, 29.698635, 106.54069, 500.0]
[41752, 21862, 29.529317, 106.609101, 76.0]
[41744, 11313, 29.720432, 106.634089, 500.0]
[41744, 11313, 29.720432, 106.634089, 500.0]
[41744, 11313, 29.720432, 106.634089, 500.0]
[41832, 38462, 29.707522, 107.362732, 251.0]
[41832, 38472, 29.70311, 107.376271, 231.0]
[41768, 29721, 29.786538, 106.558574, 500.0]
[41744, 562, 29.683737, 106.600466, 117.0]
[41744, 562, 29.683737, 106.600466, 117.0]
[56337, 18396, 38.491304, 106.178106, 484.0]
[41764, 43222, 29.503723, 106.560537, 500.0]
[41764, 43222, 29.503723, 106.560537, 500.0]
[41744, 1352, 29.598911, 106.521135, 54.0]
[41744, 1352, 29.598911, 106.521135, 54.0]
[57634, 40544, 30.839867, 111.062332, 144.0]
[33557, 33631, 29.76608, 107.348474, 682.0]
[33557, 33631, 29.76608, 107.348474, 682.0]
[41778, 49033, 29.574811, 106.309686, 500.0]
[41760, 35703, 29.565824, 106.547769, 100.0]
[63234, 21181, 25.047282, 102.724689, 360.0]
[41832, 59472, 30.326438, 107.339648, 139.0]
[41832, 59472, 30.326438, 107.339648, 139.0]
[41736, 5621, 29.520435, 106.506586, 498.0]
[41833, 42713, 29.244963, 107.279829, 951.0]
[41833, 42713, 29.244963, 107.279829, 951.0]
[41833, 42713, 29.244963, 107.279829, 951.0]
[41776, 29902, 29.430342, 106.212786, 500.0]
[41736, 5266, 29.535157, 106.496835, 500.0]
[41736, 5266, 29.535157, 106.496835, 500.0]
[41848, 59773, 39.880858, 116.270782, 500.0]
[41848, 59773, 39.880858, 116.270782, 500.0]
[61786, 1873, 31.496197, 104.775735, 500.0]
[41784, 22911, 29.580175, 106.532821, 138.0]
[41744, 43595, 29.77623, 106.672083, 500.0]
[38560, 33, 47.812306, 88.126358, 1033.0]
[38560, 33, 47.812306, 88.126358, 1033.0]
[38560, 33, 47.812306, 88.126358, 1033.0]
[38560, 33, 47.812306, 88.126358, 1033.0]
[41792, 42602, 29.541988, 106.455225, 500.0]
[41792, 42602, 29.541988, 106.455225, 500.0]
[41792, 42602, 29.541988, 106.455225, 500.0]
[33565, 17082, 29.511301, 106.377645, 573.0]
[33565, 17082, 29.511301, 106.377645, 573.0]
[41744, 46163, 29.599077, 106.496253, 500.0]
[41744, 46163, 29.599077, 106.496253, 500.0]
[41760, 43082, 29.550796, 106.563694, 500.0]
[41760, 43082, 29.550796, 106.563694, 500.0]
[41736, 5195, 29.536286, 106.480775, 500.0]
[41736, 5195, 29.536286, 106.480775, 500.0]
[41784, 26575, 29.59025, 106.533149, 500.0]
[41745, 46131, 29.585051, 106.510325, 564.0]
[41832, 45821, 29.707031, 107.37546, 212.0]
[41832, 45821, 29.707031, 107.37546, 212.0]
[41736, 5206, 29.537871, 106.481186, 500.0]
[41848, 59674, 29.531462, 108.791104, 500.0]
[41848, 59674, 29.531462, 108.791104, 500.0]
[41745, 19311, 29.6029, 106.523395, 81.0]
[41745, 19311, 29.6029, 106.523395, 81.0]
[41760, 31432, 29.565774, 106.551706, 500.0]
[41784, 2382, 29.587764, 106.56327, 183.0]
[41784, 2382, 29.587764, 106.56327, 183.0]
[41784, 2382, 29.587764, 106.56327, 183.0]
[54673, 11102, 32.926589, 117.422609, 184.0]
[54673, 11102, 32.926589, 117.422609, 184.0]
[54673, 11102, 32.926589, 117.422609, 184.0]
[33580, 29419, 29.830866, 106.419732, 252.0]
[17988, 43749, 28.786227, 120.098845, 668.0]
[17988, 43749, 28.786227, 120.098845, 668.0]
[20861, 58583, 23.266129, 113.321379, 244.0]
[20861, 58583, 23.266129, 113.321379, 244.0]
[20861, 58583, 23.266129, 113.321379, 244.0]
[20861, 58583, 23.266129, 113.321379, 244.0]
[41764, 41213, 29.512232, 106.544668, 500.0]
[41764, 41213, 29.512232, 106.544668, 500.0]
[41744, 374, 29.70121, 106.624809, 740.0]
[33558, 40320, 30.830024, 108.401603, 249.0]
[33558, 40320, 30.830024, 108.401603, 249.0]
[41792, 8443, 29.476966, 106.440004, 225.0]
[62802, 28833, 26.972779, 109.193739, 500.0]
[18709, 22733, 27.100271, 120.254634, 297.0]
[18709, 22733, 27.100271, 120.254634, 297.0]
[41736, 5303, 29.534767, 106.492939, 266.0]
[41736, 5303, 29.534767, 106.492939, 266.0]
[41776, 35392, 29.397426, 106.342974, 834.0]
[9639, 23107, 22.987822, 114.483697, 464.0]
[41771, 50143, 29.36149, 105.925854, 500.0]
[41771, 50143, 29.36149, 105.925854, 500.0]
[41768, 58052, 29.64109, 106.703953, 260.0]
[41768, 58052, 29.64109, 106.703953, 260.0]
[41768, 58052, 29.64109, 106.703953, 260.0]
[41744, 30212, 29.666767, 106.597657, 828.0]
[41744, 30212, 29.666767, 106.597657, 828.0]
[41760, 31032, 29.556953, 106.57986, 522.0]
[41760, 31032, 29.556953, 106.57986, 522.0]
[33595, 29958, 29.531887, 106.485196, 62.0]
[33595, 29958, 29.531887, 106.485196, 62.0]
[33562, 7389, 29.593756, 106.545678, 574.0]
[33562, 7389, 29.593756, 106.545678, 574.0]
[41848, 59812, 29.532092, 108.778884, 259.0]
[61901, 2661, 30.353329, 105.459383, 252.0]
[41792, 25343, 29.57208, 106.445312, 500.0]
[41792, 25343, 29.57208, 106.445312, 500.0]
[57734, 3071, 30.463686, 108.708519, 135.0]
[43013, 10061, 31.29006, 121.356843, 500.0]
[43013, 10061, 31.29006, 121.356843, 500.0]
[41744, 30201, 29.679955, 106.59581, 150.0]
[33573, 10464, 29.724855, 106.641981, 268.0]
[33214, 36711, 28.886267, 106.061263, 588.0]
[41768, 35971, 30.000916, 106.655825, 211.0]
[41780, 36853, 29.403298, 105.594236, 200.0]
[33582, 18932, 30.100723, 106.407504, 979.0]
[41769, 53523, 29.978833, 106.27211, 100.0]
[41769, 53523, 29.978833, 106.27211, 100.0]
[41760, 4361, 29.558627, 106.548713, 144.0]
[41745, 39876, 29.593263, 106.493209, 95.0]
[41745, 39876, 29.593263, 106.493209, 95.0]
[41784, 38143, 29.586549, 106.540264, 273.0]
[41764, 41112, 29.484337, 106.569779, 500.0]
[53685, 53651, 31.404366, 121.439811, 500.0]
[41760, 26382, 29.561794, 106.538482, 356.0]
[61706, 7872, 30.64306, 104.039621, 263.0]
[41773, 28803, 29.834736, 106.069577, 289.0]
[41823, 50465, 31.171203, 108.413353, 673.0]
[41736, 6073, 29.494186, 106.527071, 500.0]
[41744, 1482, 29.600573, 106.493515, 500.0]
[41770, 5573, 30.185573, 105.83333, 100.0]
[41768, 27682, 29.785876, 107.058446, 500.0]
[41736, 5452, 29.529057, 106.481779, 243.0]
[41792, 7832, 29.526782, 106.442787, 189.0]
[41792, 7832, 29.526782, 106.442787, 189.0]
[41792, 7832, 29.526782, 106.442787, 189.0]
[41792, 7832, 29.526782, 106.442787, 189.0]
[61722, 37652, 30.562122, 103.936865, 403.0]
[61722, 37652, 30.562122, 103.936865, 403.0]
[33579, 3117, 29.845301, 107.080911, 279.0]
[41784, 21554, 29.598228, 106.553634, 100.0]
[41784, 21554, 29.598228, 106.553634, 100.0]
[41784, 20351, 29.579435, 106.564336, 500.0]
[41769, 22142, 29.99991, 106.237927, 500.0]
[41769, 22142, 29.99991, 106.237927, 500.0]
None
[41822, 50091, 31.022033, 109.476983, 114.0]
[41744, 38905, 29.623176, 106.562967, 500.0]
[41816, 47561, 30.824667, 108.371952, 113.0]
[33591, 1011, 29.377067, 106.538783, 212.0]
[33591, 1011, 29.377067, 106.538783, 212.0]
[8591, 19714, 25.069379, 104.866486, 983.0]
[8591, 19714, 25.069379, 104.866486, 983.0]
[8591, 19714, 25.069379, 104.866486, 983.0]
[8591, 19714, 25.069379, 104.866486, 983.0]
[33575, 45406, 31.077392, 109.876552, 368.0]
[33575, 45406, 31.077392, 109.876552, 368.0]
[41736, 29062, 29.510929, 106.516405, 500.0]
[61710, 5193, 30.693094, 103.965438, 323.0]
[61710, 5193, 30.693094, 103.965438, 323.0]
[41745, 11171, 29.586133, 106.519833, 77.0]
[33590, 10648, 29.52513, 106.564104, 190.0]
[33590, 10648, 29.52513, 106.564104, 190.0]
[41792, 22171, 29.540663, 106.459207, 160.0]
[57737, 385, 30.278379, 109.484221, 120.0]
[57737, 385, 30.278379, 109.484221, 120.0]
[57737, 385, 30.278379, 109.484221, 120.0]
[41752, 3612, 29.399265, 106.539691, 258.0]
[41744, 22003, 29.588285, 106.494009, 500.0]
[41744, 22003, 29.588285, 106.494009, 500.0]
[41744, 22003, 29.588285, 106.494009, 500.0]
[41744, 26311, 29.62263, 106.508379, 500.0]
[41745, 39052, 29.59281, 106.510659, 325.0]
[41760, 4882, 29.545828, 106.534828, 121.0]
[33573, 13628, 29.634337, 106.558351, 553.0]
[41756, 29272, 28.991084, 106.6647, 201.0]
[33569, 44896, 30.277687, 107.666342, 935.0]
[41772, 28023, 29.636328, 105.749755, 178.0]
[41772, 28023, 29.636328, 105.749755, 178.0]
[41772, 28023, 29.636328, 105.749755, 178.0]
[41760, 38792, 29.57456, 106.56768, 171.0]
[41769, 22952, 29.998157, 106.247493, 500.0]
[41769, 22952, 29.998157, 106.247493, 500.0]
[41744, 40001, 29.625438, 106.565084, 346.0]
[41778, 3034, 29.612283, 106.293641, 500.0]
[33598, 56402, 28.345784, 108.827484, 1000.0]
[33598, 56402, 28.345784, 108.827484, 1000.0]
[41853, 61325, 29.99438, 108.109664, 744.0]
[41764, 21873, 29.515155, 106.558161, 500.0]
[33570, 50921, 31.110516, 108.157084, 1000.0]
[33570, 50921, 31.110516, 108.157084, 1000.0]
[33570, 50921, 31.110516, 108.157084, 1000.0]
[41756, 4502, 29.033878, 106.651775, 734.0]
[61728, 16422, 30.559612, 104.096126, 425.0]
[33570, 44421, 31.16336, 108.374475, 645.0]
[33570, 44421, 31.16336, 108.374475, 645.0]
[33570, 44421, 31.16336, 108.374475, 645.0]
[61726, 22651, 30.581306, 104.213037, 141.0]
[61726, 22651, 30.581306, 104.213037, 141.0]
[41853, 63831, 29.298099, 108.178247, 500.0]
[41776, 773, 29.537963, 106.225443, 500.0]
[41776, 57582, 29.269491, 106.357572, 1248.0]
[41764, 9316, 29.504466, 106.558968, 500.0]
[41784, 38115, 29.583415, 106.526338, 140.0]
[41784, 38115, 29.583415, 106.526338, 140.0]
[33566, 8934, 29.042555, 106.650437, 375.0]
[33566, 8934, 29.042555, 106.650437, 375.0]
[41833, 42146, 29.161985, 107.093663, 85.0]
[41848, 59621, 29.529988, 108.761569, 500.0]
[41792, 22162, 29.527603, 106.44457, 500.0]
[41792, 22162, 29.527603, 106.44457, 500.0]
[41792, 22162, 29.527603, 106.44457, 500.0]
[33586, 9856, 29.799059, 106.161205, 837.0]
[33586, 9856, 29.799059, 106.161205, 837.0]
None
None
None
[3184, 35981, 31.417858, 121.355699, 646.0]
[3184, 35981, 31.417858, 121.355699, 646.0]
[3184, 35981, 31.417858, 121.355699, 646.0]
[41792, 7521, 29.545938, 106.468715, 140.0]
[41792, 7521, 29.545938, 106.468715, 140.0]
[7124, 61262, 30.374686, 114.321886, 271.0]
[7124, 61262, 30.374686, 114.321886, 271.0]
[58627, 21120, 19.993976, 110.359018, 139.0]
[41756, 54041, 29.033572, 106.663134, 500.0]
[54093, 15662, 37.440935, 121.528664, 465.0]
[41768, 1772, 29.651418, 106.454943, 500.0]
[33573, 15307, 29.730016, 106.631231, 191.0]
[33573, 15307, 29.730016, 106.631231, 191.0]
[41768, 51812, 29.815062, 106.407135, 500.0]
[41768, 51812, 29.815062, 106.407135, 500.0]
[41764, 39741, 29.541255, 106.586624, 209.0]
[41764, 39741, 29.541255, 106.586624, 209.0]
[41764, 39741, 29.541255, 106.586624, 209.0]
[41753, 47372, 29.382508, 106.511445, 500.0]
[41848, 60336, 29.534348, 108.781675, 500.0]
[41736, 5597, 29.519329, 106.518657, 123.0]
[40998, 18231, 39.657966, 116.065348, 116.0]
[41752, 21623, 29.518916, 106.662054, 688.0]
[41792, 7641, 29.542153, 106.465967, 500.0]
[41776, 24751, 29.398191, 106.362733, 500.0]
[41776, 24751, 29.398191, 106.362733, 500.0]
[41756, 58723, 28.598246, 106.673988, 103.0]
[41792, 7013, 29.56857, 106.445213, 223.0]
[33595, 24147, 29.515887, 106.507018, 193.0]
[41768, 26583, 29.622166, 106.474443, 500.0]
[41736, 38552, 29.448167, 106.488469, 500.0]
[41744, 3961, 29.680119, 106.579174, 134.0]
[41744, 3961, 29.680119, 106.579174, 134.0]
[41736, 22041, 29.470418, 106.476754, 244.0]
[41764, 9911, 29.517235, 106.553203, 148.0]
[41773, 28762, 29.828392, 106.075194, 500.0]
[41773, 28762, 29.828392, 106.075194, 500.0]
[41773, 28762, 29.828392, 106.075194, 500.0]
[41773, 28762, 29.828392, 106.075194, 500.0]
[41817, 46391, 30.758348, 108.448415, 230.0]
[20851, 46213, 22.988829, 113.347467, 371.0]
[41760, 31462, 29.570491, 106.546361, 500.0]
[41816, 46689, 30.810443, 108.377375, 640.0]
[41764, 21422, 29.506185, 106.568636, 215.0]
[41744, 38523, 29.740339, 106.643212, 133.0]
[41753, 21672, 29.452974, 106.581951, 305.0]
[33566, 29336, 29.166976, 106.77827, 585.0]
[41744, 41702, 29.591124, 106.500299, 500.0]
[41744, 41702, 29.591124, 106.500299, 500.0]
[41792, 7252, 29.557647, 106.469363, 123.0]
[41744, 30232, 29.659398, 106.598771, 445.0]
[41736, 23071, 29.533648, 106.494233, 111.0]
[41832, 38623, 29.708781, 107.376149, 183.0]
[41832, 38623, 29.708781, 107.376149, 183.0]
[41852, 62432, 28.83394, 108.773842, 148.0]
[41756, 34911, 28.874773, 106.708412, 500.0]
None
[41820, 51781, 30.289137, 108.029588, 80.0]
[41820, 51781, 30.289137, 108.029588, 80.0]
[57618, 16582, 30.50539, 114.480112, 185.0]
[57618, 16582, 30.50539, 114.480112, 185.0]
[41760, 43031, 29.559578, 106.571444, 113.0]
[46864, 26781, 34.773667, 113.68961, 500.0]
[41736, 5829, 29.501539, 106.523762, 500.0]
[41736, 5829, 29.501539, 106.523762, 500.0]
[41745, 2591, 29.582377, 106.475711, 113.0]
[41745, 2591, 29.582377, 106.475711, 113.0]
[41817, 49816, 30.712392, 108.452811, 62.0]
[41817, 49816, 30.712392, 108.452811, 62.0]
[41817, 49816, 30.712392, 108.452811, 62.0]
[41776, 34671, 29.375183, 106.108751, 644.0]
[41776, 34671, 29.375183, 106.108751, 644.0]
[41760, 4476, 29.557014, 106.543977, 502.0]
[41760, 4476, 29.557014, 106.543977, 502.0]
[41768, 573, 29.611075, 106.632776, 144.0]
[43019, 11331, 31.134101, 121.30168, 52.0]
[21088, 11802, 32.645595, 110.782473, 278.0]
[41760, 21531, 29.560104, 106.555955, 500.0]
[39183, 52471, 43.906117, 87.588596, 204.0]
[41816, 48472, 30.810918, 108.370927, 500.0]
[41792, 41583, 29.555425, 106.467505, 100.0]
[45348, 37501, 39.051296, 115.859278, 69.0]
[41017, 24111, 39.908696, 116.347021, 616.0]
[41017, 24111, 39.908696, 116.347021, 616.0]
[41744, 11281, 29.683574, 106.608475, 119.0]
[41744, 11281, 29.683574, 106.608475, 119.0]
[41744, 30201, 29.679955, 106.59581, 150.0]
[41768, 24226, 29.623094, 106.632655, 500.0]
[41768, 24226, 29.623094, 106.632655, 500.0]
[41736, 5227, 29.549343, 106.519428, 131.0]
[41736, 5227, 29.549343, 106.519428, 131.0]
[64956, 40901, 42.284524, 86.939363, 556.0]
[41784, 2093, 29.583975, 106.527236, 500.0]
[41784, 2093, 29.583975, 106.527236, 500.0]
[41784, 2093, 29.583975, 106.527236, 500.0]
[41784, 2093, 29.583975, 106.527236, 500.0]
[41784, 2093, 29.583975, 106.527236, 500.0]
[41760, 4653, 29.552767, 106.540772, 500.0]
[41816, 49982, 30.807132, 108.377588, 500.0]
[41764, 47923, 29.533759, 106.558406, 500.0]
[41764, 47923, 29.533759, 106.558406, 500.0]
[33562, 7371, 29.583105, 106.531679, 148.0]
[33562, 7371, 29.583105, 106.531679, 148.0]
[53517, 2812, 32.110792, 118.694388, 687.0]
[41752, 3033, 29.533394, 106.603244, 206.0]
[62754, 45043, 28.316393, 106.214208, 86.0]
[41736, 41261, 29.491011, 106.489012, 100.0]
[41756, 29151, 28.960053, 106.927091, 196.0]
[41756, 29151, 28.960053, 106.927091, 196.0]
[41025, 17311, 40.077851, 116.590814, 304.0]
[41792, 39602, 29.560226, 106.466372, 270.0]
[41792, 39602, 29.560226, 106.466372, 270.0]
[41852, 61917, 28.447812, 109.006072, 655.0]
[41764, 9342, 29.499267, 106.57394, 212.0]
[41792, 6963, 29.572831, 106.459819, 281.0]
[41792, 6963, 29.572831, 106.459819, 281.0]
[41792, 6963, 29.572831, 106.459819, 281.0]
[41832, 38662, 29.704871, 107.397973, 176.0]
[54224, 21312, 34.861092, 117.241917, 791.0]
[33576, 41062, 30.666581, 107.794515, 454.0]
[33576, 41062, 30.666581, 107.794515, 454.0]
[55552, 41962, 26.074849, 119.319988, 70.0]
[41768, 37241, 29.826044, 106.445548, 500.0]
[41852, 61356, 28.87259, 108.772388, 845.0]
[41852, 61356, 28.87259, 108.772388, 845.0]
[33590, 8188, 29.532982, 106.56767, 121.0]
[33590, 8188, 29.532982, 106.56767, 121.0]
[33590, 8188, 29.532982, 106.56767, 121.0]
[41816, 46571, 30.794622, 108.376961, 221.0]
[41852, 46952, 28.867685, 108.732503, 223.0]
[41744, 363, 29.700195, 106.615801, 224.0]
[53514, 6782, 32.01369, 118.77967, 374.0]
[41764, 46834, 29.484318, 106.561549, 500.0]
[41752, 3052, 29.523302, 106.572014, 77.0]
[47877, 13091, 34.315199, 109.122809, 421.0]
[47877, 13091, 34.315199, 109.122809, 421.0]
[42281, 33021, 22.666999, 113.818743, 289.0]
[42281, 33021, 22.666999, 113.818743, 289.0]
[42281, 33021, 22.666999, 113.818743, 289.0]
[42281, 33021, 22.666999, 113.818743, 289.0]
[41745, 2562, 29.57082, 106.495056, 324.0]
[41745, 2562, 29.57082, 106.495056, 324.0]
[33597, 6257, 29.514966, 106.446115, 618.0]
[45409, 4212, 39.918103, 116.813651, 708.0]
[41784, 2251, 29.580667, 106.545707, 137.0]
[55555, 48652, 26.247071, 119.398915, 815.0]
[55555, 48652, 26.247071, 119.398915, 815.0]
[41744, 2791, 29.57962, 106.596187, 393.0]
[41744, 2791, 29.57962, 106.596187, 393.0]
[41736, 5196, 29.538049, 106.478691, 100.0]
[37808, 30505, 39.791113, 98.276275, 164.0]
[37808, 30505, 39.791113, 98.276275, 164.0]
[41760, 25864, 29.554089, 106.500594, 204.0]
[41760, 25864, 29.554089, 106.500594, 204.0]
[41760, 25864, 29.554089, 106.500594, 204.0]
[287, 23775, 29.373016, 105.390578, 739.0]
[287, 23775, 29.373016, 105.390578, 739.0]
[287, 23775, 29.373016, 105.390578, 739.0]
[287, 23775, 29.373016, 105.390578, 739.0]
[41744, 1502, 29.598145, 106.482088, 500.0]
[41745, 15431, 29.587676, 106.527343, 201.0]
[41832, 40222, 30.319566, 107.342172, 84.0]
[41745, 24552, 29.598736, 106.524483, 327.0]
[41745, 24552, 29.598736, 106.524483, 327.0]
[41821, 51535, 30.930994, 108.697678, 681.0]
[41744, 1525, 29.602042, 106.507906, 716.0]
[41764, 9221, 29.510882, 106.560012, 100.0]
[41760, 4802, 29.549116, 106.570301, 500.0]
[41760, 4802, 29.549116, 106.570301, 500.0]
[41029, 18611, 39.964221, 116.449675, 329.0]
[41752, 9532, 29.440886, 106.547647, 189.0]
[41752, 9532, 29.440886, 106.547647, 189.0]
[41007, 18921, 40.014808, 116.308965, 255.0]
[5480, 40953, 37.422614, 118.686826, 344.0]
[41784, 24071, 29.576313, 106.519247, 254.0]
[41784, 24071, 29.576313, 106.519247, 254.0]
[41792, 7051, 29.570245, 106.461585, 500.0]
[41792, 7051, 29.570245, 106.461585, 500.0]
[41768, 23461, 29.826547, 107.067545, 319.0]
[41744, 213, 29.715897, 106.620829, 315.0]
[41768, 8483, 29.641168, 106.799807, 500.0]
[33563, 28911, 29.539561, 106.203552, 973.0]
[33563, 28911, 29.539561, 106.203552, 973.0]
[41764, 9007, 29.523343, 106.555899, 100.0]
[41764, 9007, 29.523343, 106.555899, 100.0]
[41816, 49781, 30.796589, 108.382026, 500.0]
[41776, 1271, 29.302728, 106.331763, 500.0]
[41832, 59601, 30.32636, 107.348582, 92.0]
[41744, 42921, 29.716115, 106.614992, 500.0]
[41744, 26013, 29.588488, 106.498017, 500.0]
[56858, 45092, 36.361791, 94.85413, 1177.0]
[41792, 6911, 29.580263, 106.451665, 231.0]
[41792, 6911, 29.580263, 106.451665, 231.0]
[41792, 6911, 29.580263, 106.451665, 231.0]
[33567, 15209, 29.5698, 106.46208, 190.0]
[41792, 9793, 29.561584, 106.469059, 143.0]
[41760, 33135, 29.546484, 106.589424, 312.0]
[63238, 40211, 24.978231, 102.776908, 500.0]
[63238, 40211, 24.978231, 102.776908, 500.0]
[41777, 34131, 29.280706, 106.265119, 210.0]
[41777, 34131, 29.280706, 106.265119, 210.0]
[41784, 2443, 29.587912, 106.53996, 147.0]
[41784, 2443, 29.587912, 106.53996, 147.0]
[41752, 3192, 29.48374, 106.638036, 559.0]
[33575, 54711, 31.268902, 109.853703, 1039.0]
[33575, 54711, 31.268902, 109.853703, 1039.0]
[41744, 534, 29.683987, 106.597833, 727.0]
[287, 35463, 29.572198, 104.942563, 1000.0]
[41784, 38119, 29.586597, 106.525258, 500.0]
[41792, 39591, 29.551063, 106.460426, 210.0]
[41744, 1746, 29.602732, 106.535022, 705.0]
[46869, 19846, 34.519456, 113.813662, 987.0]
[41764, 44381, 29.530193, 106.560196, 500.0]
[34311, 10514, 26.904665, 100.218673, 1035.0]
[41744, 574, 29.698333, 106.541969, 818.0]
[33579, 10684, 29.845025, 107.066467, 600.0]
[33579, 10684, 29.845025, 107.066467, 600.0]
[33579, 10684, 29.845025, 107.066467, 600.0]
[33579, 10684, 29.845025, 107.066467, 600.0]
[33579, 10684, 29.845025, 107.066467, 600.0]
[41773, 54681, 29.714995, 106.11514, 221.0]
[41773, 54681, 29.714995, 106.11514, 221.0]
[41833, 43231, 29.238163, 107.892045, 959.0]
[41833, 43231, 29.238163, 107.892045, 959.0]
[41764, 45452, 29.520765, 106.519745, 500.0]
[41776, 25051, 29.492332, 106.371652, 500.0]
[41744, 25132, 29.619537, 106.495235, 500.0]
[41736, 40373, 29.536253, 106.499246, 325.0]
[41736, 40373, 29.536253, 106.499246, 325.0]
[41736, 40373, 29.536253, 106.499246, 325.0]
[46900, 30813, 34.719788, 112.860767, 333.0]
[33597, 20388, 29.525144, 106.48146, 501.0]
[33597, 20388, 29.525144, 106.48146, 501.0]
[50434, 17083, 45.590913, 126.606074, 278.0]
[50434, 17083, 45.590913, 126.606074, 278.0]
[63763, 21481, 29.642315, 91.066357, 500.0]
[33557, 30968, 29.705085, 107.397431, 164.0]
[41823, 50491, 31.167871, 108.408632, 298.0]
[41823, 50491, 31.167871, 108.408632, 298.0]
[33581, 13014, 29.626039, 106.647985, 455.0]
[33581, 13014, 29.626039, 106.647985, 455.0]
[41744, 45251, 29.672346, 106.566376, 500.0]
[41784, 38115, 29.583415, 106.526338, 140.0]
[54161, 30331, 34.870766, 118.077122, 326.0]
[54161, 30331, 34.870766, 118.077122, 326.0]
[54161, 30331, 34.870766, 118.077122, 326.0]
[54161, 30331, 34.870766, 118.077122, 326.0]
[54161, 30331, 34.870766, 118.077122, 326.0]
[63236, 50351, 25.00402, 102.691349, 315.0]
[63236, 50351, 25.00402, 102.691349, 315.0]
[41821, 51432, 30.931269, 108.698635, 294.0]
[41792, 45862, 29.538502, 106.45205, 500.0]
[41792, 45862, 29.538502, 106.45205, 500.0]
[41745, 40701, 29.587566, 106.487755, 308.0]
[41745, 40701, 29.587566, 106.487755, 308.0]
[41745, 40701, 29.587566, 106.487755, 308.0]
[41745, 40701, 29.587566, 106.487755, 308.0]
[33586, 18207, 30.190963, 105.842666, 216.0]
[41744, 45633, 29.667002, 106.615425, 500.0]
[41764, 20731, 29.506498, 106.568636, 500.0]
[41764, 20731, 29.506498, 106.568636, 500.0]
[41764, 20731, 29.506498, 106.568636, 500.0]
[41792, 45861, 29.537411, 106.449849, 500.0]
[62722, 10920, 26.581443, 106.712663, 100.0]
[14593, 59216, 33.326513, 114.9877, 604.0]
[8635, 2797, 27.502491, 103.83979, 937.0]
[8635, 2797, 27.502491, 103.83979, 937.0]
[41833, 42012, 29.15772, 107.095825, 169.0]
[33570, 44551, 31.083728, 108.184907, 1000.0]
[33570, 44551, 31.083728, 108.184907, 1000.0]
[33570, 44551, 31.083728, 108.184907, 1000.0]
[33570, 44551, 31.083728, 108.184907, 1000.0]
[41772, 2383, 29.708346, 105.715345, 100.0]
[41736, 5560, 29.52071, 106.517137, 500.0]
[8560, 20008, 27.569889, 108.227552, 964.0]
[8560, 20008, 27.569889, 108.227552, 964.0]
[41772, 8102, 29.693479, 105.733363, 500.0]
[41736, 45071, 29.499646, 106.501739, 235.0]
[29976, 31182, 19.226484, 110.620147, 1042.0]
[29976, 31182, 19.226484, 110.620147, 1042.0]
[29976, 31182, 19.226484, 110.620147, 1042.0]
[41772, 54083, 29.691979, 105.728993, 167.0]
[41820, 2901, 30.294626, 108.040811, 87.0]
[44092, 25334, 39.776193, 117.252464, 411.0]
[41744, 19772, 29.608526, 106.508683, 500.0]
[33591, 5932, 29.439381, 106.519878, 403.0]
[64887, 11073, 42.803408, 93.437154, 500.0]
[64887, 11073, 42.803408, 93.437154, 500.0]
[41760, 46352, 29.55346, 106.54371, 500.0]
[41760, 46352, 29.55346, 106.54371, 500.0]
[41744, 899, 29.645676, 106.564957, 357.0]
[41744, 899, 29.645676, 106.564957, 357.0]
[33183, 15061, 30.458095, 106.647087, 396.0]
[55120, 9498, 27.999774, 120.727695, 145.0]
[58625, 12210, 20.019265, 110.334477, 500.0]
[41821, 2742, 30.932816, 108.694367, 115.0]
[41817, 52235, 30.72031, 108.092584, 144.0]
[41817, 52235, 30.72031, 108.092584, 144.0]
[41784, 2221, 29.575871, 106.529077, 185.0]
[41784, 2221, 29.575871, 106.529077, 185.0]
[41784, 24083, 29.599128, 106.527336, 296.0]
[41784, 24083, 29.599128, 106.527336, 296.0]
[41852, 62911, 28.79551, 108.692472, 996.0]
[41852, 62911, 28.79551, 108.692472, 996.0]
[41852, 62911, 28.79551, 108.692472, 996.0]
[41824, 54372, 31.093683, 109.909025, 88.0]
[58189, 17361, 29.733158, 112.81093, 538.0]
[58189, 17361, 29.733158, 112.81093, 538.0]
[58189, 17361, 29.733158, 112.81093, 538.0]
[58189, 17361, 29.733158, 112.81093, 538.0]
[41768, 30645, 29.800175, 107.019091, 500.0]
[41853, 62533, 29.984259, 108.111005, 500.0]
[41832, 41805, 29.88367, 107.75209, 162.0]
[41832, 41805, 29.88367, 107.75209, 162.0]
[41736, 6021, 29.493751, 106.529886, 158.0]
[41792, 19452, 29.526969, 106.461346, 500.0]
[47040, 10812, 33.006254, 114.033737, 100.0]
[41792, 42831, 29.553118, 106.484474, 500.0]
[41752, 10884, 29.611825, 106.765999, 1015.0]
[41784, 1553, 29.601406, 106.563392, 500.0]
[41736, 37601, 29.432587, 106.450733, 100.0]
[33568, 6265, 29.743945, 106.497615, 250.0]
[41764, 44381, 29.530193, 106.560196, 500.0]
[41736, 6582, 29.447997, 106.445905, 216.0]
[41736, 6582, 29.447997, 106.445905, 216.0]
[41736, 6316, 29.476039, 106.481266, 679.0]
[41792, 14471, 29.546628, 106.452363, 500.0]
[41792, 14471, 29.546628, 106.452363, 500.0]
[64941, 40662, 39.689987, 76.132535, 497.0]
[54098, 53182, 37.283049, 120.006582, 1031.0]
[41773, 28752, 29.837838, 106.047782, 110.0]
[41744, 4434, 29.652658, 106.558459, 500.0]
[41744, 4434, 29.652658, 106.558459, 500.0]
[41744, 4434, 29.652658, 106.558459, 500.0]
[33569, 44331, 30.29789, 108.047075, 133.0]
[33569, 44331, 30.29789, 108.047075, 133.0]
[33569, 44331, 30.29789, 108.047075, 133.0]
[33569, 44331, 30.29789, 108.047075, 133.0]
[33569, 44331, 30.29789, 108.047075, 133.0]
[41833, 42065, 29.150865, 107.09487, 58.0]
[41784, 1951, 29.576323, 106.552749, 195.0]
[41784, 1951, 29.576323, 106.552749, 195.0]
[33553, 33672, 29.868874, 107.741826, 188.0]
[41817, 46943, 30.762259, 108.440564, 91.0]
[41817, 46943, 30.762259, 108.440564, 91.0]
[58113, 33511, 28.228739, 113.03879, 352.0]
[58113, 33511, 28.228739, 113.03879, 352.0]
[8571, 27315, 27.289881, 105.287231, 527.0]
[8571, 27315, 27.289881, 105.287231, 527.0]
[33567, 11111, 29.551425, 106.434659, 444.0]
[41752, 43155, 29.530915, 106.603068, 64.0]
[41752, 43155, 29.530915, 106.603068, 64.0]
[41776, 51753, 29.533759, 106.420827, 500.0]
[41744, 24193, 29.702299, 106.608423, 201.0]
[41736, 5564, 29.523034, 106.517638, 500.0]
[41736, 5564, 29.523034, 106.517638, 500.0]
[63747, 15852, 29.286335, 90.984294, 921.0]
[41753, 46871, 29.332639, 106.625659, 500.0]
[41753, 46871, 29.332639, 106.625659, 500.0]
[33563, 9656, 29.595282, 106.23236, 196.0]
[33573, 18412, 29.686441, 106.604498, 171.0]
[41780, 22611, 29.405008, 105.604266, 500.0]
[41744, 22701, 29.660252, 106.559754, 931.0]
[41832, 39602, 29.701416, 107.384684, 217.0]
[41832, 39602, 29.701416, 107.384684, 217.0]
[41832, 39602, 29.701416, 107.384684, 217.0]
[41764, 39757, 29.522758, 106.545787, 500.0]
[41760, 4263, 29.558482, 106.568517, 208.0]
[41760, 4263, 29.558482, 106.568517, 208.0]
[50947, 37233, 40.835747, 111.709643, 246.0]
[50947, 37233, 40.835747, 111.709643, 246.0]
[58206, 63004, 26.877123, 112.675246, 1000.0]
[41760, 4971, 29.560682, 106.563146, 500.0]
[41760, 4971, 29.560682, 106.563146, 500.0]
[41832, 44482, 29.712915, 107.387931, 103.0]
[33552, 17480, 29.54195, 106.423001, 1020.0]
[41760, 4572, 29.556261, 106.558705, 480.0]
None
None
[47970, 17222, 35.153047, 107.939351, 364.0]
[47970, 17222, 35.153047, 107.939351, 364.0]
[39204, 21151, 44.153616, 87.964184, 401.0]
[39204, 21151, 44.153616, 87.964184, 401.0]
[33571, 48242, 30.926305, 108.706251, 224.0]
[33571, 48242, 30.926305, 108.706251, 224.0]
[33571, 48242, 30.926305, 108.706251, 224.0]
[41768, 6407, 29.821855, 107.008596, 500.0]
[48391, 41022, 35.989986, 104.026053, 220.0]
[55678, 19873, 25.360432, 118.707706, 52.0]
[55678, 19873, 25.360432, 118.707706, 52.0]
[41752, 26288, 29.448489, 106.535347, 699.0]
[41752, 26288, 29.448489, 106.535347, 699.0]
[33595, 12767, 29.52411, 106.510131, 120.0]
[42265, 45394, 23.126647, 113.327539, 147.0]
[48479, 54021, 34.964462, 102.905309, 500.0]
[41820, 1032, 30.619957, 107.835634, 581.0]
[33552, 4411, 29.542458, 106.405691, 323.0]
[41823, 1413, 31.111814, 108.272996, 1000.0]
[58117, 16753, 28.135273, 112.888906, 765.0]
[61829, 1323, 30.341839, 106.929583, 241.0]
[61829, 1323, 30.341839, 106.929583, 241.0]
[41744, 24832, 29.739894, 106.644176, 500.0]
[33561, 47260, 30.718048, 108.087425, 395.0]
[33561, 47260, 30.718048, 108.087425, 395.0]
[41012, 8631, 39.885889, 116.330181, 184.0]
[41012, 8631, 39.885889, 116.330181, 184.0]
[41012, 8631, 39.885889, 116.330181, 184.0]
[41744, 741, 29.66649, 106.598259, 466.0]
[41760, 42142, 29.555676, 106.574021, 133.0]
[41760, 44551, 29.557316, 106.564769, 500.0]
[41760, 44551, 29.557316, 106.564769, 500.0]
[41764, 46411, 29.528836, 106.554354, 237.0]
[41760, 4142, 29.557147, 106.528254, 147.0]
[41760, 4142, 29.557147, 106.528254, 147.0]
[41776, 30603, 29.589506, 106.227504, 500.0]
[41764, 21424, 29.510448, 106.571099, 238.0]
[41764, 21424, 29.510448, 106.571099, 238.0]
[41768, 3231, 29.985333, 106.745884, 500.0]
[41768, 3231, 29.985333, 106.745884, 500.0]
[41833, 59731, 29.328424, 107.7386, 372.0]
[41833, 59731, 29.328424, 107.7386, 372.0]
[41833, 59731, 29.328424, 107.7386, 372.0]
[41833, 59731, 29.328424, 107.7386, 372.0]
[41833, 59731, 29.328424, 107.7386, 372.0]
[41744, 38703, 29.664783, 106.626443, 500.0]
[41744, 38703, 29.664783, 106.626443, 500.0]
[45476, 5182, 39.710704, 119.06138, 847.0]
[45476, 5182, 39.710704, 119.06138, 847.0]
[41833, 43240, 29.436561, 107.764401, 251.0]
[33558, 44247, 30.815512, 108.405547, 1000.0]
[9713, 16085, 45.754139, 126.757584, 543.0]
[41752, 11441, 29.452835, 106.861673, 617.0]
[41752, 11441, 29.452835, 106.861673, 617.0]
[41745, 15601, 29.604796, 106.518846, 130.0]
[41777, 24351, 29.270088, 106.237443, 221.0]
[41792, 7416, 29.551918, 106.473076, 102.0]
[41792, 7416, 29.551918, 106.473076, 102.0]
[33139, 32054, 32.398967, 105.747678, 1000.0]
[33139, 32054, 32.398967, 105.747678, 1000.0]
[41764, 24152, 29.511722, 106.544637, 150.0]
[41792, 42834, 29.552314, 106.490712, 500.0]
[41768, 23236, 29.821433, 106.435483, 500.0]
[61711, 45604, 30.680038, 104.032995, 500.0]
[41773, 32383, 29.841673, 106.055761, 99.0]
[41773, 32383, 29.841673, 106.055761, 99.0]
[41792, 6966, 29.574031, 106.458775, 100.0]
[41744, 39293, 29.59145, 106.481137, 500.0]
[21253, 20612, 30.324658, 112.214579, 1000.0]
[33593, 20014, 29.491874, 106.838884, 958.0]
[33593, 20014, 29.491874, 106.838884, 958.0]
[33593, 20014, 29.491874, 106.838884, 958.0]
[33570, 42746, 31.020783, 108.425031, 100.0]
[61815, 2301, 29.31643, 104.798801, 414.0]
[61815, 2301, 29.31643, 104.798801, 414.0]
[41784, 2582, 29.577104, 106.563733, 217.0]
[41784, 2582, 29.577104, 106.563733, 217.0]
[41764, 20192, 29.541034, 106.590865, 500.0]
[41784, 21561, 29.602694, 106.559195, 132.0]
[53665, 27072, 32.527268, 120.455735, 109.0]
[41784, 21541, 29.581711, 106.566194, 265.0]
[41769, 58441, 30.327371, 106.161839, 101.0]
[41769, 58441, 30.327371, 106.161839, 101.0]
[41744, 622, 29.677828, 106.593499, 500.0]
[41744, 22704, 29.665641, 106.558201, 500.0]
[41777, 54503, 29.276251, 106.27717, 235.0]
[41777, 54503, 29.276251, 106.27717, 235.0]
[41744, 543, 29.685372, 106.607155, 261.0]
[33568, 14537, 29.620941, 106.488838, 319.0]
[41744, 51691, 29.775328, 106.670285, 137.0]
[41744, 51691, 29.775328, 106.670285, 137.0]
[29742, 51162, 28.537338, 113.028175, 1026.0]
[41736, 42012, 29.431157, 106.491009, 159.0]
[41780, 1153, 29.411763, 105.599304, 112.0]
[41736, 22103, 29.525901, 106.499496, 500.0]
[41770, 5572, 30.178988, 105.832919, 500.0]
[33570, 40881, 30.909578, 108.106375, 1000.0]
[33570, 40881, 30.909578, 108.106375, 1000.0]
[57687, 6731, 29.245857, 113.811884, 213.0]
[33597, 16908, 29.513113, 106.470289, 345.0]
[33597, 16908, 29.513113, 106.470289, 345.0]
[41744, 38813, 29.600645, 106.502056, 500.0]
[818, 25914, 30.927321, 103.81476, 1046.0]
[818, 25914, 30.927321, 103.81476, 1046.0]
[41736, 42365, 29.498834, 106.506957, 217.0]
[41736, 42365, 29.498834, 106.506957, 217.0]
[41736, 41363, 29.529125, 106.522789, 500.0]
[41752, 32212, 29.459476, 106.529671, 182.0]
[41752, 32212, 29.459476, 106.529671, 182.0]
[41752, 32212, 29.459476, 106.529671, 182.0]
[41776, 25232, 29.583463, 106.42215, 500.0]
[41784, 2152, 29.582037, 106.532174, 150.0]
[41784, 2152, 29.582037, 106.532174, 150.0]
[45350, 27332, 39.435588, 115.952471, 835.0]
[41833, 43211, 29.324361, 107.75129, 187.0]
[41833, 43211, 29.324361, 107.75129, 187.0]
[41832, 38063, 29.694037, 107.400171, 365.0]
[41832, 38063, 29.694037, 107.400171, 365.0]
[41792, 26546, 29.557744, 106.459726, 500.0]
[41792, 26546, 29.557744, 106.459726, 500.0]
[41816, 47343, 30.795881, 108.375013, 500.0]
[64874, 47865, 43.982146, 89.590698, 1050.0]
[64874, 47865, 43.982146, 89.590698, 1050.0]
[41768, 6392, 29.748534, 106.45287, 1124.0]
[13079, 38722, 31.856839, 120.426132, 708.0]
[13079, 38722, 31.856839, 120.426132, 708.0]
[61708, 44062, 30.625514, 104.064105, 500.0]
[41832, 40882, 30.361263, 107.438741, 387.0]
[57635, 16561, 30.46515, 111.434173, 104.0]
[57635, 16561, 30.46515, 111.434173, 104.0]
[64917, 58872, 37.876223, 77.472614, 100.0]
[33565, 18959, 29.29681, 106.3333, 217.0]
[41744, 26872, 29.685787, 106.587555, 500.0]
[41753, 26422, 29.380585, 106.502348, 254.0]
[41744, 571, 29.691529, 106.550655, 500.0]
[41744, 571, 29.691529, 106.550655, 500.0]
[41764, 10951, 29.526327, 106.575855, 500.0]
[41778, 3601, 29.599954, 106.307424, 500.0]
[57633, 40622, 30.708265, 111.2907, 500.0]
[33562, 19891, 29.578976, 106.530173, 147.0]
[33562, 19891, 29.578976, 106.530173, 147.0]
[10115, 15801, 29.673898, 109.151689, 277.0]
[41778, 53462, 29.636574, 106.319524, 746.0]
[41736, 8152, 29.509238, 106.510875, 270.0]
[45348, 17183, 39.057637, 115.873671, 555.0]
[41792, 7161, 29.562835, 106.455638, 419.0]
[57634, 17821, 31.066871, 111.636045, 76.0]
[41736, 5813, 29.507371, 106.513484, 100.0]
[41744, 288, 29.711279, 106.6276, 500.0]
[41744, 288, 29.711279, 106.6276, 500.0]
[41744, 288, 29.711279, 106.6276, 500.0]
[33597, 18, 29.476, 106.437839, 298.0]
[33593, 26500, 29.285007, 106.71892, 989.0]
[33593, 26500, 29.285007, 106.71892, 989.0]
[33593, 26500, 29.285007, 106.71892, 989.0]
[41792, 21801, 29.527208, 106.452209, 500.0]
[41792, 21801, 29.527208, 106.452209, 500.0]
[41821, 52222, 31.114777, 108.820655, 258.0]
[41736, 5183, 29.537972, 106.507499, 159.0]
[41784, 45754, 29.593522, 106.56266, 681.0]
None
None
[41772, 58251, 29.7112, 105.68432, 500.0]
[41736, 5594, 29.517761, 106.517387, 500.0]
[41832, 39052, 29.694592, 107.422184, 561.0]
[41736, 39412, 29.517591, 106.509644, 230.0]
[41736, 39412, 29.517591, 106.509644, 230.0]
[41784, 43401, 29.580115, 106.545075, 500.0]
[41784, 43401, 29.580115, 106.545075, 500.0]
[63313, 2311, 26.941059, 100.215688, 500.0]
[41771, 27381, 29.353692, 105.909948, 629.0]
[41780, 28361, 29.406924, 105.60661, 500.0]
[41744, 1236, 29.618764, 106.581, 500.0]
[41773, 36911, 29.847478, 106.086805, 292.0]
[41773, 36911, 29.847478, 106.086805, 292.0]
[8673, 61443, 25.02828, 102.71168, 185.0]
[41736, 23262, 29.538949, 106.492279, 500.0]
[41736, 23262, 29.538949, 106.492279, 500.0]
[55056, 55343, 30.255425, 120.213106, 532.0]
[41736, 28811, 29.541146, 106.524517, 500.0]
[42481, 1759, 22.307425, 113.470692, 585.0]
[33571, 49050, 30.925442, 108.70888, 242.0]
[33571, 49050, 30.925442, 108.70888, 242.0]
[33571, 49050, 30.925442, 108.70888, 242.0]
[41780, 33542, 29.406785, 105.602464, 500.0]
[41776, 24732, 29.504419, 106.402979, 500.0]
[41776, 24732, 29.504419, 106.402979, 500.0]
[41784, 2602, 29.580214, 106.530964, 134.0]
[41784, 2602, 29.580214, 106.530964, 134.0]
[41764, 42514, 29.524682, 106.560622, 500.0]
[41764, 42514, 29.524682, 106.560622, 500.0]
[41764, 42514, 29.524682, 106.560622, 500.0]
[41832, 40845, 30.332887, 107.354647, 113.0]
[41823, 50781, 31.157588, 108.398292, 500.0]
[41784, 2171, 29.572829, 106.535553, 215.0]
[33596, 21588, 29.506593, 106.516558, 209.0]
None
None
[33597, 10589, 29.527358, 106.47436, 309.0]
[33597, 10589, 29.527358, 106.47436, 309.0]
[33597, 10589, 29.527358, 106.47436, 309.0]
[42481, 53841, 22.268891, 113.48549, 100.0]
[59651, 21385, 28.691675, 115.867471, 67.0]
[41792, 10082, 29.496949, 106.479777, 500.0]
[41744, 46163, 29.599077, 106.496253, 500.0]
[41744, 46163, 29.599077, 106.496253, 500.0]
[41744, 263, 29.711522, 106.619132, 140.0]
[41832, 60541, 29.616275, 107.468323, 512.0]
[58625, 6210, 19.992863, 110.34083, 119.0]
[41752, 21571, 29.440257, 106.544914, 679.0]
[41744, 45563, 29.603054, 106.495835, 500.0]
[55066, 43762, 30.251902, 120.171909, 102.0]
[55066, 43762, 30.251902, 120.171909, 102.0]
[37696, 41326, 36.571748, 107.302282, 421.0]
[37696, 41326, 36.571748, 107.302282, 421.0]
[37696, 41326, 36.571748, 107.302282, 421.0]
[37696, 41326, 36.571748, 107.302282, 421.0]
[33590, 15917, 29.527825, 106.575513, 207.0]
[33590, 15917, 29.527825, 106.575513, 207.0]
[9564, 34494, 23.018956, 113.689793, 360.0]
[9564, 34494, 23.018956, 113.689793, 360.0]
[41752, 11682, 29.441478, 106.551744, 277.0]
[41820, 2911, 30.310694, 107.794262, 854.0]
[41752, 40862, 29.467258, 106.536566, 118.0]
[41736, 6285, 29.47696, 106.532153, 500.0]
[41736, 6285, 29.47696, 106.532153, 500.0]
[41736, 6285, 29.47696, 106.532153, 500.0]
[33564, 11538, 29.604274, 106.500019, 195.0]
[41768, 51814, 29.817576, 106.410607, 500.0]
[33570, 43640, 31.149977, 108.320369, 689.0]
[33570, 43640, 31.149977, 108.320369, 689.0]
[41784, 24085, 29.600165, 106.530684, 500.0]
[41768, 27285, 29.832693, 107.077561, 823.0]
[41771, 4986, 29.342447, 105.943499, 500.0]
[41792, 31811, 29.566254, 106.463556, 120.0]
[41784, 2329, 29.572762, 106.516797, 618.0]
[41784, 2329, 29.572762, 106.516797, 618.0]
[41784, 2329, 29.572762, 106.516797, 618.0]
[41784, 2329, 29.572762, 106.516797, 618.0]
[33562, 10182, 29.583369, 106.514584, 207.0]
[41816, 47821, 30.807477, 108.379773, 165.0]
[33571, 40737, 31.177826, 108.59572, 1000.0]
[33571, 40737, 31.177826, 108.59572, 1000.0]
[41744, 26641, 29.606175, 106.482872, 500.0]
[41744, 26641, 29.606175, 106.482872, 500.0]
[41744, 26641, 29.606175, 106.482872, 500.0]
[41832, 45686, 29.710234, 107.376859, 116.0]
[41832, 45686, 29.710234, 107.376859, 116.0]
[64769, 5281, 43.834648, 87.624063, 268.0]
[64769, 5281, 43.834648, 87.624063, 268.0]
[41760, 26381, 29.566336, 106.536427, 257.0]
[41764, 39242, 29.483916, 106.569733, 500.0]
[41744, 26641, 29.606175, 106.482872, 500.0]
[41816, 46321, 30.795825, 108.385554, 500.0]
[41792, 7153, 29.560773, 106.465733, 255.0]
[46862, 16711, 34.506023, 113.863975, 694.0]
[33183, 36601, 30.51225, 106.741792, 1004.0]
[41823, 50001, 31.94831, 108.667921, 500.0]
[41832, 39273, 29.727094, 107.325792, 500.0]
[41764, 45457, 29.528729, 106.537354, 500.0]
[41764, 45457, 29.528729, 106.537354, 500.0]
[41764, 45457, 29.528729, 106.537354, 500.0]
[41764, 45457, 29.528729, 106.537354, 500.0]
[33580, 27952, 29.827627, 106.428136, 324.0]
[33597, 1097, 29.524308, 106.460234, 161.0]
[41820, 51842, 30.324597, 108.064614, 53.0]
[50978, 15293, 40.553415, 110.268006, 500.0]
[50978, 15293, 40.553415, 110.268006, 500.0]
[41744, 38511, 29.704601, 106.630381, 500.0]
[41744, 38511, 29.704601, 106.630381, 500.0]
[61710, 5103, 30.667408, 103.991663, 500.0]
[61710, 5103, 30.667408, 103.991663, 500.0]
[41822, 3421, 31.025284, 109.451012, 175.0]
[41764, 36062, 29.51745, 106.566389, 500.0]
[41764, 36062, 29.51745, 106.566389, 500.0]
[41760, 4361, 29.558627, 106.548713, 144.0]
[47877, 15953, 34.43758, 108.765574, 455.0]
[47877, 15953, 34.43758, 108.765574, 455.0]
[41792, 9645, 29.565342, 106.494379, 500.0]
[41760, 44022, 29.562093, 106.496699, 500.0]
[33572, 11284, 29.350413, 105.898295, 156.0]
[41792, 38601, 29.53317, 106.453695, 500.0]
[41820, 51912, 30.29053, 108.035403, 151.0]
[41764, 39742, 29.539477, 106.584282, 500.0]
[41744, 263, 29.711522, 106.619132, 140.0]
[62729, 15631, 26.542703, 106.712577, 500.0]
[33577, 13318, 29.702228, 105.723767, 192.0]
[41784, 21542, 29.579623, 106.56525, 250.0]
[41768, 31571, 29.827453, 107.070482, 128.0]
[41768, 31571, 29.827453, 107.070482, 128.0]
[41744, 39151, 29.660933, 106.598793, 500.0]
[33582, 17324, 30.115153, 106.347705, 530.0]
[33582, 17324, 30.115153, 106.347705, 530.0]
[41784, 24083, 29.599128, 106.527336, 296.0]
[33558, 43740, 30.76372, 108.452701, 296.0]
[41760, 31001, 29.55677, 106.573311, 500.0]
None
[41066, 17521, 39.743456, 116.306591, 559.0]
[41736, 23283, 29.542916, 106.49771, 500.0]
[41736, 21921, 29.462033, 106.434127, 100.0]
[41736, 21921, 29.462033, 106.434127, 100.0]
[41736, 21921, 29.462033, 106.434127, 100.0]
[46867, 21733, 34.792226, 113.696069, 500.0]
[46867, 21733, 34.792226, 113.696069, 500.0]
[41745, 11162, 29.585637, 106.504201, 1015.0]
[41833, 42723, 29.262232, 107.305531, 50.0]
[63314, 3874, 26.870724, 100.237973, 137.0]
[63314, 3874, 26.870724, 100.237973, 137.0]
[41823, 4141, 31.204831, 108.555659, 246.0]
[41823, 4141, 31.204831, 108.555659, 246.0]
[41744, 872, 29.645043, 106.563624, 376.0]
[41744, 872, 29.645043, 106.563624, 376.0]
[41776, 7062, 29.537866, 106.230108, 500.0]
[41792, 39352, 29.507879, 106.489713, 150.0]
[41792, 39352, 29.507879, 106.489713, 150.0]
[41792, 39352, 29.507879, 106.489713, 150.0]
[41764, 45941, 29.498884, 106.572439, 217.0]
[41778, 25315, 29.611585, 106.310981, 500.0]
[41744, 36892, 29.578562, 106.603972, 500.0]
[41744, 1302, 29.608111, 106.519903, 500.0]
[64785, 5111, 43.467492, 87.477562, 75.0]
[63361, 6013, 25.592151, 103.846537, 1104.0]
[8510, 15064, 26.633265, 106.774172, 471.0]
[8510, 15064, 26.633265, 106.774172, 471.0]
[41817, 46811, 30.761875, 108.444836, 225.0]
[41817, 46811, 30.761875, 108.444836, 225.0]
[41817, 46811, 30.761875, 108.444836, 225.0]
[41784, 31711, 29.574841, 106.561554, 145.0]
[10361, 20043, 36.733764, 104.791522, 246.0]
[816, 12186, 30.632799, 104.037814, 242.0]
[41744, 46774, 29.608048, 106.507763, 500.0]
[41792, 42341, 29.530581, 106.478645, 155.0]
[41792, 42341, 29.530581, 106.478645, 155.0]
[33582, 2519, 29.989786, 106.262092, 285.0]
[41744, 131, 29.732146, 106.634381, 500.0]
[41744, 131, 29.732146, 106.634381, 500.0]
[41744, 131, 29.732146, 106.634381, 500.0]
[41744, 131, 29.732146, 106.634381, 500.0]
[42411, 2701, 23.033508, 114.360053, 500.0]
[41820, 54843, 30.520096, 107.644488, 295.0]
[41820, 54843, 30.520096, 107.644488, 295.0]
[35090, 12196, 28.914711, 89.601663, 500.0]
[35090, 12196, 28.914711, 89.601663, 500.0]
[35090, 12196, 28.914711, 89.601663, 500.0]
[35090, 12196, 28.914711, 89.601663, 500.0]
[35090, 12196, 28.914711, 89.601663, 500.0]
[41769, 23676, 30.001205, 106.264032, 500.0]
[41756, 54103, 29.054694, 106.640977, 190.0]
[41736, 5613, 29.521434, 106.484586, 500.0]
[1313, 53693, 39.501222, 117.335686, 1000.0]
[1313, 53693, 39.501222, 117.335686, 1000.0]
[1313, 53693, 39.501222, 117.335686, 1000.0]
[1313, 53693, 39.501222, 117.335686, 1000.0]
[41744, 41664, 29.620151, 106.535023, 656.0]
[41776, 52211, 29.574728, 106.375272, 500.0]
[41764, 8733, 29.530649, 106.570749, 162.0]
[41764, 8733, 29.530649, 106.570749, 162.0]
[41824, 54312, 31.255191, 109.824034, 324.0]
[41764, 40623, 29.516816, 106.576084, 214.0]
[41736, 39011, 29.540065, 106.503263, 500.0]
[41776, 7003, 29.466963, 106.229593, 833.0]
[41792, 7943, 29.522425, 106.482288, 196.0]
[33591, 1010, 29.387327, 106.540169, 788.0]
[33591, 1010, 29.387327, 106.540169, 788.0]
[33591, 1010, 29.387327, 106.540169, 788.0]
[33591, 1010, 29.387327, 106.540169, 788.0]
[41760, 25842, 29.564895, 106.561188, 548.0]
[41736, 5742, 29.510242, 106.511263, 328.0]
[41736, 5742, 29.510242, 106.511263, 328.0]
[33579, 1020, 29.855611, 107.008201, 611.0]
[33579, 1020, 29.855611, 107.008201, 611.0]
[33579, 1020, 29.855611, 107.008201, 611.0]
[33579, 1020, 29.855611, 107.008201, 611.0]
[41745, 16061, 29.593479, 106.526149, 630.0]
[41784, 44433, 29.550001, 106.575255, 500.0]
[33570, 41457, 31.182561, 108.289985, 1000.0]
[41792, 39592, 29.547978, 106.458987, 156.0]
[33566, 29054, 29.027492, 106.647851, 264.0]
[33566, 29054, 29.027492, 106.647851, 264.0]
[33566, 29054, 29.027492, 106.647851, 264.0]
[41760, 4883, 29.547097, 106.531518, 500.0]
[42317, 15911, 22.603674, 114.035001, 317.0]
[42301, 15831, 22.65175, 114.021966, 165.0]
[42301, 15831, 22.65175, 114.021966, 165.0]
[41784, 1923, 29.568898, 106.525043, 177.0]
[41784, 1923, 29.568898, 106.525043, 177.0]
[41736, 5195, 29.536286, 106.480775, 500.0]
[41736, 5195, 29.536286, 106.480775, 500.0]
[41752, 23701, 29.372642, 106.527619, 88.0]
[41752, 23701, 29.372642, 106.527619, 88.0]
[41752, 23701, 29.372642, 106.527619, 88.0]
[9555, 7645, 22.995936, 114.086633, 586.0]
[9555, 7645, 22.995936, 114.086633, 586.0]
[9555, 7645, 22.995936, 114.086633, 586.0]
[9555, 7645, 22.995936, 114.086633, 586.0]
[9555, 7645, 22.995936, 114.086633, 586.0]
[41764, 38201, 29.536573, 106.569187, 163.0]
[53506, 13753, 31.992427, 118.738146, 452.0]
[53506, 13753, 31.992427, 118.738146, 452.0]
[53506, 13753, 31.992427, 118.738146, 452.0]
[53506, 13753, 31.992427, 118.738146, 452.0]
[53506, 13753, 31.992427, 118.738146, 452.0]
[41736, 6442, 29.461697, 106.46753, 500.0]
[41736, 6442, 29.461697, 106.46753, 500.0]
[41771, 5801, 29.354146, 105.943347, 500.0]
[41744, 45803, 29.767637, 106.648912, 500.0]
[33573, 18278, 29.633315, 106.553408, 111.0]
[33573, 18278, 29.633315, 106.553408, 111.0]
[33573, 18278, 29.633315, 106.553408, 111.0]
[33563, 29785, 29.409988, 106.135581, 766.0]
[48422, 61222, 39.729265, 98.520741, 114.0]
[48422, 61222, 39.729265, 98.520741, 114.0]
[48422, 61222, 39.729265, 98.520741, 114.0]
[48422, 61222, 39.729265, 98.520741, 114.0]
[48422, 61222, 39.729265, 98.520741, 114.0]
[41745, 15701, 29.581922, 106.508042, 95.0]
[33562, 10181, 29.582104, 106.518296, 306.0]
[33562, 10181, 29.582104, 106.518296, 306.0]
[41776, 27172, 29.574032, 106.23467, 291.0]
[41736, 25832, 29.54651, 106.495033, 100.0]
[41736, 25832, 29.54651, 106.495033, 100.0]
[41736, 25832, 29.54651, 106.495033, 100.0]
[41784, 2233, 29.578685, 106.522716, 100.0]
[41745, 2293, 29.585597, 106.495879, 208.0]
[41792, 22932, 29.509277, 106.47907, 429.0]
[41792, 22932, 29.509277, 106.47907, 429.0]
[41792, 22932, 29.509277, 106.47907, 429.0]
[41792, 22932, 29.509277, 106.47907, 429.0]
[41736, 5423, 29.528535, 106.489615, 500.0]
[41744, 102, 29.728466, 106.630077, 179.0]
[33568, 22531, 29.750147, 106.632517, 309.0]
[41764, 24684, 29.530931, 106.55542, 500.0]
[41764, 24684, 29.530931, 106.55542, 500.0]
[9568, 2011, 22.788413, 114.148643, 402.0]
[41816, 46872, 30.80837, 108.382668, 100.0]
[33569, 43106, 30.290741, 107.731023, 877.0]
[33569, 43106, 30.290741, 107.731023, 877.0]
[41832, 39262, 29.738426, 107.34907, 272.0]
[41832, 39262, 29.738426, 107.34907, 272.0]
[41817, 48151, 30.745771, 108.127643, 425.0]
[54729, 13121, 30.922349, 117.807988, 500.0]
[41816, 48771, 30.76141, 108.413568, 500.0]
[38233, 35911, 38.342302, 108.651254, 1000.0]
[38233, 35911, 38.342302, 108.651254, 1000.0]
[9989, 38011, 30.770498, 111.225356, 1000.0]
[61712, 49461, 30.670876, 103.809769, 500.0]
[41817, 52293, 30.635534, 108.236393, 222.0]
[33557, 31260, 29.704706, 107.397241, 171.0]
[33557, 31260, 29.704706, 107.397241, 171.0]
[33568, 21769, 29.769498, 106.673935, 951.0]
[33568, 21769, 29.769498, 106.673935, 951.0]
[33568, 21769, 29.769498, 106.673935, 951.0]
[41771, 30461, 29.015318, 105.85145, 500.0]
[41771, 30461, 29.015318, 105.85145, 500.0]
[41744, 41313, 29.63803, 106.544911, 804.0]
[41744, 41313, 29.63803, 106.544911, 804.0]
[33565, 16306, 29.535962, 106.310379, 1018.0]
[41736, 5651, 29.51568, 106.505718, 380.0]
[41736, 5651, 29.51568, 106.505718, 380.0]
[54093, 31201, 37.410565, 121.583618, 273.0]
[41756, 29231, 29.036486, 106.656365, 500.0]
[17694, 27083, 31.602081, 121.209785, 380.0]
[38512, 36195, 43.926436, 81.303856, 306.0]
[41784, 45752, 29.595197, 106.564923, 500.0]
[41792, 17403, 29.540571, 106.455157, 191.0]
[41817, 47051, 30.776735, 108.434462, 53.0]
[41817, 47051, 30.776735, 108.434462, 53.0]
[41817, 47051, 30.776735, 108.434462, 53.0]
[41816, 47433, 30.801235, 108.384019, 500.0]
[41744, 26871, 29.683669, 106.594231, 332.0]
[33589, 45430, 31.029571, 109.432941, 649.0]
[33589, 45430, 31.029571, 109.432941, 649.0]
[63238, 40311, 24.997505, 102.786637, 500.0]
[63238, 40311, 24.997505, 102.786637, 500.0]
[41768, 21903, 29.818212, 106.418786, 500.0]
[47875, 11353, 34.260762, 108.956979, 500.0]
[41744, 24833, 29.73365, 106.644145, 500.0]
[41744, 24833, 29.73365, 106.644145, 500.0]
[41736, 5311, 29.535623, 106.489577, 105.0]
[14240, 9163, 34.768914, 113.672306, 158.0]
[62881, 16371, 26.668187, 105.771141, 266.0]
[62881, 16371, 26.668187, 105.771141, 266.0]
[41773, 28852, 29.84262, 106.064661, 132.0]
[41745, 22432, 29.570167, 106.484749, 142.0]
[41745, 22432, 29.570167, 106.484749, 142.0]
[61789, 3483, 31.809537, 104.810236, 100.0]
[61789, 3483, 31.809537, 104.810236, 100.0]
[22815, 64647, 24.519233, 118.013076, 517.0]
[22815, 64647, 24.519233, 118.013076, 517.0]
[41784, 19871, 29.596664, 106.53907, 500.0]
[41784, 19871, 29.596664, 106.53907, 500.0]
[41744, 282, 29.709723, 106.628677, 341.0]
[41744, 1525, 29.602042, 106.507906, 716.0]
[41744, 1525, 29.602042, 106.507906, 716.0]
[54530, 16513, 31.709134, 117.246108, 317.0]
[54530, 16513, 31.709134, 117.246108, 317.0]
[41768, 35961, 30.014301, 106.64625, 124.0]
[9645, 21745, 22.735408, 114.430232, 624.0]
[9645, 21745, 22.735408, 114.430232, 624.0]
[41764, 9313, 29.50944, 106.548885, 500.0]
[33563, 11864, 29.607633, 106.230517, 667.0]
[33563, 11864, 29.607633, 106.230517, 667.0]
[41744, 22853, 29.697031, 106.614923, 132.0]
[41744, 285, 29.70948, 106.626048, 250.0]
[41764, 8774, 29.53269, 106.563213, 500.0]
[41760, 4481, 29.555332, 106.565964, 191.0]
[41760, 4481, 29.555332, 106.565964, 191.0]
[41760, 4481, 29.555332, 106.565964, 191.0]
[33571, 41667, 30.901249, 108.638223, 1000.0]
[41769, 53512, 29.998424, 106.25188, 178.0]
[41821, 51431, 30.931447, 108.703506, 125.0]
[41821, 51431, 30.931447, 108.703506, 125.0]
[41821, 51431, 30.931447, 108.703506, 125.0]
[41821, 51431, 30.931447, 108.703506, 125.0]
[41745, 11151, 29.588913, 106.524673, 166.0]
[61697, 6081, 30.662995, 104.05129, 500.0]
[63234, 30613, 25.040232, 102.703753, 500.0]
[63234, 30613, 25.040232, 102.703753, 500.0]
[41772, 28042, 29.699389, 105.718776, 100.0]
[41736, 22487, 29.516661, 106.499876, 500.0]
[41736, 22487, 29.516661, 106.499876, 500.0]
[286, 16513, 29.262227, 105.502287, 1000.0]
[41736, 5569, 29.520125, 106.513424, 500.0]
[41736, 5569, 29.520125, 106.513424, 500.0]
[41736, 5569, 29.520125, 106.513424, 500.0]
[41817, 48723, 30.758655, 108.432877, 136.0]
[33577, 28326, 29.422087, 105.609558, 344.0]
[33571, 40177, 31.185945, 108.750205, 983.0]
[33571, 40177, 31.185945, 108.750205, 983.0]
[33150, 51054, 32.169306, 102.503663, 1000.0]
[33150, 51054, 32.169306, 102.503663, 1000.0]
[33150, 51054, 32.169306, 102.503663, 1000.0]
[61722, 36646, 30.542063, 103.980411, 560.0]
[61722, 36646, 30.542063, 103.980411, 560.0]
[33581, 12405, 29.675739, 106.749133, 1000.0]
[33581, 12405, 29.675739, 106.749133, 1000.0]
[8511, 34501, 26.417571, 106.676268, 625.0]
[8511, 34501, 26.417571, 106.676268, 625.0]
[41768, 26741, 29.77084, 106.667478, 500.0]
[41768, 26741, 29.77084, 106.667478, 500.0]
[41744, 28543, 29.611725, 106.523098, 500.0]
[41744, 28543, 29.611725, 106.523098, 500.0]
[41832, 41105, 29.872077, 107.742086, 139.0]
[33567, 14869, 29.566218, 106.484665, 243.0]
[33567, 14869, 29.566218, 106.484665, 243.0]
[64827, 61252, 41.795119, 81.878332, 500.0]
[64827, 61252, 41.795119, 81.878332, 500.0]
[41792, 27462, 29.553495, 106.477132, 356.0]
[41792, 27462, 29.553495, 106.477132, 356.0]
[41792, 27462, 29.553495, 106.477132, 356.0]
[41792, 27462, 29.553495, 106.477132, 356.0]
[41744, 2462, 29.621284, 106.523631, 500.0]
[41792, 7974, 29.52094, 106.471887, 100.0]
[41792, 7974, 29.52094, 106.471887, 100.0]
[41792, 7974, 29.52094, 106.471887, 100.0]
[41792, 7974, 29.52094, 106.471887, 100.0]
[41772, 36843, 29.42429, 105.742795, 494.0]
[41784, 2222, 29.573559, 106.529229, 175.0]
[41769, 36471, 30.005494, 106.272607, 500.0]
[41769, 36471, 30.005494, 106.272607, 500.0]
[41776, 34393, 29.513865, 106.42017, 500.0]
[41776, 34393, 29.513865, 106.42017, 500.0]
[55554, 24061, 25.710968, 119.349534, 366.0]
[55554, 24061, 25.710968, 119.349534, 366.0]
[61716, 14083, 30.299768, 103.507822, 300.0]
[41744, 46642, 29.684471, 106.599917, 141.0]
[41744, 46642, 29.684471, 106.599917, 141.0]
[41736, 5084, 29.542691, 106.528527, 500.0]
[41776, 34392, 29.517666, 106.420224, 100.0]
[41853, 61193, 29.991809, 108.116928, 500.0]
[41752, 3033, 29.533394, 106.603244, 206.0]
[33590, 18593, 29.521725, 106.568843, 245.0]
[9717, 16202, 22.676533, 113.222467, 206.0]
[9717, 16202, 22.676533, 113.222467, 206.0]
[41768, 28691, 29.724251, 106.936456, 100.0]
[34321, 5779, 24.408398, 103.429578, 343.0]
[61889, 4782, 30.044363, 101.961359, 125.0]
[61889, 4782, 30.044363, 101.961359, 125.0]
[41760, 4917, 29.542183, 106.583245, 500.0]
[41760, 4917, 29.542183, 106.583245, 500.0]
[33595, 12025, 29.552431, 106.503552, 260.0]
[33595, 12025, 29.552431, 106.503552, 260.0]
[33595, 12025, 29.552431, 106.503552, 260.0]
[33595, 12025, 29.552431, 106.503552, 260.0]
[41752, 3287, 29.4727, 106.640245, 134.0]
[41752, 3287, 29.4727, 106.640245, 134.0]
[61828, 6263, 30.343283, 106.284087, 218.0]
[41736, 5672, 29.512749, 106.510411, 179.0]
[41792, 15871, 29.459645, 106.527967, 500.0]
[41771, 48797, 29.351383, 105.921851, 274.0]
[33150, 36072, 33.574661, 102.966581, 1000.0]
[41764, 42512, 29.52209, 106.557041, 500.0]
[41771, 50183, 29.350842, 105.88719, 265.0]
[61716, 46773, 30.475056, 103.479515, 96.0]
[61716, 46773, 30.475056, 103.479515, 96.0]
[61716, 46773, 30.475056, 103.479515, 96.0]
[61716, 46773, 30.475056, 103.479515, 96.0]
[41745, 39871, 29.566499, 106.522724, 290.0]
[41768, 24243, 29.623073, 106.77112, 500.0]
[41768, 24243, 29.623073, 106.77112, 500.0]
[41768, 24243, 29.623073, 106.77112, 500.0]
[41768, 24243, 29.623073, 106.77112, 500.0]
[41768, 24243, 29.623073, 106.77112, 500.0]
[41768, 24243, 29.623073, 106.77112, 500.0]
[41764, 46731, 29.548634, 106.595154, 162.0]
[41776, 49333, 29.510571, 106.421581, 500.0]
[33595, 11217, 29.52439, 106.496005, 143.0]
[41823, 50011, 31.948442, 108.662269, 500.0]
[41792, 39602, 29.560226, 106.466372, 270.0]
[41784, 26571, 29.606447, 106.531445, 245.0]
[55583, 1141, 24.5193, 118.149496, 148.0]
[41744, 22892, 29.66353, 106.580911, 500.0]
[41784, 39192, 29.592209, 106.550482, 500.0]
[33576, 45312, 30.739358, 107.622676, 1000.0]
[43014, 47771, 31.265816, 121.515465, 660.0]
[43014, 47771, 31.265816, 121.515465, 660.0]
[41744, 30213, 29.663559, 106.573364, 500.0]
[41744, 30213, 29.663559, 106.573364, 500.0]
[41833, 42953, 29.149673, 107.104613, 448.0]
[41833, 42953, 29.149673, 107.104613, 448.0]
[33570, 43281, 31.121053, 108.291898, 1000.0]
[61877, 1763, 28.582087, 104.907375, 500.0]
[61877, 1763, 28.582087, 104.907375, 500.0]
[57672, 9221, 32.576773, 110.869046, 346.0]
[57672, 9221, 32.576773, 110.869046, 346.0]
[61708, 24402, 30.592017, 104.010237, 244.0]
[8521, 54051, 28.777195, 107.503446, 1028.0]
[41752, 30923, 29.517918, 106.65006, 104.0]
[22790, 21212, 26.008008, 119.287277, 474.0]
[47882, 14411, 34.41216, 109.083537, 944.0]
[33577, 12295, 29.324614, 105.486569, 670.0]
[41832, 39106, 29.718025, 107.3683, 115.0]
[41764, 8662, 29.53254, 106.579279, 244.0]
[41764, 8662, 29.53254, 106.579279, 244.0]
[41764, 8662, 29.53254, 106.579279, 244.0]
[41764, 8662, 29.53254, 106.579279, 244.0]
[41764, 8662, 29.53254, 106.579279, 244.0]
[33567, 19221, 29.589742, 106.464204, 388.0]
[51139, 11701, 43.923436, 116.060913, 755.0]
[41770, 36951, 30.216356, 105.795684, 100.0]
[41770, 36951, 30.216356, 105.795684, 100.0]
[41764, 39701, 29.523351, 106.568843, 121.0]
[41764, 39701, 29.523351, 106.568843, 121.0]
[41764, 39701, 29.523351, 106.568843, 121.0]
[41764, 39701, 29.523351, 106.568843, 121.0]
None
None
[41744, 11783, 29.618734, 106.524697, 500.0]
[41771, 2461, 29.355967, 105.885567, 211.0]
[41771, 2461, 29.355967, 105.885567, 211.0]
[41736, 36533, 29.519249, 106.515417, 500.0]
[41736, 36533, 29.519249, 106.515417, 500.0]
[41744, 1483, 29.601532, 106.491423, 500.0]
[41745, 24552, 29.598736, 106.524483, 327.0]
[41745, 24552, 29.598736, 106.524483, 327.0]
[41745, 24552, 29.598736, 106.524483, 327.0]
[41764, 46912, 29.525443, 106.569042, 500.0]
[27009, 61171, 24.548597, 107.037521, 321.0]
[33586, 15814, 30.144167, 105.781556, 1035.0]
[41771, 5212, 29.355075, 105.937376, 335.0]