be50f2c83a826ecb9bdfaa462d625f44,41792,45853,23:59:25
6dd271d08ad664c9721b74d1fd291f13,41756,29213,23:55:59
f7dcbe36615d7e0b02bce33e9af7cbb3,41211,13522,23:58:35
58e9ea88c694014b0d0737602d6b272f,57704,581,00:00:51
58e9ea88c694014b0d0737602d6b272f,57704,581,00:00:51
d7a3809de49314cbb10fbd7d2548f46b,41744,1425,00:01:02
9c807cfa47f3f7b473d54c5c2f72391a,41816,48761,00:01:42
9c807cfa47f3f7b473d54c5c2f72391a,41816,48761,00:01:42
6980ad92d92775c999b2ac19804cfe50,61784,6434,00:01:10
592daeab8334f28e223eabe209f8d67b,41768,5285,00:02:16
592daeab8334f28e223eabe209f8d67b,41768,5285,00:02:16
8970afb32f2bd9792d8085e2188e4d79,41792,27462,00:02:17
c437712bb691e85ec3ad30ccc0da1ddc,41744,45283,00:02:00
0f5a937689368fc82b89089886efbebe,41736,23075,23:59:36
cc178b167f995c0b6058a8ea47554bd5,41776,25144,00:02:53
cc178b167f995c0b6058a8ea47554bd5,41776,25144,00:02:53
cc178b167f995c0b6058a8ea47554bd5,41776,25144,00:03:13
7bccd21987ab0066cd255547be1e07ac,64909,58412,00:06:55
0f5a937689368fc82b89089886efbebe,41736,23075,00:01:09
c1c21d22fa531d01c67009873faa2297,41764,9949,00:04:53
c1c21d22fa531d01c67009873faa2297,41764,9949,00:04:54
cee29a06437c0ee688b61e67895c78e2,41760,4310,00:05:06
cee29a06437c0ee688b61e67895c78e2,41760,4310,00:05:07
c374e95dea465e415679a496413e209c,41736,5206,00:05:40
244906c777cd01da31b1b1f16697e7e8,41760,39174,00:05:57
7bccd21987ab0066cd255547be1e07ac,64909,58412,00:07:01
0e2973b23cd1e92ec4bb361630d0c658,41784,28146,00:04:47
0e2973b23cd1e92ec4bb361630d0c658,41784,28146,00:04:47
58b91f482e2d5a32b85bc755ff79de54,41744,801,00:04:49
58b91f482e2d5a32b85bc755ff79de54,41744,801,00:04:50
c374e95dea465e415679a496413e209c,41736,5206,00:06:53
c374e95dea465e415679a496413e209c,41736,5206,00:06:54
e53840050dc5c468f6c74aeb9506e6d3,41852,46301,00:07:58
e53840050dc5c468f6c74aeb9506e6d3,41852,46301,00:08:04
b722104fbf6a2d96dfe9436c17ede0fc,41736,5568,00:09:05
b722104fbf6a2d96dfe9436c17ede0fc,41736,5568,00:09:06
27d167b6b3de1423a2fd1fdbe8bb2629,41769,23781,00:10:24
27d167b6b3de1423a2fd1fdbe8bb2629,41769,23781,00:10:25
94d6509c88cc7194f22c0c3e4df4c1a3,61877,7891,00:10:24
94d6509c88cc7194f22c0c3e4df4c1a3,61877,7891,00:10:25
aac45455878a714558820d53863a1234,41745,11163,00:10:30
27d167b6b3de1423a2fd1fdbe8bb2629,41769,23781,00:10:40
27d167b6b3de1423a2fd1fdbe8bb2629,41769,23781,00:10:40
aac45455878a714558820d53863a1234,41745,11163,00:10:41
0c9682542014a9ae06a728b271928947,61706,34425,00:09:26
0c9682542014a9ae06a728b271928947,61706,34425,00:09:28
2224e2bebd17f4b25950f15d93bb1f8c,41760,4824,00:09:33
b722104fbf6a2d96dfe9436c17ede0fc,41736,5568,00:09:43
b722104fbf6a2d96dfe9436c17ede0fc,41736,5568,00:09:47
594a495b43ad672391a174cbb0cf5e23,41832,39292,00:11:39
594a495b43ad672391a174cbb0cf5e23,41832,39292,00:11:39
f22870414efdd460438c6c33a34fba13,41760,4291,00:13:52
f22870414efdd460438c6c33a34fba13,41760,4291,00:13:53
25387ee939e285ba82c4ca8013ac9352,57602,6502,00:14:55
25387ee939e285ba82c4ca8013ac9352,57602,6502,00:14:55
9a02f01db2d08356a5065e6977265206,41764,43143,00:16:07
9a02f01db2d08356a5065e6977265206,41764,43143,00:16:07
9a02f01db2d08356a5065e6977265206,41764,43143,00:16:45
9a02f01db2d08356a5065e6977265206,41764,43143,00:16:45
201410dd8b9e17548007e76923302fce,41817,53343,00:15:49
201410dd8b9e17548007e76923302fce,41817,53343,00:15:49
ab2bf1c4f49acef79fb13fd6434cdb91,41792,7456,00:16:43
ab2bf1c4f49acef79fb13fd6434cdb91,41792,7456,00:16:43
80cd2f00a736067853ec59b3ab812d5d,41777,24537,00:15:54
80cd2f00a736067853ec59b3ab812d5d,41777,24537,00:15:54
b0821f6c22ceaeb220bc2eee4447e8d4,41736,32742,00:16:08
b0821f6c22ceaeb220bc2eee4447e8d4,41736,32742,00:16:09
9ee9298fcb90d02103be8709e7685949,41744,27531,00:16:20
6c8300d696f7af178b232b736c2296e3,41768,58123,00:17:00
6c8300d696f7af178b232b736c2296e3,41768,58123,00:17:01
b0821f6c22ceaeb220bc2eee4447e8d4,41736,32742,00:17:33
b0821f6c22ceaeb220bc2eee4447e8d4,41736,32742,00:17:33
7d73a2692950f4c2b51fc28e94af6d8a,41853,62572,00:18:01
7d73a2692950f4c2b51fc28e94af6d8a,41853,62572,00:18:01
737f1f8c4db15ec942ca88e3fcd6bdbb,41792,7759,00:18:43
9dfaa85a5052fb414e302b1a58ac21cd,41768,571,00:19:22
9dfaa85a5052fb414e302b1a58ac21cd,41768,571,00:19:22
9712d648248e2f97c22f57bdb480753c,41023,7212,00:19:29
9712d648248e2f97c22f57bdb480753c,41023,7212,00:19:29
a6319ea9c3d91ba021a6017708a49591,46488,4982,00:21:06
9261ba57aca2fb4d2e373f12a354df3d,59140,11461,00:22:53
9261ba57aca2fb4d2e373f12a354df3d,59140,11461,00:22:53
464c78d95af2745b5940ecfdf0c3435b,41760,3942,00:22:20
464c78d95af2745b5940ecfdf0c3435b,41760,3942,00:22:20
9da307343c24611913ae8becbdcbbdf3,41792,45102,00:23:06
9da307343c24611913ae8becbdcbbdf3,41792,45102,00:23:06
d41f70e69bfdc60a1b01d1debc7c862c,61866,1372,00:25:26
d41f70e69bfdc60a1b01d1debc7c862c,61866,1372,00:25:27
43b31e60c28e2b1034415f6ac00f2e14,41736,15995,00:24:49
105b0389ceef382d33407bfed0966da4,59254,12581,00:24:30
49cee172568caa4ff130e04e69af609f,41736,5203,00:27:39
49cee172568caa4ff130e04e69af609f,41736,5203,00:27:39
68a1327b3757f69ea12f92033f26f156,41832,41491,00:26:25
de3ea76ca9f70cdcca75e268819bc203,41752,47473,00:28:54
de3ea76ca9f70cdcca75e268819bc203,41752,47473,00:28:56
abdc9d71ec37e0cc6a0ad5f0a9d4be3b,41778,49001,00:28:01
abdc9d71ec37e0cc6a0ad5f0a9d4be3b,41778,49001,00:28:03
abdc9d71ec37e0cc6a0ad5f0a9d4be3b,41778,49001,00:28:14
abdc9d71ec37e0cc6a0ad5f0a9d4be3b,41778,49001,00:28:14
abdc9d71ec37e0cc6a0ad5f0a9d4be3b,41778,49001,00:28:26
abdc9d71ec37e0cc6a0ad5f0a9d4be3b,41778,49001,00:28:27
d4588cbada7511b358cb44e172cba23d,41784,40033,00:28:38
d4588cbada7511b358cb44e172cba23d,41784,40033,00:28:38
8225558164fa138284118889f16bd168,8650,59895,00:24:23
0eaef5fa3165b1d7b5a81643ed309eb6,41816,48531,00:29:26
0eaef5fa3165b1d7b5a81643ed309eb6,41816,48531,00:29:28
97e98b3892173844a4065940b08b87c5,41744,36282,00:30:46
97e98b3892173844a4065940b08b87c5,41744,36282,00:30:56
fa995d240096cb37dd19304ad894f4fb,41770,5331,00:30:56
17907ccf63f211c5987d4dbcac9eabda,41756,32321,00:34:07
5e89a2c080e958cd50ff27379cdc8ee2,41776,25761,00:32:54
5e89a2c080e958cd50ff27379cdc8ee2,41776,25761,00:33:10
5e89a2c080e958cd50ff27379cdc8ee2,41776,25761,00:33:11
5e89a2c080e958cd50ff27379cdc8ee2,41776,25761,00:33:19
5e89a2c080e958cd50ff27379cdc8ee2,41776,25761,00:33:34
5e89a2c080e958cd50ff27379cdc8ee2,41776,25761,00:33:39
dbab62ef06a58885b7771281a2ca1325,41816,46155,00:32:30
dbab62ef06a58885b7771281a2ca1325,41816,46155,00:32:30
647f1c73b89bda0e9d8214c185bc421b,59652,30954,00:32:25
647f1c73b89bda0e9d8214c185bc421b,59652,30954,00:32:25
6784c8216b3634d5f35483326044a63d,41770,54733,00:33:24
6784c8216b3634d5f35483326044a63d,41770,54733,00:33:24
0d513e4cef5a0075b9d6bb9de7c27e3e,41853,61303,00:34:11
0d513e4cef5a0075b9d6bb9de7c27e3e,41853,61303,00:34:12
890ec187aec7eaf947fc764f4e59297a,41744,11282,00:35:32
890ec187aec7eaf947fc764f4e59297a,41744,11282,00:35:33
5e89a2c080e958cd50ff27379cdc8ee2,41776,25761,00:33:24
cf9a02b235a6a14c65529068b456241b,41744,46571,00:36:13
b5b41828fad806f24422788a41002288,41744,43594,00:35:53
0c153a4ba7dd6ebe4d6817592a542859,61889,4183,00:36:27
0c153a4ba7dd6ebe4d6817592a542859,61889,4183,00:36:32
8a19b84177798b5bf79cf02241b2f505,61711,1863,00:36:59
04da2a672f7c108067c6594edb2fffff,41752,40865,00:37:24
d40685337cfa6498cc7d1e442b7761c1,41764,10611,00:37:40
d40685337cfa6498cc7d1e442b7761c1,41764,10611,00:37:41
d212338a5aafb5fb9e8183ac091b4758,41792,32801,00:38:17
874d13426131023d5deee618da8574fd,41792,7672,00:42:18
874d13426131023d5deee618da8574fd,41792,7672,00:42:18
5e89a2c080e958cd50ff27379cdc8ee2,41776,25761,00:40:15
5e89a2c080e958cd50ff27379cdc8ee2,41776,25761,00:40:16
b69b9514b7b7ab1f6d91a58692bf50da,42451,18921,00:38:41
565d084ca05b41e5a308fe79485b2bf6,41769,37521,00:43:23
1ad8b97ef199bdae6f30d44fbebd8c2b,41792,7741,00:43:33
1ad8b97ef199bdae6f30d44fbebd8c2b,41792,7741,00:43:33
3c56810411be11a808dffa7d4062b1e0,41776,25226,00:44:29
e55c301005a700151fd262f2393aecc1,41736,16321,00:44:47
e55c301005a700151fd262f2393aecc1,41736,16321,00:44:47
9928abcbe1229795c5ac176f2caadbb4,41832,41043,00:50:41
9928abcbe1229795c5ac176f2caadbb4,41832,41043,00:50:50
9052812c5d6ba2f32f7eef346acb42e8,41832,40203,00:51:58
9052812c5d6ba2f32f7eef346acb42e8,41832,40203,00:51:59
ee290f843eba53cc5c1d7bb7617a0d0d,54056,62162,00:52:49
eae80c346c152abf081a789a4e036e55,41792,7872,00:51:09
ed327742359e24740407d1d36335d9cb,9795,29513,00:47:54
cb0f36bd85e02d9fc05cba2a9e9e7b20,41792,28352,00:50:52
cb0f36bd85e02d9fc05cba2a9e9e7b20,41792,28352,00:51:09
6b2c1c3629a411ecc82ce9c3b6451e72,61863,835,00:51:18
6b2c1c3629a411ecc82ce9c3b6451e72,61863,835,00:51:20
9928abcbe1229795c5ac176f2caadbb4,41832,41043,00:51:36
9928abcbe1229795c5ac176f2caadbb4,41832,41043,00:51:41
7a48f63167d1aa79e13b4f6d8f390fc2,41745,39534,00:48:53
9052812c5d6ba2f32f7eef346acb42e8,41832,40203,00:52:37
74d4ed6c9d588dd261fe80650355a2fe,41768,29688,00:50:35
14d583601f46b859634ef1a66e5fffd1,55076,16501,00:55:29
d015f2426aebb6ed615625ec761ee356,42369,60303,00:55:53
d015f2426aebb6ed615625ec761ee356,42369,60303,00:55:53
8e8db3cd132423ab89d860dd0e4d87dd,41764,21421,00:57:49
c518f6fb5f3be4267e6f413bc7c0bc94,41029,12411,00:57:56
78b7c6dc090526818b0bac9520bcf130,63239,52862,00:58:31
78b7c6dc090526818b0bac9520bcf130,63239,52862,00:58:31
cd9743acc29ec142feba979fa79ad89b,41778,56485,01:00:19
cd9743acc29ec142feba979fa79ad89b,41778,56485,01:00:20
c518f6fb5f3be4267e6f413bc7c0bc94,41029,12411,01:00:01
91907c59b3ff8597299dca624f721ea8,41745,30033,01:01:43
932dd65140833c0e398088f3d5791f6d,41768,23213,01:02:58
932dd65140833c0e398088f3d5791f6d,41768,23213,01:02:58
28603838f3769c7b41184f449a04d272,41768,29585,01:04:57
28603838f3769c7b41184f449a04d272,41768,29585,01:04:57
4c37cdd0c12f4c3ee20a7cc592bccc5e,41736,5621,01:04:34
4c37cdd0c12f4c3ee20a7cc592bccc5e,41736,5621,01:04:34
4309415bab8dd05ede678eb3fb2f7a4a,61877,7891,01:04:51
4309415bab8dd05ede678eb3fb2f7a4a,61877,7891,01:04:51
eebffd272e7b0d502eb690b0a0482d3b,41736,6102,01:05:00
eebffd272e7b0d502eb690b0a0482d3b,41736,6102,01:05:00
27e4e23745f546b2fa064e96fadbe9f4,41822,53513,01:06:07
89adb3db84a44a19d32fbb975c366ead,33590,3487,01:08:49
89adb3db84a44a19d32fbb975c366ead,33590,3487,01:08:49
82601a2da5aaf36ef45264afb53de08f,41823,50666,01:09:17
82601a2da5aaf36ef45264afb53de08f,41823,50666,01:09:18
4a1f9d5a1f8761856705a208fade38cf,41736,32742,01:09:42
4a1f9d5a1f8761856705a208fade38cf,41736,32742,01:09:42
d8319858fb91aa8b1d844dd4d166ba8a,41753,3721,01:10:29
d8319858fb91aa8b1d844dd4d166ba8a,41753,3721,01:10:30
8d5b5506aa25faf2f4b4dd84207e82e7,41792,7163,01:09:27
bf19582dca86039647b9e0da2778ed0b,41744,824,01:10:18
8bdaae1303a3572911a432ff8de6db1c,41736,38011,01:11:45
8bdaae1303a3572911a432ff8de6db1c,41736,38011,01:11:45
f6551b65fed2f57f4fbd149e77ae53cf,47895,13082,01:13:10
f6551b65fed2f57f4fbd149e77ae53cf,47895,13082,01:13:13
6f36b9e3a1a7ceda642ed2fc0365c5a2,33590,27757,01:10:52
6f36b9e3a1a7ceda642ed2fc0365c5a2,33590,27757,01:10:54
8d5b5506aa25faf2f4b4dd84207e82e7,41792,7163,01:13:00
885ef28acf498aec0ac2dd292356e0df,41792,6964,01:14:36
885ef28acf498aec0ac2dd292356e0df,41792,6964,01:14:36
238468881377edeba9e1c117ae21b1b8,46442,7041,01:16:55
d6ac31393df9d923831deb3f7130a464,61827,342,01:18:55
d6ac31393df9d923831deb3f7130a464,61827,342,01:18:55
dad003327558094070ee0f559bf48f9d,41784,1732,01:18:19
dad003327558094070ee0f559bf48f9d,41784,1732,01:18:20
61de58308dc26bd98d0a3a5c57b52b6b,41736,17011,01:20:31
61de58308dc26bd98d0a3a5c57b52b6b,41736,17011,01:20:32
adefce15e12c02fb9f3ddbed4b109125,41771,32693,01:23:59
8fd22c2cdbc21781186a428815096eec,33591,20128,01:26:06
91de643b3242651146b7fe0912a0c738,41792,7143,01:25:01
91de643b3242651146b7fe0912a0c738,41792,7143,01:25:02
ebf66a102cfa7ed1107ef91ca797f991,57682,1551,01:25:13
ebf66a102cfa7ed1107ef91ca797f991,57682,1551,01:25:13
6bc03803e91fc52bd51f935774ec25a4,41852,61573,01:26:06
6bc03803e91fc52bd51f935774ec25a4,41852,61573,01:26:07
c4c952749113d541b7ae535d63ab6cd1,41744,28543,01:27:24
c4c952749113d541b7ae535d63ab6cd1,41744,28543,01:27:24
c2e3a56fb61e791ae64de4f329d96253,59300,10071,01:28:38
c2e3a56fb61e791ae64de4f329d96253,59300,10071,01:28:38
0dce5f6faa42e2627bea4e696ac6f0d3,61827,6501,01:28:57
e6a1d0a0e004c4f47e7736ae8bc8ffd4,61711,2825,01:30:13
c8e5fc2bf9a87bb8c3f6938a659e92a1,41848,59323,01:28:33
c8e5fc2bf9a87bb8c3f6938a659e92a1,41848,59323,01:28:33
eb2314288d5d91638cb9d43eb29c94db,41736,21701,01:30:42
eb2314288d5d91638cb9d43eb29c94db,41736,21701,01:30:53
eb2314288d5d91638cb9d43eb29c94db,41736,21701,01:31:07
eb2314288d5d91638cb9d43eb29c94db,41736,21701,01:31:09
6bc03803e91fc52bd51f935774ec25a4,41852,61573,01:29:51
6bc03803e91fc52bd51f935774ec25a4,41852,61573,01:30:41
1df4dc0b495d4917de3093a105163cc2,41784,1344,01:30:08
1df4dc0b495d4917de3093a105163cc2,41784,1344,01:30:08
3849629078a034f5c0729ab668a0fa25,9626,22003,01:30:06
3094aaaf4f2c934cff4a17e09b87a859,41773,54692,01:35:36
3094aaaf4f2c934cff4a17e09b87a859,41773,54692,01:35:37
3325cd6af11480de6c26481fd7dfab8f,41823,50022,01:35:44
3325cd6af11480de6c26481fd7dfab8f,41823,50022,01:35:44
56d6671f765589284785ddca6e50a2e7,41745,21823,01:35:30
03dd21f393121cfae0c60d7a3e0d964e,41744,46542,01:38:39
5b468e6826de3b5b86d58a67357d280f,61849,2012,01:37:23
5b468e6826de3b5b86d58a67357d280f,61849,2012,01:37:23
21aa3af62430ec225e4af508e36adc47,41792,7052,01:38:53
21aa3af62430ec225e4af508e36adc47,41792,7052,01:38:54
21aa3af62430ec225e4af508e36adc47,41792,7052,01:39:35
21aa3af62430ec225e4af508e36adc47,41792,7052,01:39:36
10ad1bb877cc29f77ccc4052f7e355c5,41764,8711,01:45:06
b1d6675aeb65090d54dbe8129e1ec556,61865,101,01:47:33
b1d6675aeb65090d54dbe8129e1ec556,61865,101,01:47:33
f2acfdefe216a0038d1ec4dc85c1e0ac,41784,22925,01:46:17
f2acfdefe216a0038d1ec4dc85c1e0ac,41784,22925,01:46:18
4a2182814a034355a0924174fb1139c1,41744,11203,01:45:03
4a2182814a034355a0924174fb1139c1,41744,11203,01:45:04
eb970b187818a5711929de624b0ebb99,41744,21473,01:47:56
827811abf31fb097641d15e411f73fad,41764,8645,01:48:23
827811abf31fb097641d15e411f73fad,41764,8645,01:48:23
b1d6675aeb65090d54dbe8129e1ec556,61865,101,01:48:42
b89f89742499a8d3209968a190e3c919,17514,30732,01:48:42
b89f89742499a8d3209968a190e3c919,17514,30732,01:48:44
d5b46d2b51995ae4f1b964066d5b8d53,41744,26091,01:50:43
d5b46d2b51995ae4f1b964066d5b8d53,41744,26091,01:50:44
ac3193f65e88d7b208ae3538b69e5d1a,41852,46933,01:49:00
5648aeb8c59de93f93ab4567b26354ff,41764,8942,01:52:39
2101961110290c81ec4e25011fcb1c61,41792,42833,01:53:16
2101961110290c81ec4e25011fcb1c61,41792,42833,01:53:16
165c5fdda1c1e10f143642498007eb5e,41736,5701,01:56:07
ed2748d86f3f735f5bc6757ea7b431f7,41792,41543,01:53:10
ed2748d86f3f735f5bc6757ea7b431f7,41792,41543,01:53:10
d5b46d2b51995ae4f1b964066d5b8d53,41744,26091,01:56:28
5912720814fa91480683187457a82868,41777,4462,01:57:11
5912720814fa91480683187457a82868,41777,4462,01:57:11
5912720814fa91480683187457a82868,41777,4462,01:57:58
5912720814fa91480683187457a82868,41777,4462,01:58:32
5912720814fa91480683187457a82868,41777,4462,01:58:43
5912720814fa91480683187457a82868,41777,4462,01:58:43
ac3193f65e88d7b208ae3538b69e5d1a,41852,46933,01:56:10
4be47304dfae04b9ddd5c4b05f856057,41778,53422,01:56:14
3c09b739df915d67845138c83a0ecbbd,41744,22835,01:59:05
748d7d7e3acf399c5fa699196b7505a2,41033,15211,02:01:00
58125cd4048557e28d58c139b4bb3057,41745,24566,02:04:57
f3816ae41eacf9fcd6e950816d2dccaf,41744,45253,02:06:42
f3816ae41eacf9fcd6e950816d2dccaf,41744,45253,02:06:42
f3816ae41eacf9fcd6e950816d2dccaf,41744,45253,02:07:40
f3816ae41eacf9fcd6e950816d2dccaf,41744,45253,02:07:40
b864c5579d97c92f5fed50abcd8bf9ca,41817,46803,02:08:05
b864c5579d97c92f5fed50abcd8bf9ca,41817,46803,02:08:07
af392371596bde50c7890dc87b39ff96,49562,10973,02:08:48
af392371596bde50c7890dc87b39ff96,49562,10973,02:08:48
eda7f6bfce573940d82e52acb6d71e80,41764,45952,02:05:58
eda7f6bfce573940d82e52acb6d71e80,41764,45952,02:05:59
a72a9de26a73454762aecf4c4d66845f,41736,23003,02:11:38
a72a9de26a73454762aecf4c4d66845f,41736,23003,02:11:39
557790af13603ba93ffbfb051c5a75ea,41792,7184,02:11:56
557790af13603ba93ffbfb051c5a75ea,41792,7184,02:11:56
7e95d8a2fbaa0a9d085457fb78616e75,41760,31501,02:13:36
7e95d8a2fbaa0a9d085457fb78616e75,41760,31501,02:13:36
1b7ff9238dfd84cb9f95f49cf4d86907,41744,26777,02:12:06
b3339293e332517d8d1c6a9f90050b59,41769,4011,02:15:16
b3339293e332517d8d1c6a9f90050b59,41769,4011,02:15:16
1e6f1b2df685d53040daafb0c65e636c,49415,11812,02:18:10
1e6f1b2df685d53040daafb0c65e636c,49415,11812,02:18:10
4ba3d592e0d1e27b19a45ad11ef0dc11,41745,42372,02:22:41
1e6f1b2df685d53040daafb0c65e636c,49415,11812,02:25:23
11965bf0251a753b63068aeb60fb9755,41792,7951,02:28:00
b13dd30c664cbaee8dc6149183219426,58301,46022,02:32:57
b13dd30c664cbaee8dc6149183219426,58301,46022,02:32:58
a41a38acf90610f9df38567afa44c0a5,62752,33381,02:34:22
a41a38acf90610f9df38567afa44c0a5,62752,33381,02:34:23
a41a38acf90610f9df38567afa44c0a5,62752,33381,02:35:14
aa9f8626e37b2ad8d28963ce84d00384,41760,36303,02:36:18
a999d407df7c4306b83149725e1a6035,41745,2356,02:44:34
a999d407df7c4306b83149725e1a6035,41745,2356,02:44:35
d33b07676c6f4b1dfcb51c4a34d0210a,41784,38111,02:44:43
d33b07676c6f4b1dfcb51c4a34d0210a,41784,38111,02:44:43
36986fb7f6fbc896005f7accff7af766,41744,39262,02:51:44
71d0fb4af53f267a2c52b3c5d146522e,41744,202,02:55:35
acdc80f2575727d8762992a3eaa761eb,41744,45612,02:59:29
acdc80f2575727d8762992a3eaa761eb,41744,45612,02:59:29
b66949a2934c4a1bb61a9dc6d0cc386b,41760,3952,03:04:17
b66949a2934c4a1bb61a9dc6d0cc386b,41760,3952,03:04:18
900e0dd02973e6ca1ebecea39bf496a8,41764,9053,03:11:41
900e0dd02973e6ca1ebecea39bf496a8,41764,9053,03:11:41
900e0dd02973e6ca1ebecea39bf496a8,41764,9053,03:11:56
900e0dd02973e6ca1ebecea39bf496a8,41764,9053,03:12:01
25331d5e39a195a8aa86ef11e9025274,45312,21511,03:15:15
25331d5e39a195a8aa86ef11e9025274,45312,21511,03:15:15
103854a0a898c49ec2a1d20797f5979c,41736,6071,03:20:05
103854a0a898c49ec2a1d20797f5979c,41736,6071,03:20:05
103854a0a898c49ec2a1d20797f5979c,41736,6071,03:20:35
103854a0a898c49ec2a1d20797f5979c,41736,6071,03:20:35
995eb760b465bcf262e3ec50a86d0300,41744,46773,03:22:44
7a9a3e93dffcc129d480e01c860329c9,41792,7878,03:27:40
b80bafcf2ab0b98c14e917b31da01d7b,41768,36042,03:29:26
ccef8f46b1a0a08b60937b26813fe028,41744,42951,03:33:39
ccef8f46b1a0a08b60937b26813fe028,41744,42951,03:33:39
7c4bb1cdd3c5aa451e47e4b7ee7b424c,41792,42833,03:30:33
7c4bb1cdd3c5aa451e47e4b7ee7b424c,41792,42833,03:30:33
1b0cadc258b4277bb614890fa3dc37fb,41777,22501,03:43:14
1b0cadc258b4277bb614890fa3dc37fb,41777,22501,03:43:15
33877eecb9b7d6c5d10ae560939db2aa,41768,29931,03:45:37
33877eecb9b7d6c5d10ae560939db2aa,41768,29931,03:45:37
1b0cadc258b4277bb614890fa3dc37fb,41777,22501,03:46:15
8813a66e65287f2f7aa78f0a6b01e292,41071,12522,03:54:46
4a765528365f2b05aa4166469cfab501,41792,7682,04:04:24
4a765528365f2b05aa4166469cfab501,41792,7682,04:04:32
25420f928f8365c28258a37be593bea1,41764,40612,04:11:57
25420f928f8365c28258a37be593bea1,41764,40612,04:11:57
2d522307be9ff4a6080bf4b2693506a0,8560,1682,04:18:41
f6033f9c354996b4996c51480bba785d,41768,56505,04:25:01
f6033f9c354996b4996c51480bba785d,41768,56505,04:25:14
f2d1a4e9d19048cf6a77ea45b52070af,41792,23461,04:30:32
0593981f19c026c225cb31334444c356,33581,10542,04:36:10
f283e6a73b699b82dd5e06df54381793,41822,50322,04:35:54
3cba3a5112c23003ec3a4a040d29048d,41744,45253,04:58:56
28b3278ac9afdf9ae2dfff5664591a5c,33594,10100,05:08:41
a240753781a35d58cb26276082428601,54065,53553,05:05:21
a240753781a35d58cb26276082428601,54065,53553,05:05:22
a606f0a5bd61c2056cd575f35eacab4c,35090,12233,05:22:13
a606f0a5bd61c2056cd575f35eacab4c,35090,12233,05:22:14
e5e088a892aeafce5af786dd02ba9ebd,41778,26252,05:28:34
185080baa6fd6c77ac9d81211c3e574e,43048,10813,05:29:06
466eb7093db5eddbd1ce482b9ed23753,41768,31322,05:31:50
466eb7093db5eddbd1ce482b9ed23753,41768,31322,05:31:50
50ff5baad35ad9020b8eafdb1f3c4a82,41773,27472,05:35:28
50ff5baad35ad9020b8eafdb1f3c4a82,41773,27472,05:35:29
77a0709c3be61f3999d7e2d0ebbd47ea,41817,49391,05:39:43
77a0709c3be61f3999d7e2d0ebbd47ea,41817,49391,05:39:43
0863479f769bfbf398dbc27aa9ebd587,41760,24436,05:44:37
0863479f769bfbf398dbc27aa9ebd587,41760,24436,05:44:37
2a6c3c05ef9bdd86ef7abd4833f8e316,33582,18921,05:50:15
fbcb7be76cf9afb99afa5a788e1cdb84,33577,4700,05:58:31
fbcb7be76cf9afb99afa5a788e1cdb84,33577,4700,05:58:33
fde8e8a0ca3f0a3146db998a89687ca6,41821,2782,05:55:33
fde8e8a0ca3f0a3146db998a89687ca6,41821,2782,05:55:33
f78029cbcd5c66aaf6da58709f4ddd7a,41764,15062,05:55:44
f78029cbcd5c66aaf6da58709f4ddd7a,41764,15062,05:55:44
b402791d4e9b20c664706743d44cf0da,61892,263,05:51:43
fbcb7be76cf9afb99afa5a788e1cdb84,33577,4700,05:58:58
fbcb7be76cf9afb99afa5a788e1cdb84,33577,4700,06:00:45
402956b6320146a242bf1ff13d305d16,41764,191,06:01:42
402956b6320146a242bf1ff13d305d16,41764,191,06:01:43
8b229afe344509a173e5b63f770be6ff,33598,56542,06:03:57
fbe182980f1c693ef0a2d1dcd829de88,33598,55973,06:04:54
fbe182980f1c693ef0a2d1dcd829de88,33598,55973,06:04:54
2edd2afdc95721ad486997235b085969,33574,54681,06:08:34
f92162c0352a505fcc16f617e0cdce30,33582,23654,06:07:39
1a72efa9c3f5250238b52ee4718d874f,47025,28533,06:07:48
293be877b0cb85515ad9d16bfe684001,33597,18518,06:11:01
293be877b0cb85515ad9d16bfe684001,33597,18518,06:11:04
abbf2aef5d8ff2e845185725db0890b5,63330,30162,06:11:13
abbf2aef5d8ff2e845185725db0890b5,63330,30162,06:11:14
abbf2aef5d8ff2e845185725db0890b5,63330,30162,06:11:16
abbf2aef5d8ff2e845185725db0890b5,63330,30162,06:11:16
bb132198381971fc12e0456aef7f926f,41745,1751,06:16:46
bb132198381971fc12e0456aef7f926f,41745,1751,06:16:46
b26f992e572414cbe94f036b295c931b,38234,34093,06:10:56
b62f676ea55aab8222ef74dd9ca3ed67,33040,3186,06:16:32
c4bd8cf50f68536f22684216429d4d03,61789,1382,06:15:19
6c5df33db36d2f43ca746946aff37c49,41768,37305,06:19:27
5069a0b4e0d5296038e82ec47bc83e34,41792,7942,06:21:02
5069a0b4e0d5296038e82ec47bc83e34,41792,7942,06:21:03
ffa21b79c38ffa54c182c4d385020250,41821,54562,06:23:58
ffa21b79c38ffa54c182c4d385020250,41821,54562,06:23:59
234525af70f480274026d71c691e71c1,41744,181,06:25:44
234525af70f480274026d71c691e71c1,41744,181,06:25:44
4d8a7a839057ed3c6e72fca569aee957,55170,279,06:26:54
4d8a7a839057ed3c6e72fca569aee957,55170,279,06:26:54
d4549f507d0ded89ee4e344e07f122ba,61710,30943,06:25:24
e42b4c0f437e017da1aa67eb16a73300,33565,2182,06:28:10
e0bce4ae351b6cca9709ff08c88e13ec,41768,23282,06:28:35
e0bce4ae351b6cca9709ff08c88e13ec,41768,23282,06:28:35
10f0e24718e60c085dfe50bdd4796155,41764,41373,06:31:08
ff13938e68880f40131f0c34a4d0b82c,41736,5371,06:31:04
770a66c835fcbc26bc048e8aa977d410,41820,54721,06:34:12
770a66c835fcbc26bc048e8aa977d410,41820,54721,06:34:13
4c65a1109b902256cb8600d348da7e2d,41773,28741,06:32:54
4c65a1109b902256cb8600d348da7e2d,41773,28741,06:32:54
95cce7ec066331ee64f1dbf35df6fe2d,41768,23502,06:32:20
ff13938e68880f40131f0c34a4d0b82c,41736,5371,06:33:22
bb51689618a6cd38b8b9bbad71bb3faa,41817,48721,06:37:37
bb51689618a6cd38b8b9bbad71bb3faa,41817,48721,06:37:38
e9cc34d91815136af824051dfe58e5e4,41792,18143,06:37:09
cd536a3d48b91e0c6a1d47a42feef13d,41777,2824,06:39:09
cd536a3d48b91e0c6a1d47a42feef13d,41777,2824,06:39:09
d68ce8cb307ecf38b7c26090a8bdda36,41744,9690,06:39:16
46ff9507af32f0e8466d69000225c4be,41760,4132,06:38:08
46ff9507af32f0e8466d69000225c4be,41760,4132,06:38:08
be56b02c43e01942f92deb2641b615c1,41816,49423,06:41:04
463d17ad55ea666f44605ff8ccf57baa,7830,15122,06:40:16
1ab7d2db8a7c5b9eb86c117cba690752,41792,40422,06:39:58
09716c4b9e6d0eaaf1224050ab021ae2,41784,22446,06:43:15
09716c4b9e6d0eaaf1224050ab021ae2,41784,22446,06:43:15
322609c13e119c517b19a5fbd059a012,41736,42631,06:41:46
46ff9507af32f0e8466d69000225c4be,41760,4132,06:41:58
7fd2704fac2946a5d2c397fef106eb83,54063,48143,06:42:26
9f55c4683c5620db86575675d5387b7f,33557,35301,06:41:26
7437affa155f32bce0c3d2ee1cfc702c,41764,31074,06:42:35
6f11b9075713fa45dfc1c03e127932dc,41764,9222,06:43:59
6f11b9075713fa45dfc1c03e127932dc,41764,9222,06:43:59
f40faae8d4288566b6bd9ea84716e78b,47877,13251,06:46:42
5aef6a9d552bc23c5504dcb00a8005b6,41780,37941,06:48:39
1452aa37e782e2ebc37e410cf28e39d8,41792,39594,06:50:01
1452aa37e782e2ebc37e410cf28e39d8,41792,39594,06:50:01
afeaefca2d5fbdae0dd338a1e30d01a3,33567,20011,06:53:57
afeaefca2d5fbdae0dd338a1e30d01a3,33567,20011,06:53:57
e1ddbbe842ec9fd7342b377fcf1b4be1,40993,21931,06:50:50
dc3bcd8d6508858f2ad81eeb107b1712,41768,23204,06:51:05
dc3bcd8d6508858f2ad81eeb107b1712,41768,23204,06:51:05
1e5d7703f7750c60ba6e95692297f348,41778,33421,06:54:00
1e5d7703f7750c60ba6e95692297f348,41778,33421,06:54:00
04663e553a53588a12fc70629373b1d4,63238,44901,06:53:25
04663e553a53588a12fc70629373b1d4,63238,44901,06:53:25
64dbd345f780785a2352786685cd7496,41821,54612,06:55:14
64dbd345f780785a2352786685cd7496,41821,54612,06:55:14
3153131dcbde5caa9a129ffbe9456995,41773,34506,06:59:20
3153131dcbde5caa9a129ffbe9456995,41773,34506,06:59:20
1ddcef406b8e2cb68ac005b10da01693,41784,1951,07:01:40
1ddcef406b8e2cb68ac005b10da01693,41784,1951,07:01:40
1ddcef406b8e2cb68ac005b10da01693,41784,1951,07:03:26
fc14ffe0a9d5b647bf866c2150d198c2,41833,42413,07:04:44
fc14ffe0a9d5b647bf866c2150d198c2,41833,42413,07:05:52
b7bee1a0f7e492135d290a5076839166,33586,2139,07:06:33
b7bee1a0f7e492135d290a5076839166,33586,2139,07:06:34
9b8ce0b09450c1707a476e7168d9e167,33582,21962,07:04:51
9b8ce0b09450c1707a476e7168d9e167,33582,21962,07:04:52
3b04a72e6a695099098c52d3ac0fd38f,41744,686,07:05:56
3b04a72e6a695099098c52d3ac0fd38f,41744,686,07:05:57
0abad0970b57626f16d0de571db66990,41776,55302,07:05:56
0abad0970b57626f16d0de571db66990,41776,55302,07:05:56
c05d9c53d8bf7ffc16672c504d1c4868,41744,1073,07:06:34
c05d9c53d8bf7ffc16672c504d1c4868,41744,1073,07:06:34
8fedb0e718ae9050dec2483de22c3f79,41853,61332,07:06:57
7f5fcb65c2068f7a75215faeaa813c22,41744,22711,07:07:53
e14bac852c94ffa2f892db426c0de996,33151,35032,07:09:10
1f23fa850bbf5ca7e4127dca6a18bb2c,61893,1762,07:10:09
1f23fa850bbf5ca7e4127dca6a18bb2c,61893,1762,07:10:10
740dab14712ddfcdf7e41abacca515f7,41853,61083,07:07:55
740dab14712ddfcdf7e41abacca515f7,41853,61083,07:07:55
7f5fcb65c2068f7a75215faeaa813c22,41744,22711,07:10:07
4f8ebfc2c7994d5c26a092ceec974c2c,41768,52942,07:10:12
4f8ebfc2c7994d5c26a092ceec974c2c,41768,52942,07:10:12
42fff37fe5e2339e0e10b6816dcf9187,41853,47783,07:12:50
a11d83befcb9e69bd8e1d5d8faeed135,41792,31911,07:12:20
90177b61c9a278c58e7241891007538f,41778,3601,07:13:40
90177b61c9a278c58e7241891007538f,41778,3601,07:13:40
d6b118dc75f726ef030f8271df807bcc,41752,2752,07:15:29
d6b118dc75f726ef030f8271df807bcc,41752,2752,07:15:29
ee50da98b3580267d806a7c660b85f3b,8403,2251,07:13:54
95d1807d9874725de9e4a4decc25aac7,41736,6306,07:16:02
95d1807d9874725de9e4a4decc25aac7,41736,6306,07:16:02
dcdbc0e3e122bd930bb17081bb8cd73a,64768,4812,07:16:48
cd273176ca137980f0c8c2ab39db1333,41769,23831,07:21:06
cd273176ca137980f0c8c2ab39db1333,41769,23831,07:21:06
c25e79f5b4ccda6cddb7ff44ba423b29,50437,55441,07:21:18
c25e79f5b4ccda6cddb7ff44ba423b29,50437,55441,07:21:18
17a47c1de16885c3bf6c25a82f52c985,58656,48628,07:21:01
17a47c1de16885c3bf6c25a82f52c985,58656,48628,07:21:01
04da26ee43e0e9d0f73f4e21b7eddc7b,42258,44947,07:21:51
04da26ee43e0e9d0f73f4e21b7eddc7b,42258,44947,07:21:51
abce588be38eadc779da8d1efd3c91d3,20840,1822,07:23:12
abce588be38eadc779da8d1efd3c91d3,20840,1822,07:23:13
abce588be38eadc779da8d1efd3c91d3,20840,1822,07:25:38
e07409e564065ab0f4cf43c0873e0a93,40993,21931,07:26:36
e07409e564065ab0f4cf43c0873e0a93,40993,21931,07:26:36
8d47ba1680d4f38c15898319b453bd27,41792,7454,07:28:05
8d47ba1680d4f38c15898319b453bd27,41792,7454,07:28:05
a0ced9d4bae73c7626a550e5fb86213c,41745,45743,07:27:36
a0ced9d4bae73c7626a550e5fb86213c,41745,45743,07:27:40
7507a1a260ce73ab307a3ecbb745593c,41756,33293,07:29:18
7507a1a260ce73ab307a3ecbb745593c,41756,33293,07:29:18
9d67f75adc6f92ef466680a16afd280d,61788,13781,07:28:44
9d67f75adc6f92ef466680a16afd280d,61788,13781,07:28:44
4e54fbf9a18e3085f0e4378baa41e229,41778,50952,07:29:21
7d72eda7a220ab0dbac67876d3f38213,41792,32145,07:30:39
7d72eda7a220ab0dbac67876d3f38213,41792,32145,07:30:39
32201b7b27d3358c80901950c634d41d,41821,51371,07:31:29
4d6a3efa6371c881e5709fbe3e7fd2cf,33552,19258,07:32:13
faef530fbc6a61d6df35196714b289d2,41744,30235,07:32:22
faef530fbc6a61d6df35196714b289d2,41744,30235,07:32:23
c9f524d640dfdcfcf4f3f42e638298a2,41771,53341,07:32:29
c570269f485a55f3b21adb1859b0486a,41745,46781,07:33:45
8e27a78cf0b54c1e79df880a0e7663e5,59201,30322,07:34:24
8e27a78cf0b54c1e79df880a0e7663e5,59201,30322,07:34:26
29e84ba3871b7164f04a7bba8063e6f5,41760,26611,07:33:26
29e84ba3871b7164f04a7bba8063e6f5,41760,26611,07:33:26
224804b931dfccaf5acc1e0caf5f9be6,41736,11021,07:34:51
224804b931dfccaf5acc1e0caf5f9be6,41736,11021,07:34:52
0630d93823e9df770e954aa65b7e0390,41768,26943,07:35:12
730a731baa5d1ca3b8feccb8a3811299,41816,49983,07:35:12
730a731baa5d1ca3b8feccb8a3811299,41816,49983,07:35:12
16c89e52b15c06cff20ac2731cbc04eb,41760,4351,07:33:32
b78e489cd2bc0d4ac7a5ce8c551ec71a,41760,3983,07:33:18
b78e489cd2bc0d4ac7a5ce8c551ec71a,41760,3983,07:33:18
38a17ed63e7a6d936bced46db6f6cd58,41764,40611,07:35:54
38a17ed63e7a6d936bced46db6f6cd58,41764,40611,07:35:54
b6f5bef9a40b9b6390bec2a0e3f08c21,41744,20123,07:35:31
b6f5bef9a40b9b6390bec2a0e3f08c21,41744,20123,07:35:31
1559a3a184de28ace3a6a71e79c5795d,44055,30162,07:36:27
1559a3a184de28ace3a6a71e79c5795d,44055,30162,07:36:28
d6b10f1a0a05cd945150f32c0a18bc43,45894,20411,07:40:56
d6b10f1a0a05cd945150f32c0a18bc43,45894,20411,07:40:56
5669ec4a17ccee4c45b09574b30649f9,61837,3292,07:43:01
5669ec4a17ccee4c45b09574b30649f9,61837,3292,07:43:01
88876fb21014a60c18b459592409df20,14137,64278,07:43:18
88876fb21014a60c18b459592409df20,14137,64278,07:45:04
3e7088233a5d2047057e698b6fd28451,41792,39463,07:43:54
3e7088233a5d2047057e698b6fd28451,41792,39463,07:43:54
dd6a80d99dbdd5649095151bdc607716,43017,47181,07:44:45
dd6a80d99dbdd5649095151bdc607716,43017,47181,07:44:45
85bc2035f4f57e8576935c87c2b01341,41768,26722,07:46:56
85bc2035f4f57e8576935c87c2b01341,41768,26722,07:46:56
0e9e87316a699d5a864befe136e4ab46,41744,39154,07:46:17
0e9e87316a699d5a864befe136e4ab46,41744,39154,07:46:17
9f69d1aa24d9525b4df6399256e147ee,41736,39419,07:47:04
9f69d1aa24d9525b4df6399256e147ee,41736,39419,07:47:04
9b0724212ad96fe606c815a4a5c088e0,41736,45131,07:49:53
9b0724212ad96fe606c815a4a5c088e0,41736,45131,07:49:53
60bbd18654ba64c09383c083d90bfe3e,57624,14105,07:49:08
60bbd18654ba64c09383c083d90bfe3e,57624,14105,07:49:08
60bbd18654ba64c09383c083d90bfe3e,57624,14105,07:49:35
60bbd18654ba64c09383c083d90bfe3e,57624,14105,07:49:35
b4b7771b988442c6ba72ddfb6e7c5a98,41769,36353,07:49:11
b4b7771b988442c6ba72ddfb6e7c5a98,41769,36353,07:49:11
520a59305eb81a6635dd2cd2845dc1e7,41760,3985,07:50:33
520a59305eb81a6635dd2cd2845dc1e7,41760,3985,07:50:34
111cc3352b57381d4de1a8b656278a96,41756,32243,07:50:46
111cc3352b57381d4de1a8b656278a96,41756,32243,07:50:46
c5863f9d64cb5a8af1d7cfd9b913b4f7,41792,38995,07:51:41
c5863f9d64cb5a8af1d7cfd9b913b4f7,41792,38995,07:51:42
d6c36da9af588d1dd8f8802ee3a11f2d,41816,55062,07:52:25
d6c36da9af588d1dd8f8802ee3a11f2d,41816,55062,07:52:25
e45445c59169b900bb6966fc1e0de710,41744,1725,07:53:02
e45445c59169b900bb6966fc1e0de710,41744,1725,07:53:03
f44e25121b1fcabd1eae5e4e53f3a4f5,41736,23403,07:53:28
f44e25121b1fcabd1eae5e4e53f3a4f5,41736,23403,07:53:28
1324e6c55123eb6542045550cee41b14,29968,41042,07:53:05
1324e6c55123eb6542045550cee41b14,29968,41042,07:53:07
ebcfa0970119b5750555edf89afc1263,41760,26619,07:53:50
ebcfa0970119b5750555edf89afc1263,41760,26619,07:53:51
fb5d4aef9456986072ce5e901efc9a03,41760,39031,07:53:27
fb5d4aef9456986072ce5e901efc9a03,41760,39031,07:53:27
19dd410b72e9fde1603c747ea1bc48ab,41736,23423,07:54:22
699fb3437ed12f9d53b34196fb7a79dc,41745,2311,07:54:41
f3d178551de8dce92d044db261d24d1a,63314,444,07:54:30
f3d178551de8dce92d044db261d24d1a,63314,444,07:54:30
2388819b7010f9799d40829306ce9ff8,33562,29316,07:55:51
2388819b7010f9799d40829306ce9ff8,33562,29316,07:55:52
0cb3bf4511c3ab2ac156f9193fed1d96,46380,7951,07:55:09
0cb3bf4511c3ab2ac156f9193fed1d96,46380,7951,07:55:10
470a16579eb50e7adadbb2cb3fe737bc,33557,30840,07:58:29
470a16579eb50e7adadbb2cb3fe737bc,33557,30840,07:58:29
0cb3bf4511c3ab2ac156f9193fed1d96,46380,7951,07:57:22
0cb3bf4511c3ab2ac156f9193fed1d96,46380,7951,07:57:22
fd36465b80b96120c5914a8e2b2043da,33596,18010,07:58:04
fd36465b80b96120c5914a8e2b2043da,33596,18010,07:58:05
4d65dc59bb7ca8c1a9d1c4a8f959eec7,41744,41731,07:59:51
4d65dc59bb7ca8c1a9d1c4a8f959eec7,41744,41731,07:59:51
77c850c04e64057b6214029053613f83,41760,4326,08:02:17
77c850c04e64057b6214029053613f83,41760,4326,08:02:17
410c6b790c0a71e09597855e07de0919,41771,48802,08:00:58
410c6b790c0a71e09597855e07de0919,41771,48802,08:01:16
e1ce3c682c581d46e12f675ede4cda1c,41777,24463,08:00:49
e1ce3c682c581d46e12f675ede4cda1c,41777,24463,08:00:49
bfb25a07f912294450aab5f49395588e,41853,61324,08:02:44
bfb25a07f912294450aab5f49395588e,41853,61324,08:02:44
bfc7beb68e5ca5c9cecdd1c329574a12,41736,6743,08:03:27
bfc7beb68e5ca5c9cecdd1c329574a12,41736,6743,08:03:27
d07b850040ca6d56a04cb4af20b3bf0f,41792,26542,08:04:06
d07b850040ca6d56a04cb4af20b3bf0f,41792,26542,08:04:07
94801a0c0499e2cbbc679ffefb1897d6,41853,63186,08:05:18
94801a0c0499e2cbbc679ffefb1897d6,41853,63186,08:05:18
ffa5905ed74e2d5711cc0dacf0f54e40,41745,10102,08:06:43
ffa5905ed74e2d5711cc0dacf0f54e40,41745,10102,08:06:43
4597d95cf161f32129caca5babbd03cd,41848,59134,08:07:33
4597d95cf161f32129caca5babbd03cd,41848,59134,08:07:34
7ab65fa62b2e47df66f5bd77fdbfbba2,41756,29312,08:05:20
1da3c86745f85991afdc318728eff048,41736,13751,08:09:16
1da3c86745f85991afdc318728eff048,41736,13751,08:09:16
b5ff1e7632ba960498f662963fbe3666,41752,3553,08:09:14
b5ff1e7632ba960498f662963fbe3666,41752,3553,08:09:14
e5dd77eebcb2ef52d2985e442835c6f0,41760,38791,08:09:18
e5dd77eebcb2ef52d2985e442835c6f0,41760,38791,08:09:18
75c5fc6049540bc6bed4bae36b2fd8e4,41784,44448,08:10:21
75c5fc6049540bc6bed4bae36b2fd8e4,41784,44448,08:10:21
49d3e448c94442f5f2f2b886a294a63f,41745,2342,08:11:44
49d3e448c94442f5f2f2b886a294a63f,41745,2342,08:11:44
8dc393ace92d9bd50683d9925aa97f29,41744,47871,08:09:47
fdc1d4d3bda320a019d3537e52f2c99e,63299,2062,08:13:21
fdc1d4d3bda320a019d3537e52f2c99e,63299,2062,08:13:21
cee0a5ca40929fed552bd39444de54e1,41764,8915,08:14:19
76b89566cdb239a4afbbcc352e261cdf,41745,2312,08:17:54
76b89566cdb239a4afbbcc352e261cdf,41745,2312,08:17:55
226082b0ddf804367c89e3eea4307295,41760,44585,08:19:22
9475c2b61cdabc5e46670311c7c18d99,41848,45161,08:18:46
9475c2b61cdabc5e46670311c7c18d99,41848,45161,08:18:46
9475c2b61cdabc5e46670311c7c18d99,41848,45161,08:19:10
9475c2b61cdabc5e46670311c7c18d99,41848,45161,08:20:09
5b495d867032c18785bc9f32700b46f4,41832,61051,08:20:05
5b495d867032c18785bc9f32700b46f4,41832,61051,08:20:05
6d4b45f9bb1da6705e119f9fe732e4f9,41760,10812,08:20:10
6d4b45f9bb1da6705e119f9fe732e4f9,41760,10812,08:20:11
cc7a86abe4c1b8eb5e939497e886bdb8,41768,1482,08:21:19
cc7a86abe4c1b8eb5e939497e886bdb8,41768,1482,08:21:20
c0600c4526abd1f6ae4ee5ee5f9fd7ba,41736,5331,08:23:33
c0600c4526abd1f6ae4ee5ee5f9fd7ba,41736,5331,08:23:34
d17496fcad6cc06311d030b2a82ff67b,46581,5483,08:23:24
d17496fcad6cc06311d030b2a82ff67b,46581,5483,08:23:24
af22395e662f1662a227a3bd761b3801,41736,5674,08:23:22
af22395e662f1662a227a3bd761b3801,41736,5674,08:23:22
b33430307cede77b9daa9d784beefd00,41771,51553,08:24:07
b33430307cede77b9daa9d784beefd00,41771,51553,08:24:08
4324192c42f0090e7198dbc044f8da8e,41776,54633,08:24:45
4324192c42f0090e7198dbc044f8da8e,41776,54633,08:24:45
26f98bebd07ec5c1f065c933736ecb8a,41744,45252,08:26:38
0320011b5de9951b0287df2d19ab9b8f,41784,31643,08:26:05
0320011b5de9951b0287df2d19ab9b8f,41784,31643,08:26:05
475080212ab2d5ebbc2099d8a104c824,41745,2302,08:26:49
a17a301b52bacb9084cd9a6f7c80c94b,41784,1942,08:27:00
a17a301b52bacb9084cd9a6f7c80c94b,41784,1942,08:27:01
c63e9f5b509a1238c7911ccbd7901c94,53508,4571,08:27:09
c63e9f5b509a1238c7911ccbd7901c94,53508,4571,08:27:10
a17a301b52bacb9084cd9a6f7c80c94b,41784,1942,08:28:24
a17a301b52bacb9084cd9a6f7c80c94b,41784,1942,08:28:25
1d84107861c44e27d4d3d85d921b5fcd,41817,48201,08:26:44
3854f7f650baedc1ffc7f6c616aa1b71,58636,2219,08:30:16
3854f7f650baedc1ffc7f6c616aa1b71,58636,2219,08:30:17
a41225ec669669af92282ae2eba4bfcd,41784,2523,08:31:13
5206505b28164ebd80b49014ad9c3b36,33557,34971,08:33:34
5206505b28164ebd80b49014ad9c3b36,33557,34971,08:33:35
b33430307cede77b9daa9d784beefd00,41771,51553,08:35:15
745d8af66ad4cff989c019cf9ac0f006,41760,33134,08:36:00
745d8af66ad4cff989c019cf9ac0f006,41760,33134,08:36:00
db27585e5c1b559f69e53e32da275049,41753,33373,08:36:18
db27585e5c1b559f69e53e32da275049,41753,33373,08:36:18
6b1cbc4ea814c902d220b81ac737a66b,41832,45801,08:37:13
6b1cbc4ea814c902d220b81ac737a66b,41832,45801,08:37:13
ef0108d11f64df100e49b9f95bf1a300,41777,54506,08:39:04
ef0108d11f64df100e49b9f95bf1a300,41777,54506,08:39:04
296d24a8ca43892a300acb694adab97b,61897,1772,08:38:58
296d24a8ca43892a300acb694adab97b,61897,1772,08:38:59
dac691d62ad5474c473b5c68bf46c01f,41744,11592,08:39:58
dac691d62ad5474c473b5c68bf46c01f,41744,11592,08:39:59
f4447577135b028d51801798a862cca5,41824,2011,08:37:38
94ed6f20ee34c6e49de9c1b8b682757d,41777,32063,08:41:49
94ed6f20ee34c6e49de9c1b8b682757d,41777,32063,08:41:51
69c919cdc36966fe00d797b5888cc973,41768,53201,08:41:59
69c919cdc36966fe00d797b5888cc973,41768,53201,08:42:00
c7021e2c6b55c7171e877ef203e3ddfa,41771,27851,08:42:17
c7021e2c6b55c7171e877ef203e3ddfa,41771,27851,08:42:17
0a3b79633e847f3c87c8185f5e22cc71,41736,5373,08:42:46
0a3b79633e847f3c87c8185f5e22cc71,41736,5373,08:42:47
7338a653d165564b43344330d40389f3,33580,23308,08:42:43
eaff7d27ad37f913ef8c1f831ee06a87,41784,46471,08:41:51
eaff7d27ad37f913ef8c1f831ee06a87,41784,46471,08:41:51
9372f9ca569994bba1ad4ce51c03a9d2,41816,47583,08:43:41
9372f9ca569994bba1ad4ce51c03a9d2,41816,47583,08:43:42
ed075bef6ec61e90a875f17bc33678f9,61703,2284,08:43:06
ed075bef6ec61e90a875f17bc33678f9,61703,2284,08:43:06
f070223b4c4e9580b0040cc8b1419824,41745,10103,08:44:08
f070223b4c4e9580b0040cc8b1419824,41745,10103,08:44:08
abc636d4ae9f375f639912397b5f6e3f,41768,26853,08:44:30
abc636d4ae9f375f639912397b5f6e3f,41768,26853,08:44:30
ed075bef6ec61e90a875f17bc33678f9,61703,2284,08:44:42
e24c0691f34560d1ad5c98a9bf121fd3,8441,35362,08:45:57
e24c0691f34560d1ad5c98a9bf121fd3,8441,35362,08:46:00
63093f159841654ffaf2a819ad4d9921,41768,8511,08:46:30
63093f159841654ffaf2a819ad4d9921,41768,8511,08:46:30
534455362108a3189cac50e3b2761019,41736,28671,08:48:47
534455362108a3189cac50e3b2761019,41736,28671,08:48:47
6e97325e6969e0e44a577723562cd062,41744,1293,08:49:55
6e97325e6969e0e44a577723562cd062,41744,1293,08:49:56
21143985ff3953f49f9f6f8b9a2f0afd,41760,31501,08:49:39
21143985ff3953f49f9f6f8b9a2f0afd,41760,31501,08:49:39
be97fa343c4817ec86fc24edffba6372,41752,9765,08:50:45
be97fa343c4817ec86fc24edffba6372,41752,9765,08:50:46
99a84dd7c0ae13d3a6df577f7dab026a,41745,45746,08:51:02
99a84dd7c0ae13d3a6df577f7dab026a,41745,45746,08:51:02
b208e1b8ae30e3db296d7e4c316d7a2e,41853,46523,08:51:09
b208e1b8ae30e3db296d7e4c316d7a2e,41853,46523,08:51:09
99a84dd7c0ae13d3a6df577f7dab026a,41745,45746,08:52:06
83544ea9bc75dc600f251e1255b9c771,41745,46753,08:52:33
83544ea9bc75dc600f251e1255b9c771,41745,46753,08:52:34
6f8bfc1214b401a560f6ecc613fe49a0,41784,38142,08:53:10
6f8bfc1214b401a560f6ecc613fe49a0,41784,38142,08:53:11
f1b9a0b194f9994b44612dba58ac20df,41768,55401,08:52:38
f1b9a0b194f9994b44612dba58ac20df,41768,55401,08:52:39
f30de138a4301dd7bf6fce3795c95d85,41823,50661,08:54:04
f30de138a4301dd7bf6fce3795c95d85,41823,50661,08:54:04
f1c1f8e9da9aa7f97ae8ec488dda2dde,41778,27444,08:53:42
f1c1f8e9da9aa7f97ae8ec488dda2dde,41778,27444,08:53:42
4fc162d1e6735aec9ab11d774b02e2bd,41744,41313,08:54:27
4fc162d1e6735aec9ab11d774b02e2bd,41744,41313,08:54:28
0b6ed4cb8c281f7bc75401d1d69ee967,42303,54111,08:55:33
0b6ed4cb8c281f7bc75401d1d69ee967,42303,54111,08:55:33
6a6ec554fda687539f82e835460151c0,41756,29312,08:56:05
6a6ec554fda687539f82e835460151c0,41756,29312,08:56:06
a85eaa308c211e8d8497676404af205c,41792,9875,08:57:52
4fc162d1e6735aec9ab11d774b02e2bd,41744,41313,08:58:17
226dedad3cdb6dbc96461cd80e66ac5d,41752,39073,08:59:25
226dedad3cdb6dbc96461cd80e66ac5d,41752,39073,08:59:26
a16d6423e6328c2d398f5fa78bbd57ad,41753,11371,08:59:49
a16d6423e6328c2d398f5fa78bbd57ad,41753,11371,08:59:49
b164bebbee5a2adbf8acd71914176759,41771,30813,09:00:03
b164bebbee5a2adbf8acd71914176759,41771,30813,09:00:03
101972a55c75d7cdb60003349ac4a35e,41764,5573,09:00:28
101972a55c75d7cdb60003349ac4a35e,41764,5573,09:00:28
310d1bb2f634ad7f444085bd4577570b,41744,603,09:00:29
310d1bb2f634ad7f444085bd4577570b,41744,603,09:00:29
a16d6423e6328c2d398f5fa78bbd57ad,41753,11371,09:01:22
831374bb1de54f4e0f1d5ca22f90f446,41784,2531,09:03:57
a7bf88693af61cbde1f153a6dda092e2,41760,31481,09:04:49
a7bf88693af61cbde1f153a6dda092e2,41760,31481,09:04:50
bd0839235ce12c9cf71ed22c28924a78,41736,16741,09:04:49
bd0839235ce12c9cf71ed22c28924a78,41736,16741,09:04:50
b604c7e0ead1ba62ddd94bd32ae85d0c,41736,37632,09:06:24
b604c7e0ead1ba62ddd94bd32ae85d0c,41736,37632,09:06:25
ff656bd4441f3135baf16db9c3223e29,41736,5507,09:05:26
ff656bd4441f3135baf16db9c3223e29,41736,5507,09:05:26
24ddd65590b7d6567ca9c5450342b110,63745,11701,09:05:49
24ddd65590b7d6567ca9c5450342b110,63745,11701,09:05:49
a526fd4723ae7eee2411f73b4c7ca0be,41764,8733,09:06:00
a526fd4723ae7eee2411f73b4c7ca0be,41764,8733,09:06:00
a03ddb1aeed537e1c9de97c4cba77e54,46848,21763,09:08:16
a03ddb1aeed537e1c9de97c4cba77e54,46848,21763,09:08:17
1814b91f753b4d8ba03fb1fad0618571,41792,7241,09:07:25
af66f4761b350db4e621fb08f0d858f8,41820,911,09:08:53
af66f4761b350db4e621fb08f0d858f8,41820,911,09:08:54
345a43659dec6d823b0d31491e53edf6,41744,40014,09:10:32
345a43659dec6d823b0d31491e53edf6,41744,40014,09:10:32
bb5302b1625420d8c2a558d4dfb6fb48,41771,58877,09:10:30
1814b91f753b4d8ba03fb1fad0618571,41792,7241,09:10:41
b604c7e0ead1ba62ddd94bd32ae85d0c,41792,7945,09:11:49
4b11319cc66014ba4ea9d3a534f3587d,41784,2402,09:11:16
4b11319cc66014ba4ea9d3a534f3587d,41784,2402,09:11:16
7aa5e82974af003c3817e6a9bd9bc281,41784,24082,09:12:42
7aa5e82974af003c3817e6a9bd9bc281,41784,24082,09:12:43
ba22544ba5ab42180390b8489e9d9787,41760,44582,09:11:44
ba22544ba5ab42180390b8489e9d9787,41760,44582,09:11:45
452a6b27fb689e75ed4ca5d960398edf,41756,29081,09:12:11
452a6b27fb689e75ed4ca5d960398edf,41756,29081,09:12:11
1716e380b12918adb9a8549c0f92d1f2,41777,24465,09:13:21
1716e380b12918adb9a8549c0f92d1f2,41777,24465,09:13:22
d653ee23f496573f14b0f123cb2da9ff,33588,55888,09:10:23
af8e79f5cfecbccfc119a9aafad923aa,41824,51252,09:13:47
af8e79f5cfecbccfc119a9aafad923aa,41824,51252,09:13:47
1a2a0336b2f4444e8d0d2ea4b3467593,41764,8972,09:16:39
1a2a0336b2f4444e8d0d2ea4b3467593,41764,8972,09:16:40
1a2a0336b2f4444e8d0d2ea4b3467593,41764,8972,09:17:25
1a2a0336b2f4444e8d0d2ea4b3467593,41764,8972,09:17:25
d6b3e001db55e613d49da3e3dc96391d,41736,22411,09:16:59
d6b3e001db55e613d49da3e3dc96391d,41736,22411,09:17:00
f0e6c8b3092c6ca1a82f1d246749c5a8,41752,25775,09:18:33
f0e6c8b3092c6ca1a82f1d246749c5a8,41752,25775,09:18:33
a7ccc986655b171effbcc325738c016c,41744,10852,09:18:40
bb3e044eab9605de45e8b5a6ea21c5ba,41744,27143,09:19:13
bb3e044eab9605de45e8b5a6ea21c5ba,41744,27143,09:19:13
55e62fe071326a666deafd3727833675,41764,23012,09:20:27
55e62fe071326a666deafd3727833675,41764,23012,09:20:28
6f8bfc1214b401a560f6ecc613fe49a0,41745,11162,09:21:26
827f9ce8eb93b71730545fa4693edd56,41760,4682,09:23:17
827f9ce8eb93b71730545fa4693edd56,41760,4682,09:23:17
8a3a2b7450f520441c911a184899c4fc,41792,39521,09:23:43
8a3a2b7450f520441c911a184899c4fc,41792,39521,09:23:44
c73709640fd55f902c64cf123b8d6011,41007,6831,09:23:30
c73709640fd55f902c64cf123b8d6011,41007,6831,09:25:29
827f9ce8eb93b71730545fa4693edd56,41784,21545,09:26:57
3f533deadc0720f5ec690f43f6ec5594,41832,40423,09:27:17
3f533deadc0720f5ec690f43f6ec5594,41832,40423,09:27:17
c73709640fd55f902c64cf123b8d6011,41007,6831,09:27:05
52407deb66b1821daf85b6293af9fc7c,59384,12423,09:27:28
52407deb66b1821daf85b6293af9fc7c,59384,12423,09:27:28
9996bcbc708d05afc430cb56c5dad536,41745,30033,09:29:04
9996bcbc708d05afc430cb56c5dad536,41745,30033,09:29:04
8cc73b2a36489388385b8354af8d9954,41736,23268,09:29:47
8cc73b2a36489388385b8354af8d9954,41736,23268,09:29:47
567f4146fb559ddbfe4f1f32ee7cfbbf,61837,8813,09:30:32
567f4146fb559ddbfe4f1f32ee7cfbbf,61837,8813,09:30:33
5dfe25fd8ee0f324679b1cd80f0f43de,41768,36262,09:31:02
5dfe25fd8ee0f324679b1cd80f0f43de,41768,36262,09:31:03
4f235190a1bd73b2b76803c922c8df3b,57634,17393,09:30:02
4f235190a1bd73b2b76803c922c8df3b,57634,17393,09:30:03
54616614c400f28d7b3bb9bbfc8f736a,41744,26561,09:30:20
54616614c400f28d7b3bb9bbfc8f736a,41744,26561,09:30:21
e1f8f0a9fc0057251d2a36e5b402af7c,41764,22563,09:32:18
e1f8f0a9fc0057251d2a36e5b402af7c,41764,22563,09:32:18
a1486fed45fb61352083db26c6463f2e,41784,1631,09:33:53
a1486fed45fb61352083db26c6463f2e,41784,1631,09:33:53
0e81338643909f8c7768551768e89f3d,41816,21251,09:34:16
0e81338643909f8c7768551768e89f3d,41816,21251,09:34:16
c517c7973932226971a1251c8003cfc4,41744,1423,09:35:39
c517c7973932226971a1251c8003cfc4,41744,1423,09:35:39
c07cb83858dd0cbbdc76b59ef12ca934,41736,21906,09:36:00
c07cb83858dd0cbbdc76b59ef12ca934,41736,21906,09:36:01
4bc20231b72f47aea8ae42ae9cf981e9,21088,14511,09:36:20
4bc20231b72f47aea8ae42ae9cf981e9,21088,14511,09:36:21
e8510492754807964bbdf8c198570638,41764,40638,09:36:19
e8510492754807964bbdf8c198570638,41764,40638,09:36:20
e8510492754807964bbdf8c198570638,41764,40638,09:39:18
e8510492754807964bbdf8c198570638,41764,40638,09:39:19
73c86b8d3018713c8d029dd00c24bc6a,41736,43055,09:39:43
73c86b8d3018713c8d029dd00c24bc6a,41736,43055,09:39:44
e18f10e86aefbb93a476bcf57dc8cf25,41792,12532,09:40:17
e18f10e86aefbb93a476bcf57dc8cf25,41792,12532,09:40:17
e8510492754807964bbdf8c198570638,41764,40638,09:40:27
a95d025f5e26f32dbd33ae40743c1c25,41824,53672,09:44:25
0d85a96d0285d2b54f58f247388b75f4,44086,31321,09:45:41
0d85a96d0285d2b54f58f247388b75f4,44086,31321,09:45:41
110fb747f2695d3f6fe718e5cf3a34a9,48384,36157,09:46:24
110fb747f2695d3f6fe718e5cf3a34a9,48384,36157,09:46:24
b3bd4d615ff5a5b71a4f2d5491cbd0ec,41772,28263,09:46:29
c6335584196f4f0932cc634b3805e33a,41778,49363,09:48:27
c6335584196f4f0932cc634b3805e33a,41778,49363,09:48:27
e05eb34f42d8b5222f81be4a6787c0c3,41771,5816,09:48:34
e05eb34f42d8b5222f81be4a6787c0c3,41771,5816,09:48:34
b3bd4d615ff5a5b71a4f2d5491cbd0ec,41772,28263,09:50:19
776efb2253a883b394e1942278ea5316,59876,14934,09:50:18
776efb2253a883b394e1942278ea5316,59876,14934,09:50:18
03d5e42c71fa631238c00496a493e425,41771,50181,09:51:26
03d5e42c71fa631238c00496a493e425,41771,50181,09:51:26
b3bd4d615ff5a5b71a4f2d5491cbd0ec,41772,28263,09:50:57
2b498aee7584f17a0dcd94a8dba1c865,41771,26433,09:53:13
2b498aee7584f17a0dcd94a8dba1c865,41771,26433,09:53:14
c5a11cf0ac3b8b6eba0f59177dff20dd,41784,24446,09:56:21
c5a11cf0ac3b8b6eba0f59177dff20dd,41784,24446,09:56:22
39a89eb49300f14fa0b2d588dfdb2cd3,41768,29921,09:56:26
39a89eb49300f14fa0b2d588dfdb2cd3,41768,29921,09:56:26
0e0507b72ebf15d2510462b156ca5618,41736,32691,09:55:55
c86492f35fa648164461f148bab6c010,41752,22402,09:57:44
c86492f35fa648164461f148bab6c010,41752,22402,09:57:44
63473506c28cfc429109538100046147,41784,1923,09:58:25
63473506c28cfc429109538100046147,41784,1923,09:58:25
c86492f35fa648164461f148bab6c010,41752,22402,09:58:32
c86492f35fa648164461f148bab6c010,41752,22402,09:58:33
5de93a435ce2348c6abc4d1fc4e51c0a,41784,2391,09:58:56
5de93a435ce2348c6abc4d1fc4e51c0a,41784,2391,09:58:57
b1189832d0f48a9aa2c8059d4a74dc8f,41772,2382,10:00:48
b1189832d0f48a9aa2c8059d4a74dc8f,41772,2382,10:00:48
aa1b6cad84b3e8b2c5ceeb40ff681a73,41777,2831,10:01:55
aa1b6cad84b3e8b2c5ceeb40ff681a73,41777,2831,10:01:56
665b6e05ebc6398098b11ff221b52f96,41760,39032,10:01:54
665b6e05ebc6398098b11ff221b52f96,41760,39032,10:01:55
1ea4225cb386d67fca554af7794177de,51139,11742,10:05:27
cb790399fe7a0e404e08866128e20667,41792,31902,10:06:36
cb790399fe7a0e404e08866128e20667,41792,31902,10:06:36
f359a037185a081b217926c024890c11,41784,1943,10:08:07
136687e6f2547d1cd0ddb7c0c1ba3c8a,41784,44434,10:13:03
136687e6f2547d1cd0ddb7c0c1ba3c8a,41784,44434,10:13:04
c253bbc1f47b9670049ed874ac85901d,41744,137,10:12:11
c253bbc1f47b9670049ed874ac85901d,41744,137,10:12:12
9e85caab0a69c7fdb7326067e08d2814,41852,63691,10:14:43
9e85caab0a69c7fdb7326067e08d2814,41852,63691,10:14:43
5033e0d00226bcf478a4c8ec3e62d42e,41752,46233,10:15:10
5033e0d00226bcf478a4c8ec3e62d42e,41752,46233,10:15:10
3537ccf8235bbe5541f4e4bda728c0ba,41768,26733,10:16:21
3537ccf8235bbe5541f4e4bda728c0ba,41768,26733,10:16:21
aad54e46083448c569b2d69f19acd7b3,62880,10512,10:17:18
aad54e46083448c569b2d69f19acd7b3,62880,10512,10:17:18
aad54e46083448c569b2d69f19acd7b3,62880,10512,10:19:38
d81418ba6c53bc5edb2fd1d9c37caa9b,41792,7216,10:20:31
d04bc76b8e0d640185855400fec4da31,48097,11012,10:22:30
fdce26a7b98e1a8c997d26ffa747c55c,41764,9044,10:28:52
fdce26a7b98e1a8c997d26ffa747c55c,41764,9044,10:28:53
5c71fe5ac3780ecf133d6f502c42ef02,41745,11171,10:31:52
ff7dbdc9ca9024720c724a81d5e999bd,41760,10591,10:32:01
ff7dbdc9ca9024720c724a81d5e999bd,41760,10591,10:32:02
9281667e1142676af386a55463b7be31,41752,9762,10:32:24
e1fbdc88d86886e5b8056f18adbb8880,41817,46778,10:33:53
e1fbdc88d86886e5b8056f18adbb8880,41817,46778,10:33:53
5598c3dc8a0404b75773219ee615c460,41760,9732,10:35:56
4571e741c43ff0fad4e65b686473ae66,41760,4642,10:38:01
4571e741c43ff0fad4e65b686473ae66,41760,4642,10:38:01
c3fc587289dd3dbb7de1458faf413e39,41784,24083,10:39:15
eaebab8c67e143531a7a3dfe9270332f,41816,46462,10:40:54
a57ed510fbc2b36aeebc77de85985d0d,41777,24461,10:42:22
a57ed510fbc2b36aeebc77de85985d0d,41777,24461,10:42:22
3d3e52048e4c253177478dcf7bf96ff1,41768,5923,10:43:40
3d3e52048e4c253177478dcf7bf96ff1,41768,5923,10:43:41
bc497b9e336cb2caab6f4cbe822f6182,42304,12241,10:51:36
bc497b9e336cb2caab6f4cbe822f6182,42304,12241,10:51:37
a1cdd6f996ee3defedc7ade3c6969d7f,41776,24843,10:52:16
a1cdd6f996ee3defedc7ade3c6969d7f,41776,24843,10:52:16
b9adac146b8686cd5647afeeba10b7ad,41816,49903,10:57:39
b9adac146b8686cd5647afeeba10b7ad,41816,49903,10:57:40
9f3c6d7388989a16082ee625f1f932cf,41752,3033,11:02:54
9f3c6d7388989a16082ee625f1f932cf,41752,3033,11:02:54
905908f10720b18cceb8e98c14063d0c,41784,1923,11:03:50
aab3c2b2d47e6ecb0fa5de2280b1096b,41760,8631,11:06:29
aab3c2b2d47e6ecb0fa5de2280b1096b,41760,8631,11:06:30
adaa2973b61b47db003de49b0c1c4513,41777,5662,11:08:12
7f122828283f02e4ebc0e8ffe8e3162d,41736,15994,11:06:22
7007a800036c13083aaf19412afc6218,41760,31066,11:12:06
a3acd684a05e14a6483b03487fc31fa2,41816,46191,11:15:06
a3acd684a05e14a6483b03487fc31fa2,41816,46191,11:15:14
c3b415b2e02bc958d077bab3c64f65a0,41744,21584,11:14:31
c3b415b2e02bc958d077bab3c64f65a0,41744,21584,11:14:32
a3acd684a05e14a6483b03487fc31fa2,41816,46191,11:17:27
977792176269a118101c8e622dc7aa95,41744,1302,11:13:48
a3acd684a05e14a6483b03487fc31fa2,41816,46191,11:19:06
a3acd684a05e14a6483b03487fc31fa2,41816,46191,11:19:06
a3acd684a05e14a6483b03487fc31fa2,41816,46191,11:19:06
06bd697a06e4aa00ff7864466cd3f87a,41744,26103,11:21:06
06bd697a06e4aa00ff7864466cd3f87a,41744,26103,11:21:06
473bea359f4dbb87547d6957f4cc1de8,41736,23093,11:25:03
473bea359f4dbb87547d6957f4cc1de8,41736,23093,11:25:04
46f96bc8fc50a805b505d13d14d2c0da,41760,4642,11:24:34
46f96bc8fc50a805b505d13d14d2c0da,41760,4642,11:24:35
bf6d77077c299c28451b74612da60144,42251,15113,11:34:08
9d016f8906ce3a8cd303daa97f320332,41736,5703,11:35:41
9d016f8906ce3a8cd303daa97f320332,41736,5703,11:35:42
e21bf929ce63892a333b279a51963aa3,41744,1302,11:42:50
e21bf929ce63892a333b279a51963aa3,41744,1302,11:42:50
3add8de5f3757ef726ffbaa67a335a41,41760,27454,11:45:06
3add8de5f3757ef726ffbaa67a335a41,41760,27454,11:45:07
e1dfe377fcd1b6eb53323da7368fa0a8,33558,46522,11:44:15
e1dfe377fcd1b6eb53323da7368fa0a8,33558,46522,11:44:17
2538eb1af5f08778f60f82ce2e676c21,41744,23552,11:49:06
2538eb1af5f08778f60f82ce2e676c21,41744,23552,11:49:06
51ab9d450ba48255ab8c43de68b011c7,63409,1992,11:49:08
63819ad680d9273bf5ba63d093aea667,41778,29455,11:59:07
63819ad680d9273bf5ba63d093aea667,41778,29455,12:01:45
63819ad680d9273bf5ba63d093aea667,41778,29455,12:01:34
63819ad680d9273bf5ba63d093aea667,41778,29455,12:02:54
63819ad680d9273bf5ba63d093aea667,41778,29455,12:04:55
2fb3648171e1e1dd27479f548e63266d,33566,4335,12:05:52
2fb3648171e1e1dd27479f548e63266d,33566,4335,12:05:53
a456553a85ef2dc88b5078b470edb925,41736,45126,12:06:34
a456553a85ef2dc88b5078b470edb925,41736,45126,12:06:34
55662ef30376920e80472760fc864eba,61713,18182,12:10:19
fc703743809d3fa612ee75a3017c2f61,61728,29371,12:10:31
fc703743809d3fa612ee75a3017c2f61,61728,29371,12:10:31
3add8de5f3757ef726ffbaa67a335a41,41760,27454,12:12:51
3add8de5f3757ef726ffbaa67a335a41,41760,27454,12:12:51
3add8de5f3757ef726ffbaa67a335a41,41760,27454,12:13:46
3add8de5f3757ef726ffbaa67a335a41,41760,27454,12:13:46
7538118b33cc8c9697ac24044f0398e0,41853,46851,12:10:21
9ab31d8cd568468e74514249502a0a25,41744,38153,12:15:11
9ab31d8cd568468e74514249502a0a25,41744,38153,12:15:11
08ec76b37483cb4419947ac0df06e563,41832,61183,12:11:46
408937e00ab2db344db9739c60c16c0b,41792,41622,12:19:31
da5d6e4fb02aaa43f75f018066f1759f,41768,33481,12:24:39
da5d6e4fb02aaa43f75f018066f1759f,41768,33481,12:24:39
a30695ff1a58d001f74c62bf8f826ce0,41760,47326,12:25:50
91c434421927c8bfd9df1949de4c1555,41768,37853,12:37:08
f3319d3917db7292a6aa804eea731447,41792,28453,12:40:48
f3319d3917db7292a6aa804eea731447,41792,28453,12:40:49
13760461dba62cf762c26b35dff314ad,41760,44665,12:44:57
d88637e6c86090eac28b0252c410c037,5648,20584,12:48:59
2b4b89ebdc3a87a1b43b9096217a673c,43019,21412,12:46:07
97f08cd22b12e0ec345b58893a2e2b32,41792,7423,12:50:40
97f08cd22b12e0ec345b58893a2e2b32,41792,7423,12:50:41
12f2cd9c537b53f056357c0800e94077,41745,46761,13:01:18
253a8c372f1f5e2cea82ed4da418e7f9,41736,45112,13:01:52
253a8c372f1f5e2cea82ed4da418e7f9,41736,45112,13:01:53
e9936f99743a30b7d705aada904cf3bd,41736,36164,13:05:33
e9936f99743a30b7d705aada904cf3bd,41736,36164,13:05:33
e60b5983ea47d12ad35a3278b369e00e,41764,44422,13:08:23
6fb445631c3156a5ad956e1e2eabd83f,41760,14573,13:17:34
6fb445631c3156a5ad956e1e2eabd83f,41760,14573,13:17:34
033d94b5c1dee3ccdfb212e41128d0cc,55076,18504,13:19:14
033d94b5c1dee3ccdfb212e41128d0cc,55076,18504,13:19:14
bddd15780fa754ac6be2dd1f7f5d4e7c,41778,3195,13:19:37
bddd15780fa754ac6be2dd1f7f5d4e7c,41778,3195,13:19:38
745ff1cc0754dfb0f7030318555291fe,41792,36351,13:21:45
745ff1cc0754dfb0f7030318555291fe,41792,36351,13:21:45
c5228668a9117011ebb88ed00bd76413,55637,23752,13:23:13
c5228668a9117011ebb88ed00bd76413,55637,23752,13:23:13
bddd15780fa754ac6be2dd1f7f5d4e7c,41778,3195,13:26:56
bddd15780fa754ac6be2dd1f7f5d4e7c,41778,3195,13:26:56
0ccca04acfdcfdc83c580d22b15f26ad,59856,10912,13:29:10
0ccca04acfdcfdc83c580d22b15f26ad,59856,10912,13:29:10
b63c2c060c17b747efb7832f88b48473,63267,5311,13:30:40
b63c2c060c17b747efb7832f88b48473,63267,5311,13:30:40
ee7d07ebfc223bb8b174cde1d1838a67,54578,60143,13:40:48
ee7d07ebfc223bb8b174cde1d1838a67,54578,60143,13:40:49
322e673a4866caa8a7f3cf49babad427,41792,31812,13:44:14
a650356060181eb58154c2acbfa96b6a,41792,39473,13:45:10
a650356060181eb58154c2acbfa96b6a,41792,39473,13:45:11
846185d816ca8a0a0348f8b5beb888dc,41784,10723,13:46:29
6ce5756161a55e57ccc8e6055de79cf9,59140,12581,13:51:37
6ce5756161a55e57ccc8e6055de79cf9,59140,12581,13:51:38
75bdba7d0af53d5e4e66e9b1bc98e8df,41792,10201,13:53:29
75bdba7d0af53d5e4e66e9b1bc98e8df,41792,10201,13:53:29
82586e648be6996f561b1b83b0087e1b,42304,37611,13:54:59
82586e648be6996f561b1b83b0087e1b,42304,37611,13:54:59
ca440156a039b5c68baa76c436630fc4,41784,22443,14:03:26
ca440156a039b5c68baa76c436630fc4,41784,22443,14:03:26
1c89d7df813763c18b3209d5848d52a3,41764,8801,14:15:44
1c89d7df813763c18b3209d5848d52a3,41764,8801,14:15:44
d4a6f207bbda3552a1918d0bef1d1b27,41820,2993,14:18:35
d4a6f207bbda3552a1918d0bef1d1b27,41820,2993,14:18:35
a0e11d2de8ec0f438817f5db0706a528,41760,4403,14:23:29
a0e11d2de8ec0f438817f5db0706a528,41760,4403,14:23:29
71d9c8d8c0a01b0dd352b418a8a56e5e,41744,30393,14:25:40
71d9c8d8c0a01b0dd352b418a8a56e5e,41744,30393,14:25:40
6f2f4376d2431efc39c637520a1c444f,41744,1302,14:37:34
3356cd8131a7a455cc68a94c7b1bc40f,62724,30380,14:38:58
3356cd8131a7a455cc68a94c7b1bc40f,62724,30380,14:38:58
93a2d028e2104cbe7ccd8777f5170d20,41764,8696,14:41:22
93a2d028e2104cbe7ccd8777f5170d20,41764,8696,14:41:22
a94eea37f789ad905412b7b1a2da8adc,41792,45091,14:42:19
a94eea37f789ad905412b7b1a2da8adc,41792,45091,14:42:19
45fcaf81d0f437c85b5b18217c955a96,41832,38202,14:45:38
84c5205335633b3d20b35e74007dcec1,41776,57644,14:49:21
84c5205335633b3d20b35e74007dcec1,41776,57644,14:49:22
84c5205335633b3d20b35e74007dcec1,41776,57644,14:49:39
84c5205335633b3d20b35e74007dcec1,41776,57644,14:49:39
d49973ba64c87ad6384981725c5997c2,41792,45841,14:59:44
a01d7b457b0fd092b9b2a17474732e25,41832,41422,15:05:56
a01d7b457b0fd092b9b2a17474732e25,41832,41422,15:05:56
9f1d07227b2f8b62fac3aafb1fc16fbb,41744,10174,15:08:17
494291158d8cc28535b8c006068b1300,41760,44571,15:12:21
494291158d8cc28535b8c006068b1300,41760,44571,15:12:22
df3920868f5a1dda1b9c430466d1a7f8,41736,41421,15:19:48
df3920868f5a1dda1b9c430466d1a7f8,41736,41421,15:19:48
132cbe7a47fded7ffe1095442818f9bf,41744,24593,15:24:46
132cbe7a47fded7ffe1095442818f9bf,41744,24593,15:24:46
68c4f3ef0b1664970c268c4de820c0c8,41792,7353,15:29:13
de7c67cc55a8a8123d59c87636600536,41744,824,15:30:29
de7c67cc55a8a8123d59c87636600536,41744,824,15:30:30
4b3c61d000534f5210177c32b393f8d6,41752,32255,15:38:35
4b3c61d000534f5210177c32b393f8d6,41752,32255,15:38:36
a9d136fa187c51b00a718e1dbcd5afae,41848,59171,15:39:51
a9d136fa187c51b00a718e1dbcd5afae,41848,59171,15:39:52
4c06b96734d738c532d25f790b0b4785,41833,42073,15:41:21
4c06b96734d738c532d25f790b0b4785,41833,42073,15:41:21
16fb250b102b77c7071fde9495e556c5,33593,12976,15:37:53
1e3df71397ef6e30f7bd77051689a2c8,41824,3215,15:42:35
1e3df71397ef6e30f7bd77051689a2c8,41824,3215,15:42:35
51f705a2c943815d84e449e238e1a057,41764,41561,15:53:24
eb04bc705c1cb3f2218f93fa5e02b480,63748,11391,16:00:52
eb04bc705c1cb3f2218f93fa5e02b480,63748,11391,16:00:53
0d8d763f9a2d5630d01f00fa4eb00647,41744,23,16:05:15
0d8d763f9a2d5630d01f00fa4eb00647,41744,23,16:05:15
3ce29306f08ae18f53a538d395af734b,287,6142,16:01:59
af99a4d881e73cea78c3b03255d495b4,54144,20727,16:08:22
af99a4d881e73cea78c3b03255d495b4,54144,20727,16:08:24
dce06024cd63e263e9c72f7972819e9e,41744,45266,16:13:02
dce06024cd63e263e9c72f7972819e9e,41744,45266,16:13:03
34dcb1e75931a4c98afd93484eaf1e82,41736,14681,16:17:42
34dcb1e75931a4c98afd93484eaf1e82,41736,14681,16:17:42
5efc8869992d85f16ca35f4b8794c44e,41760,38791,16:29:28
5efc8869992d85f16ca35f4b8794c44e,41760,38791,16:29:29
685711d8534c052b2b24c18498855ee8,41736,23154,16:32:04
685711d8534c052b2b24c18498855ee8,41736,23154,16:32:05
75f2460d8f46da81ab4ba8608bb2c262,33582,4121,16:35:26
75f2460d8f46da81ab4ba8608bb2c262,33582,4121,16:35:28
640bf19515b2dc0fd93166635960aa93,41736,20981,16:35:55
640bf19515b2dc0fd93166635960aa93,41736,20981,16:35:56
78063d7ad2656ae8bc7038bc99612923,41832,45192,16:35:54
78063d7ad2656ae8bc7038bc99612923,41832,45192,16:35:55
48e76283b6e2026cc6b1cb244ccc49e4,61828,1992,16:36:51
817c40ddfa3a1200c4157d4bb71e6411,41792,7145,16:37:41
817c40ddfa3a1200c4157d4bb71e6411,41792,7145,16:37:42
76a0c748b0f1814ceed7c50ef4aa592a,41744,42971,16:43:45
76a0c748b0f1814ceed7c50ef4aa592a,41744,42971,16:43:45
f0f62747dd7edd0025805516ec2c1c06,41736,5131,16:44:00
f0f62747dd7edd0025805516ec2c1c06,41736,5131,16:44:01
88241d4ea2e67d29f748ab7eb3d0d61e,41822,50423,17:01:01
88241d4ea2e67d29f748ab7eb3d0d61e,41822,50423,17:01:07
973a409b505dfdee8961c2e0d9263eca,41784,31706,17:03:42
973a409b505dfdee8961c2e0d9263eca,41784,31706,17:03:42
72dcc8d0103a8797ddd7a4c01bb2baa4,41745,1815,17:06:18
28a77a7c61662dc86ee426f35d73f1e2,33565,10196,17:10:08
d17531c48aaa54728a6ae2dc0c382a4c,33557,32417,17:16:37
662891ad2566b9ba7e24464468294743,41792,22454,17:21:45
662891ad2566b9ba7e24464468294743,41792,22454,17:21:46
74a4e5e95157b25a4c9304c81da0303d,41852,61622,17:22:33
74a4e5e95157b25a4c9304c81da0303d,41852,61622,17:22:33
8ac2ac1ed30192d400182e79f751ac15,41744,22893,17:36:50
dfa8795872b4ab8d80eae34e49e24e0c,58126,58304,17:37:44
dfa8795872b4ab8d80eae34e49e24e0c,58126,58304,17:37:44
6baada9e9cb2ef0ff1d3600ca4be2ad1,41753,42721,17:40:53
6baada9e9cb2ef0ff1d3600ca4be2ad1,41753,42721,17:40:53
57affa0face1683afa3009ed6688fa72,41756,30783,17:40:44
57affa0face1683afa3009ed6688fa72,41756,30783,17:40:45
a4eda456f2b9640767fb386a35146fec,33599,57182,17:52:33
7bb3ae90bbeb95e90ab730643ba3a465,41760,4761,17:57:07
7bb3ae90bbeb95e90ab730643ba3a465,41760,4761,17:57:08
5e4fb40ff8633bc79e1de78781ce4a34,41769,36471,17:58:43
5e4fb40ff8633bc79e1de78781ce4a34,41769,36471,17:58:43
4ee17633f6335e561e43c30e2f0f5bf6,41792,40834,18:00:07
2f0692148b08d697c6cd5e60ca83aea8,41784,26143,18:02:59
2f0692148b08d697c6cd5e60ca83aea8,41784,26143,18:03:00
abb1ba2e20d4cb2ec06e8f2a8601763c,41832,39531,18:11:27
b118cc0c479e3da73b30f2d28cc9567b,41768,23218,18:22:29
b118cc0c479e3da73b30f2d28cc9567b,41768,23218,18:22:29
5135f14efa625eb5d8eda8a39a2dfd5b,63314,3881,18:28:47
7e45970776e1b3777086bf15aa29cb67,41768,2212,18:28:39
f8bcdf508d4aeb167914b5e635e35d1c,41760,16192,18:30:34
f8bcdf508d4aeb167914b5e635e35d1c,41760,16192,18:30:34
5bfb9fdd1086c190fb365319e4e9060f,56834,7602,18:36:08
5bfb9fdd1086c190fb365319e4e9060f,56834,7602,18:36:09
a322076ec8463e98ae00d91b788c18cb,63237,60632,18:36:22
a322076ec8463e98ae00d91b788c18cb,63237,60632,18:36:56
5255275e9bef85a4ea56a435899a43a8,41744,22861,18:45:35
5255275e9bef85a4ea56a435899a43a8,41744,22861,18:45:35
d2f6402b48d306e0a33609c0f93c0628,61892,1621,18:52:43
d2f6402b48d306e0a33609c0f93c0628,61892,1621,18:52:44
197645983c595465f2e33022e2ea8f6c,41768,44672,18:52:37
197645983c595465f2e33022e2ea8f6c,41768,44672,18:52:37
b634339d2a3c090de8b29c24d05fd94f,41824,51093,18:52:45
65326d8ade8e14a070e4b3e40ce08ba1,41760,44571,18:56:26
65326d8ade8e14a070e4b3e40ce08ba1,41760,44571,18:56:27
edd90c82c93c1bdcef8aa92844cbc1ec,41792,7663,18:57:42
edd90c82c93c1bdcef8aa92844cbc1ec,41792,7663,18:57:43
31265321ecc92a07d47576f087b7e0b7,33566,60066,19:07:17
31265321ecc92a07d47576f087b7e0b7,33566,60066,19:07:18
d0f7cde44c5c0fb672d6d690bb4f276c,33562,3127,19:12:12
d0f7cde44c5c0fb672d6d690bb4f276c,33562,3127,19:12:13
d0f7cde44c5c0fb672d6d690bb4f276c,33562,3127,19:12:48
d0f7cde44c5c0fb672d6d690bb4f276c,33562,3127,19:12:49
2054df3831b6e8725d8578bc9495970e,41770,28672,19:13:39
2054df3831b6e8725d8578bc9495970e,41770,28672,19:13:39
79438538fd831d1c94726f380b1d59a6,41756,30371,19:17:36
79438538fd831d1c94726f380b1d59a6,41756,30371,19:17:39
7995e34489cfbc2c900142e01ca8cff5,41764,3102,19:25:51
7995e34489cfbc2c900142e01ca8cff5,41764,3102,19:25:51
aa0676b8dd03bae80a357bc4acf2aa72,62800,11013,19:26:46
aa0676b8dd03bae80a357bc4acf2aa72,62800,11013,19:31:12
a6441ecb583fff06d673ac45d4714e25,41744,45563,19:52:22
a6441ecb583fff06d673ac45d4714e25,41744,45563,19:52:22
e975e9c768b619f0458ed061a0c7f726,41745,42372,19:54:39
e975e9c768b619f0458ed061a0c7f726,41745,42372,19:54:40
87483ba21d0098b1524294429e0b0e2d,41832,40036,19:58:35
91d76f49a80a9eb8db06942f5d9899c0,61709,52481,19:59:42
91d76f49a80a9eb8db06942f5d9899c0,61709,52481,19:59:42
87483ba21d0098b1524294429e0b0e2d,41832,40036,20:01:29
1669ad685ea774c4fa3404c403e78ddb,22815,21373,20:18:57
3201c57245c04098e37ceab4050c6d62,41792,7075,20:29:55
b705169813323e4d9c6ffcae50da9e7d,41784,17321,20:34:13
b705169813323e4d9c6ffcae50da9e7d,41784,17321,20:34:14
31c0ce1fadd837e336fa4d942c11ab5d,41736,22043,20:37:36
31c0ce1fadd837e336fa4d942c11ab5d,41736,22043,20:37:37
c2d5e46da127833fbc1df4a49c150514,4295,53753,20:39:33
a83f702f010caaee9ba3c2f78f4bed72,41817,46391,20:42:08
a83f702f010caaee9ba3c2f78f4bed72,41817,46391,20:42:09
a83f702f010caaee9ba3c2f78f4bed72,41817,46391,20:43:35
4a64c483fc7c555e86bb9152e3473c8b,41760,34281,20:57:19
4a64c483fc7c555e86bb9152e3473c8b,41760,34281,20:57:19
f125a8117c12edbb833c6e453f00e394,41777,51622,20:58:24
f125a8117c12edbb833c6e453f00e394,41777,51622,20:58:25
c6c5fc20d5431d73ccadf22e524be9b8,33553,30281,21:09:41
75509eca9f2f7eff2101975ac37574a4,62754,43102,21:14:32
75509eca9f2f7eff2101975ac37574a4,62754,43102,21:14:32
e348f845f247ca6e28b3c5de4aa3186c,54165,29641,21:15:37
7416ce1ac26f0c03b769dcf21d1ce16c,41736,41842,21:16:33
7416ce1ac26f0c03b769dcf21d1ce16c,41736,41842,21:16:34
324391332034037270f6f0e05fca58b2,33570,47562,21:32:40
a9ca62b795bc6cf7a68d0b8171f73fff,33562,417,21:53:38
1711de66b7762b53ec4f8f34747b84bd,41764,8882,23:07:25
24185da5fd6c9683b1c8be397e34243c,41745,2352,23:12:10
3baa143a133fa699526bebf02965e562,41784,42383,23:39:00
