37da9718bfb6e335a2010bae55ce85a2,33598,59121,18:00:03
3e0cff516c2e9b4d25dd421e51098850,41773,28841,18:38:29
55a911aa72847660c9a1f233c4bc6127,41744,9673,18:59:18
d93934902b147defe020802a2b2fa485,42255,26411,19:00:28
acd1ac75c11a673a12e20c486e2ea284,41852,48121,19:00:19
5d8e75d4e7e97012cd4998e9c266e547,41744,25063,18:59:16
651d29f5cfc6372b3240e46349e9430b,45338,4424,19:02:17
3c3c630cfd5d1e20ef8fdfaed6e2efc7,47089,20591,19:02:32
5873b6ad4eb1b7e07befecb18ab32d4d,41792,11921,19:03:21
b870196e1fe338bd0a548fb4ebd0ffdb,41777,7231,19:04:32
bd50a330586c534efad864c124e36a75,41744,131,19:04:09
418a53b0b776bb59996eb741eb0a7875,41752,46203,19:05:00
aec62d27c0e96fa1c3bb9f8b9a4991d3,41753,23862,19:05:47
d193387bc56e45ced38ec0feaabc1361,41784,12044,19:06:30
6aad4d6539df2c80ff591f788b1794e0,41745,1781,19:07:14
6aad4d6539df2c80ff591f788b1794e0,41745,1781,19:07:14
57067226988c12005af4e9a1e1feb7d6,41792,8373,19:06:24
abe50db9f9bccc1fe7eb3cdcb522df12,41744,39675,19:07:55
15ec43d50e432538d926fc9e5d41bd0b,41760,25921,19:09:43
15ec43d50e432538d926fc9e5d41bd0b,41760,25921,19:12:40
7dee9bf3b8b55b6ab6bbb173322f82cd,33562,6708,19:09:58
b80bafcf2ab0b98c14e917b31da01d7b,41768,36042,19:13:59
b80bafcf2ab0b98c14e917b31da01d7b,41768,36042,19:14:06
019201e614724acf4b87c762ed3aa75c,41764,9932,19:13:11
5ec553d1727dd9ae48e94396f30b0a60,41736,10197,19:14:12
cc9123264fc51ef1fa3f054f8de9df78,1317,57773,19:10:28
cc9123264fc51ef1fa3f054f8de9df78,1317,57773,19:09:16
c3138f22164d94eb0628f18c7e6beb34,41760,4422,19:15:24
ad83a122faf18cbe3d1375a00feb6267,41764,9262,19:15:06
cc9a6c35c060f3f5d1642000ebc3ab66,49422,30713,19:15:12
d6e3166248185548814fedd45f068c2f,41848,59563,19:16:25
770cda7bcec27154aeb03c554aaa0c52,16659,11646,19:17:04
1a514d0399305e4f7bb7051f0903c63d,41736,5813,19:18:50
b8b033f0549a958caa0dc207cc0336d8,41760,26382,19:19:06
cee10e98c014b48e9fbbae8262f761ee,41768,6313,19:20:09
5f8635e261514dc46dd66ceaf7c5f60d,41784,1541,19:20:35
24c749e8e9740f4d201c2cf713a7ce1c,41744,19633,19:20:03
4a5fa5be9b0f6b1485400895be82449e,41792,7675,19:19:42
63f37f52191d919e757d947bf2a94454,41764,8972,19:20:34
fc7d99f57c59d43ae37eb5440529a8bb,41744,46774,19:20:46
736c3ea2940ee4d62ac760157844395d,41744,25697,19:19:52
810936e903864abc5051a13e724a2b53,41736,5567,19:19:53
5f4825dd5e7126c50b34cd40b138604f,41744,45263,19:20:32
2220f5ab0409145e71393751e1393193,41823,50822,19:20:13
1f395288c7331e4f4bfe74f1be90db7d,41745,11155,19:20:18
19269e82d5bb74d83bc25b337d4771c1,41764,8894,19:20:55
86fc07630abff8e5beba71109c6aaf29,41744,22703,19:20:56
86fc07630abff8e5beba71109c6aaf29,41744,22703,19:21:35
a727f84e3efea739bdcab57429ddfb50,41760,31066,19:21:42
b7d93f6fa5c076c2e6937deb824387ae,41822,52463,19:21:31
33cf18ee24fe3977d76f1060b9bdc827,41764,8712,19:21:22
467c3bae822bd3e8943e7bf37a3464f0,42286,23221,19:22:13
d00fa2932aa5027bd4c81618d8813794,62725,33931,19:20:57
86b202d448b8eff8d59802d33ef5c202,41760,27451,19:21:03
817890f9f9c391335736542c098a075e,46344,40991,19:21:18
5a814281cdd02ee4dd65096aed20c810,41745,1532,19:21:36
8509437bd2acad63e55ab442fa5b23e6,41776,24622,19:21:54
810936e903864abc5051a13e724a2b53,41736,5567,19:21:40
2db059de2c542dc695d6dc73986a6706,41744,22596,19:21:42
630537c8bb9f14d3f1c5bdd8cb3ac633,41768,6306,19:20:56
8453265e60775796ab9d930a884ccb7a,41760,40736,19:21:25
fe48ae539d18bf0d0e1f4c8b2df3bda7,41773,53713,19:21:47
c1544d07d1769765c9ac1b667d285295,41792,7805,19:22:00
fd2f61a15a68cc3da43c9b0f7389159c,47882,14411,19:20:58
f38de12351a20f0efd94e69358afb557,41764,39758,19:21:18
ae646d5f54e3de8671a3bff34e0a6258,41792,45853,19:21:19
e9fd000a0216b8f8e177895167bd6259,41745,1413,19:21:23
1be65f54c1a304f1354d9806e5c757f8,41736,5001,19:21:24
21894fea3c50ac0356988466024c8028,41736,28926,19:21:31
43493a28ae346bbdd829d8a32f6d84bc,41832,60961,19:21:45
51b921f75a2f1809bed4125ed8716a9a,41792,7122,19:21:38
28ba23ffab65c4c27312dbb479623c01,41817,49732,19:22:02
4397dcbd585c2caad3e71977f982ea45,41792,11011,19:22:11
c1c5cedf0bc76f257adae69044e9f0cc,41760,21592,19:21:51
a407e4bf048458c09b9b63deb0bc2690,41736,5202,19:21:51
67e634c0d004e3737f93f608d5c12721,41744,1305,19:22:01
4aa090bb8a80a9662355488ecb1617a2,41760,9734,19:22:29
e97953acd365c9b3bf149220fa89c612,41756,32152,19:22:38
c487b4e42ce26c0a2266bc682e9970be,41792,39501,19:22:24
3703f9bcea7d6fc74e8db529d731d4e9,41784,37905,19:22:48
09f070d63d1dd8077c5876fa91120e64,41778,1364,19:22:09
cee422e22f8571985870f232cbf02120,41764,39583,19:22:23
8dc77aaa24c4bcd2916c08a1a733f8b9,41776,8883,19:22:22
cd1cf5fc015889bef7f29c1f35ab54ad,41760,4262,19:23:17
9271e6183e3fc50d5d55c4b70784806c,41736,23384,19:23:13
f4744b24724ad038d15fa1d6119b14ce,41784,28146,19:23:25
7b9d7b9a3023eab316a1fc554dd23d9b,41760,18942,19:23:38
8e03ff2844133496d7168e6909e811b5,41770,65535,19:22:33
2429e6000ac15e9c9b59b1fcd65ace62,41745,46491,19:23:32
d616bfd02a47236733d2fe202a5795fc,41760,40732,19:23:56
2bceb32a1d706da03aef85191378cf4d,62784,53841,19:23:06
d81343b726e9610308089ddd54ebe095,41760,13994,19:23:23
6b55d7bcc20622f0bb2a365b4b92e90b,41736,40777,19:23:15
a74b30a499eda4a12fdc9cad412ee6a9,41832,44423,19:23:34
21a5d1e28a0e3e4b0007b4c97d79776b,41823,50571,19:23:32
6ea20a32ec83e6ab062d144c619ef8c1,59876,12051,19:23:07
f1a8f444249e07278e1648c4e82596c1,41833,42161,19:23:48
3237e4e5e3ef4e8fb7dcc3f7cc9dfde2,41744,261,19:23:27
594f1e3e866b0391ff6a8c5b8e6fbbed,41764,8911,19:23:14
5198c08e9373d79378f087f60dd5bfb3,41744,43592,19:24:01
5931f649208ced98bb89e0f349d8ac43,41760,14991,19:23:58
1bea73df95b3aadc286215d624bd0067,61873,32891,19:24:43
ff7d13528c0d833e1d05e996de8eab02,41736,9952,19:24:05
32c123f7b0ff26eb31cf46d41ca67f48,41760,26625,19:24:27
8b94c12eb298aab4680973237996d63a,41784,31632,19:23:43
153a961ff626d0dde5227d90e2516c18,41778,49372,19:23:53
43c9d3710309a241b10b94c53cad49e3,41744,43674,19:24:14
1ec853c1dc6dfec0aa2f6f1c32b790f9,41752,38841,19:25:04
f0a2498b11871034a1f2417b4b5ebd3d,41777,51613,19:25:00
b0bd685d1ded8b8c077cc55ee7b11b62,58289,30643,19:25:17
9143e7dac0028628b1c08fccceb16f7c,61709,33582,19:24:33
e63804fe5d7af0f8ea0c4c7b4bd2b0eb,55043,20831,19:25:36
61623dd736b2ab14b1e48a2a2361e38f,41760,4012,19:24:25
67e634c0d004e3737f93f608d5c12721,41744,1305,19:25:03
bd5f7db7b947ffea49bed8a27d2243d1,41833,43272,19:25:08
4c9a0e278c27e93ad13be2d332c93972,41744,1145,19:25:16
ef99b4377bb9b2ac490c7dad01ed9a4e,41745,40703,19:25:07
cabf32becd94b51879f25d618b9bdbd9,41821,51283,19:25:21
b808b002e086a5f52b6b63b6f94bb51d,41792,8071,19:24:34
e8df6939cc434d2698bad43edd273292,41745,24563,19:24:53
f35f99e105458578bc8cfd211769bfcf,41764,43146,19:25:34
c31bead06343c2a476d07557fb6ba0cc,41769,4004,19:25:34
59fcbea0fd673c8270a702c7f7a2591a,41792,23991,19:23:11
1aeb256359df8569e0878d4c705be35d,62881,11701,19:26:02
f0f0698f832546c346adea53f1920831,33586,29416,19:26:14
f0a2498b11871034a1f2417b4b5ebd3d,41777,51613,19:26:36
2b573265b9993ef49a9dfee8abc6a609,41736,6342,19:25:51
666b1e8f049c73b92b027a0cfab52f6e,42257,63937,19:26:19
0542094a2adac24a3404abc348b6d498,41760,21735,19:26:22
7f1b34ef84425e57a1e060db5c5b4972,41792,7055,19:26:15
69cdfc92d7a3e328ab7641659b58e016,41736,45074,19:26:49
e4be4f098ea62220d59489d6f3b9b329,41744,21584,19:23:01
23fbdbcca2fddbe24fcb338a800226c4,41784,25602,19:26:09
5eed245864beb859c2c0ae63ad9fa0e2,41768,51071,19:27:06
810cc219010e2725bedfaa1046291534,63435,11592,19:25:57
464480faa3d6c289f040f1883ef26520,41760,41144,19:26:10
3154139aa4864f20694f555487c4da34,41744,30232,19:26:25
34e9cf6de21018b9209b6a35525e4584,41764,8803,19:26:47
721d6739aa83aa91c75fa5250123e4c1,41832,41421,19:26:36
70de121589b79a8e50d1a4930b9bf057,41736,5102,19:25:49
cc6f9a38410a05155395d4c446521b6b,41784,44488,19:26:18
e71726ed93d1adfa850ad7806ddc0074,41777,51341,19:27:38
820e276586fb2759a6d121cf6abfcf0f,62753,37126,19:27:41
14119be19600bf48165b7e036d4d90cc,61726,40582,19:28:00
c7e25606946b175463bd05c8659936d8,41745,11155,19:26:54
7a0405a9cbb2c08142ff0bdb6c67836e,41770,28533,19:27:15
cd7a51ca6063fdd31995d6b3e50d183d,41852,62281,19:30:35
bac41a3298c825600a4eb89abd1027c1,41820,51791,19:27:37
7bc4dde4d878bc57e3405b2e3377d14a,62752,33602,19:27:34
1ddcef406b8e2cb68ac005b10da01693,41784,1952,19:27:43
f16fb3ea2ec9ebf03f33eac59f506e29,41744,30395,19:28:27
6c201e04520ed9d69058e012a3945bc0,41744,20514,19:27:17
5dfa93c26757c93572ff113a018d5cfd,41778,22242,19:27:23
0a84fb95ea510584349e1ac832f383e2,61729,47523,19:25:12
1865c3623a3789fd6cad81e34f076eb0,41744,25674,19:28:15
e9cece848a770f1b7e663a1c87dc684a,41784,37081,19:28:35
28ba23ffab65c4c27312dbb479623c01,41817,49732,19:27:31
f27165f63d918cf7f193c735e9ddae72,41744,835,19:27:50
762eabc126fd55283f215bef730dcffc,41736,5371,19:28:08
5c29dfc04a3c016e38680a1982bced14,43028,10112,19:28:29
ca78f45c3616407df5b5d2e0d32f4b5e,41752,26712,19:27:16
f1a8f444249e07278e1648c4e82596c1,41833,42161,19:27:34
0f1d6050c4012879e36694baee82fb68,41744,25061,19:28:21
5b23253208a8487a389dcef33d0ffff9,41753,23772,19:28:21
0309021be7e63b14fcb085cf2d0e4ea3,41784,40474,19:28:02
4750936d897ebdc2d7548de10048be59,41736,41981,19:28:42
67b0f03348ecb8cd5f4c7f201bc4f5bf,41784,2582,19:29:22
95e28a4add47d68877f7e5c021368f8d,41784,1686,19:29:27
4a524fbae25ed2769f88fb279b7b0f5a,33567,15132,19:28:48
15d5bb0582648d5c9ce30a4e7d6b7509,41752,21192,19:29:14
ce0857e4a7417ca4d26bb6968396f664,41832,39144,19:25:42
e0b29d5842583f8d9a2dfa2777a9f3ac,41736,6264,19:28:45
a147ba8fc2d2ec243ce1d8270aee030a,41833,42693,19:28:57
f13dfd344ba75732c6dcd8558526e8cf,41736,41263,19:29:37
766042a9fcb6214485de67ec190101b1,41756,32253,19:29:24
f72e5b93a4892be0882e9e1c18cc53a1,48064,11451,19:29:50
6c201e04520ed9d69058e012a3945bc0,41744,20514,19:28:49
c348397ce4ab533574abcd0982ddde70,41760,21594,19:28:59
843f2d780dae6251770851796a1d63d6,41776,24731,19:29:08
ec8b05b98e7b8170b63c470adf82f4ed,41784,38117,19:29:58
85dc8a0f84ba2632c38f0258154f69e5,41744,1391,19:30:07
e1a5cc12c681a605596ef9ed6ba92271,61723,32801,19:29:40
8486e52bfd5c5ec903ab308f1a795908,41760,4522,19:30:11
441e204b9020c564a49e0f54006b814d,41744,30363,19:30:03
31e1001d69d3277b8e58b6871f2c514a,41776,58182,19:30:19
d3d8b9e87e5279d5e008b69681c5ca2d,41816,47272,19:29:47
319157164ec74d3d00d07e06cdc8a480,41764,8882,19:30:00
14e3b513008f0ac9b313f9ef6275bf1d,41764,21443,19:30:14
f99f109e1c946feae21a05ef88bfcd40,61698,671,19:30:15
cb3a8732bd6eff72c0794b59bf6d3e83,41852,61483,19:30:25
14e3b513008f0ac9b313f9ef6275bf1d,41764,21443,19:30:34
bf57506b94f65fc9cc52168722a4e239,41784,21542,19:30:19
d2f746aac4cab87e2b7724864b342064,41792,39474,19:30:11
74ce33a9e52efb7a57a6ba32dc893ecb,41764,10315,19:30:44
fdc7348f01c1aabd82479ffb635b9e54,41768,2673,19:30:42
b77ce0b682466fd94b886a6bf54be494,41744,46775,19:30:57
09c52c0eb568d84515eebb9f0a55f615,41792,7809,19:28:32
5910cead8cc5e92830394e2206349753,41853,63802,19:31:16
87aca9247617192b866a81b7c8ab1ee9,41833,42131,19:31:19
a760d6b714abca02a4e3b00500ce65d8,41745,1992,19:30:38
e1fbdc88d86886e5b8056f18adbb8880,41816,47293,19:30:31
3bc414845e4eea4e940acfe886dd478f,41760,4551,19:30:50
853b56034d6170e0bed3b8641fea2ca0,41768,51873,19:31:00
48b0fc3e100c99d8c2fc49fa381fd434,41744,23521,19:31:09
2c6d6a68446899d1ef86b1318464a495,41821,54561,19:30:26
2abbe0082ec12f11ff5ea476d57192bd,61828,3871,19:28:42
e59bbd681679a587ab330efacf448324,41768,27216,19:31:18
dfb08982ff4b19a1efaccc972c306035,63236,6932,19:31:47
ea5e013660e786df464bf80071de1663,41792,7921,19:31:03
67b0f03348ecb8cd5f4c7f201bc4f5bf,41784,2582,19:31:39
c97aebd22eb063ca03304c4030ed038c,58121,29771,19:31:28
a7fcda5b9b6e0fec5475c5460e7ac3ac,41744,22883,19:30:48
6fff7df58b6f6b42460e4af3b781536d,41736,38443,19:30:54
e271e12b25203ae2e663cd06b735636c,41768,26691,19:31:05
19950ee5f18a79dfdf846bd6e028634b,41832,38051,19:30:58
b92c5195c266c912db632df3a8f9db19,41752,41812,19:31:53
3490fae7a39e410f3033a3bb46c6641b,41760,12753,19:32:22
1d92f39c3423c92fd599bb480fa289c1,41764,8822,19:32:06
4b56240828913d14db153c2e6a62e33e,41752,32211,19:32:14
4b56240828913d14db153c2e6a62e33e,41752,32211,19:32:41
96d8ba57ca3bae3930a7d8c191cd134f,41776,58153,19:33:10
79e73a70ade89a01df9700f43b7b10dc,41764,8892,19:31:58
913e089971525f00e30103b59f24b829,41760,39002,19:32:21
8c6ecffcaaa1c9075312bdaab8d239f0,41736,42893,19:32:59
3169f21c2a6415b303f0d4e997813110,55114,9731,19:32:56
92168f61c9ac29154dd52adc6860693f,63235,51842,19:32:38
a68056004e5a509ec2f164b27b46a93a,41792,42831,19:32:05
4e6fcd9f59d8fc436a6c049d403dab55,41792,39351,19:32:33
a02358b7765d4a3524f02a54c3635da0,41792,7272,19:33:13
2debf87700aa77011515d894a612033e,41760,4321,19:33:17
97f7f48b1fb097ae71c3af5cf0872a41,45318,10796,19:33:25
12f96f6358018499cafa87f44a32f6da,41771,48523,19:33:56
ce8ff7f9939f5d47a29d651032c5f808,41777,50803,19:34:19
7d6f95c6191c0ac42b61ec3bd1bd044a,41744,38325,19:33:25
cd970966f8ef232ad45c2e9542ba7a29,41792,7681,19:33:44
c600d37a096c7e9eb3a51361a145b98d,41792,42831,19:34:16
c4b8c0f8a2d58eb4a35dd48d46fe384c,41756,29222,19:34:13
75b01645e7e476af8ddb5a490a791ad0,33582,7052,19:30:52
0878fe6b297004096320fca6001565b5,41784,46473,19:34:08
26ea347ab04234c72ac49b57c2ff729c,41833,42383,19:34:25
2fa4ff7f14d99831ac8951bff4d3bdbf,41764,9053,19:33:36
bce6a7f2aa930472c3a2109ff7955a09,41736,5393,19:34:27
944c5331fc79b8aa1f8fd36e2bfe3b8a,41760,40742,19:33:28
1ccfb0166dbd00b58b8c23311806bf2e,41792,22165,19:34:24
2f29defe963d7be1361c48775d80a3a3,41764,8642,19:34:27
c600d37a096c7e9eb3a51361a145b98d,41792,42831,19:34:46
d26e8420eef349bd97e3b6ea4a9132a9,41760,33133,19:34:51
7dfebdc50f16c8dcd5ea2784049b7c29,62724,50454,19:35:32
82648067ff847152e3dc1b8981b7822c,41823,50622,19:35:13
c0a34f796a74e51af91046936b1eabfc,41768,36242,19:32:11
c600d37a096c7e9eb3a51361a145b98d,41792,42831,19:35:33
72047cd28086c1dad2d4dc9bcc61d5bd,41764,8735,19:34:44
7b8dda3e981bd57bb74ddb880bdca13e,41820,50922,19:34:45
74ce33a9e52efb7a57a6ba32dc893ecb,41764,10315,19:34:46
f173fc2f28d19406af2d130611153432,55170,2373,19:36:04
fa2e04f160611353b7d0d2beed2c0ffd,41764,8692,19:35:45
335d9bd4a3563e7ba55341e33ebc1651,41745,11151,19:35:47
9d4ea5b1edf2360504fd491d13af9e70,41760,4133,19:35:09
5dae09391e6b2a20ca32abdaac857853,41736,41985,19:35:11
f20cff96879d91d09f425cda90a4540d,41822,50381,19:35:57
9d4ea5b1edf2360504fd491d13af9e70,41760,4133,19:36:33
9f7929fc020942cf5e49e0a2a29ecf6f,41784,20288,19:35:10
a570b4cd68c368d1f9b01bbecb03bec0,8580,18433,19:35:28
af22a678de933ff2900c961e5e77fa0c,41745,11158,19:36:06
fdce26a7b98e1a8c997d26ffa747c55c,41760,21602,19:36:22
77af084e40777b0f577a5427b6ca18cf,41784,24082,19:36:59
35c5c4b2e5345f1598351c78506aad8d,41770,5331,19:34:53
c2e6d07018f91fec7ddaf4ead922ef80,61701,32,19:36:55
9d4ea5b1edf2360504fd491d13af9e70,41760,4133,19:36:40
6bd5fa49a7c936eda01c75df41fe063a,41832,41322,19:36:49
5dae09391e6b2a20ca32abdaac857853,41736,41985,19:36:53
ad9dddeb1f5235cf97ccf1182a0f8200,53534,30121,19:37:09
615ea1cf8794c977a5344527a7683e9a,41752,39571,19:37:07
cb744b2073a367ae13eb82b4c36b5275,61710,46953,19:37:35
82e7c83e6a208c08929a8cacb12c58d7,41792,20461,19:37:43
06d551fd45cb7aa044a63b088592fefb,41769,31831,19:38:04
0324142f0985e001d0b9aad6992084e3,8522,22012,19:36:50
aa2b41c0be6750893f0753416baa8546,41792,7071,19:37:19
cb22092dd1d4f7a96a65531400e67918,41784,24085,19:37:22
b0ba620739714125dcca20ce0b531b7a,41784,20285,19:37:53
de423aafb00fc15dc724d321d3fade95,41768,30761,19:34:29
8ba7ef6a925fff518b7652ffd38bc40c,57734,10093,19:37:33
83f08e0fb1f0010dc41b7263bd283766,41784,16282,19:38:17
47b9353273227797f1d0b007d8fcf320,41772,28033,19:38:24
aa2b41c0be6750893f0753416baa8546,41792,7071,19:38:51
13b30e7690e51b51c554da493dd064c6,13347,12147,19:35:29
1aeb6c224e3c51a0f8aecb401e1177d4,41832,40343,19:38:19
73be5a32ac124bc34e9e2dbf3623265f,41736,26205,19:38:23
2e8042e40a911cb91bbab963cdebeeae,41784,1445,19:38:32
3fc7fcac33ed3684cc06f4cc9679dfd8,55583,11711,19:38:44
8a8a4ba59ceca8a0f9a29fea2aeac879,41776,741,19:38:23
c752973bae7c9f9a1d0f5544b94cf8fd,33580,8941,19:38:35
ce95f0ef607dbdc1c008316f91e1a909,41792,7333,19:38:57
06d001345ca0b3545b4d23ceded30401,63313,5114,19:38:14
5f2474aa558c879c8abbf7f5dca8a693,41792,41962,19:39:40
83f08e0fb1f0010dc41b7263bd283766,41784,16282,19:40:30
6a452c3366c17e0e79f7c40a959b089f,41744,1131,19:41:00
8f87d3ab29e5916a27a6cedca3ffd38a,61806,1141,19:37:19
c1d6a26b0c2c27ca125d931e06391965,41752,40881,19:39:30
9d4ea5b1edf2360504fd491d13af9e70,41784,2372,19:39:43
c0f33ab411aded0c2ff02caef810f584,41822,50412,19:40:16
3e4448cfe6a2f7268c7300c64684d5ff,9700,56123,19:40:13
81cfcd2c0c4638f48a7dbeb12494dfa4,61787,7142,19:40:44
eeb485bc1aa6b950fc15e24bf2dd2ec3,41784,1932,19:40:45
4124f1bbe8c6a43fb82d3738a89cc24b,63409,1592,19:41:28
4cc985b2c60126f7b058cb8b0aff58ad,41764,44423,19:41:09
13d674092c28e86767b71ec134455206,41760,40202,19:41:41
7dfebdc50f16c8dcd5ea2784049b7c29,62724,50454,19:41:17
9ff12f99684d9cc06bd274fe1de6bce6,41745,11151,19:41:11
b393ce5d9965668040839f35363dfc73,41744,9755,19:41:49
7f9d0c627d699d608ebdc9d219a9e30f,41784,20722,19:42:00
8ea9a0b30faf7cc4a9b938ccb70209b8,41736,37593,19:38:24
edb3f3860f6e1a1f0d2fcae8986fd82f,41764,24161,19:41:19
edb3f3860f6e1a1f0d2fcae8986fd82f,41764,24161,19:41:21
c6cc613187c0fe05e103147d62aa2a0d,41007,17031,19:41:08
c479c2c04ebec10d9095f21ec9cc501f,41736,5515,19:41:19
e7a73ba64d46c113e52e9d4d9c4a8e74,55066,44031,19:42:14
c9ec8b5a444f146da20f004982964fbd,41768,53622,19:42:08
c752973bae7c9f9a1d0f5544b94cf8fd,33580,8941,19:42:27
f551d6d34df00e29d1e60ef3d13c7638,41764,25561,19:41:59
55e48490e30e17470d4be5692ddd1a51,58640,20800,19:42:13
4e2d0d57250d538987da34adea7f5e19,41753,21266,19:39:19
5f2474aa558c879c8abbf7f5dca8a693,41792,41962,19:43:05
24d23ab3fd60c9c048d7a83aba386792,41745,14561,19:42:40
2b601857453f0f2a0163e00791059865,41744,42911,19:42:53
7dfebdc50f16c8dcd5ea2784049b7c29,62724,50454,19:42:53
98a76216e2cf244f2ec689727fa27dd8,42288,16331,19:42:54
98a76216e2cf244f2ec689727fa27dd8,42288,16331,19:42:54
5c4daac262cdecca3a7572b1dabebe15,41784,21542,19:43:28
25bc52b68b6175b17bc39f8ed5ca63bf,41784,37901,19:43:36
5be136757b33c5a8bc8deb130c73cbbd,41736,5941,19:43:56
653afe24392e5760ea5ddd79c90b9eb4,41784,1365,19:43:16
ea36cd2d99d9ddb5da3872fa89887dfe,63314,685,19:41:57
a97e25e23385ece9396205dde805cbb3,54018,63241,19:43:35
e0bce4ae351b6cca9709ff08c88e13ec,41768,23282,19:44:19
5913adabe3ba66a6382f05ebd9de39d0,41736,23151,19:44:13
c7d6faa3486b4f4ed0e0ac5c6d40bb82,45832,18211,19:43:40
e58a9ae06384173fcdc72e88e5512429,41744,8582,19:43:43
07d5e982cb6441f597f86b4d35d8ed1f,64979,30013,19:44:24
4124f1bbe8c6a43fb82d3738a89cc24b,63409,1592,19:44:54
5912720814fa91480683187457a82868,41777,4462,19:45:20
eedf50cc8decc0126f26ffc3499ad709,33560,41350,19:45:29
19d545cd6825c90eb0b535ccd954f695,41832,45307,19:45:44
591f4f19934ea6a2a9aa8af413a7f789,33593,19811,19:45:33
8e46c91334951e432944cac93df5daa6,41784,28284,19:45:38
4120949aaf29e63a8ca7bc0bfc1765f6,41768,23285,19:46:27
55f457e9feaf05c33ffe9acdb56f5633,41833,42902,19:46:07
e88491e1c454be8fc882cda5207b739b,41744,20122,19:46:38
cc84decded391cbfb3a89176cc2e8da6,41736,5560,19:47:17
c71e91e909a9dc4ad955b4ed9d693ad3,61729,17192,19:47:13
63255d66ff636d218a45df1e82b5a0ad,41768,511,19:47:19
3dfcce7accbaeba30accc311a84748f6,41833,42122,19:46:09
b5b497bc247fcc2bba2a610e08560214,41777,58623,19:46:46
344c0cc9476d6e837cc7e256f7ba24ae,29473,40533,19:44:48
0a0ec699f6ffb3a01edcd1cc401b6174,48066,21221,19:47:27
6b78bb402ecef68d3878b22644f37ae6,41764,25561,19:47:32
050a6a2b67855565e2e874e92119a28c,41792,26843,19:47:49
e58a9ae06384173fcdc72e88e5512429,41744,8582,19:47:44
42c9c8dcf3c5abdac885d9f836e3d00f,29762,39831,19:50:56
d37412f0d804f299646a4c6f3d4a1be4,17922,62841,19:45:21
0a0ec699f6ffb3a01edcd1cc401b6174,48066,21221,19:47:41
739aef4d1f860195dc76df8294f4b43f,41792,8181,19:47:58
cfc645687adfe6698c84eb169a4b8aac,9985,12682,19:45:01
866345d250c994eebccad61e884ce1b0,41744,9692,19:47:35
b45c2fc9841f810bcadc325dfc6984e6,41756,54032,19:48:08
72b984eace333f3fd76595dda4f0cbab,61703,21693,19:48:55
fdaef59eee72344c9d445c5b90e034da,61710,1783,19:48:31
59a933ed1490df16213726002365c388,41760,22761,19:49:22
a72f4c6c259eb08853e9f68b01a7e26a,41776,31232,19:46:07
24ac24c19008953e20b698edc463853f,33570,48450,19:46:50
63255d66ff636d218a45df1e82b5a0ad,41768,511,19:49:41
ea19cfa98d0275875fd1da6891c0fe25,41784,2216,19:50:24
02e85c3205577d972809c26aeff4dcc0,41760,4122,19:50:31
870fb35d0fbf16e7dc95a16cd2bd0194,41736,5081,19:50:06
185b596539cd4583586a0795a98259ab,61709,4072,19:50:35
3b2c8489a6cf0e798d730a3dffebf68e,41752,47462,19:49:47
06e0b2f3fd79f7230075500e61bb781c,33564,7187,19:50:07
bdc6fce86de54f2a8ccfa70300049fca,41205,15131,19:49:53
add9e907fa6665f52db05d0c22260648,44093,35392,19:50:42
591f4f19934ea6a2a9aa8af413a7f789,33593,19811,19:49:21
b5a6788128c28eef37ed9258d0ba9d69,44081,33602,19:50:41
258e9624a6e96c7b91dff008b6e038da,41736,13682,19:50:45
2104aca20b3bb24f0372cdd8d5988e6a,41736,5141,19:50:54
7a61c0473b7ddd95ce1df9498128fa62,62800,59143,19:51:38
e9eff18d0b4ceed1e5aa04c34e1dbfe4,41816,47453,19:51:14
1ea4225cb386d67fca554af7794177de,51139,14021,19:51:48
ec1f374947d8dce66682937178adc0fd,61713,41392,19:51:36
2a3deb6d3480f5d87cbc490c0a27a11e,41792,8292,19:52:03
89deafe95d12bba00d6572a4080cea54,41768,52265,19:52:20
ca020b7c800e594fcca9a68bb2ad6a2b,41792,45173,19:52:11
7477ca33a29b7fc6f3f04c97c1c99545,41752,9762,19:52:47
acd6bd27776b822ec39d433207a90ac2,41736,24941,19:52:37
ffa6c13f8114926cdbc986f75771ab2f,62756,13142,19:53:16
5e89fb57bbf9f5a2300a1c7fceb9be6c,41736,5173,19:52:22
dcf766588ccc7b262ba3d0f2f1b7d911,41760,44721,19:53:03
728a03257ebdcaf2879f0be42ca8c60c,41764,41187,19:53:18
d8bc10dbbcfe7812727764075e5d0843,41768,56003,19:52:40
d04a9d475190c34f2bc2b5df7defaa92,41760,26382,19:52:54
2a3deb6d3480f5d87cbc490c0a27a11e,41792,8292,19:52:52
0e1d3a52b743677ecf4c8ae4c12c1325,41776,30523,19:53:35
2ebdaef2c26102d416905b17c23d7976,41736,5171,19:53:35
c487b4e42ce26c0a2266bc682e9970be,41792,39501,19:53:16
c487b4e42ce26c0a2266bc682e9970be,41792,39501,19:53:34
e58a9ae06384173fcdc72e88e5512429,41744,8582,19:54:45
574bcd0556ad1fa20477f4150177da30,41736,6161,19:53:55
947d3eeb23075e8ecd79dace56fbb24c,41764,5573,19:54:55
e47a12617f0b3641894aebc0ec6ecb8b,33552,4165,19:54:57
842e48d5feb0f152547c8a5645f0cd41,41769,1172,19:54:08
469ff165fcf032bcdf1f25cf5d37b742,41784,44483,19:55:04
fc56efd47cfb58e210c8803b0f2cd574,41778,1422,19:55:08
ac58a7d47485148c409dcd1f668a7b02,41764,9041,19:55:42
1991354fadb9ec7b4fb8667148d1bc16,41768,56852,19:55:08
56400828d33b592a212d5367d8d16ac0,41736,38432,19:55:55
cbbbafc5569465c32879c7c9e46d13e9,41764,5572,19:55:43
1606f7d7fd02d88a7b18943e165850fb,8510,18028,19:58:57
0262345849fb67e2c24f5530012f1c15,41792,7193,19:57:01
897e8c5077c3bad359b97c9b74e4be5e,47876,10172,19:57:07
54a770e7e4fe21e72152d842d651c0b8,41777,24436,19:57:13
f6872859341223758dc3609f8a521c0d,41745,11155,19:56:16
a9d136210158d44f99a9a6e449fd0d5f,61885,733,19:56:50
436906929171c0fbc4b466cd62d39b1f,41784,38111,19:57:14
65ec0510ef01268d9f844e24857833b1,41784,20281,19:57:52
65ec0510ef01268d9f844e24857833b1,41784,20281,19:58:00
89e7963b9e9e3a328c65b40bd04b5547,33599,57377,19:58:21
9b9daf8175561ddc652f9e0e373382e3,41776,4431,19:57:38
46f250699202f47d7f9336167f59e1af,41832,39492,19:58:29
a55abef259868424e03d1d16b3647500,41776,52801,19:57:34
917c5002ab993b604325a56823ec2c02,54045,13813,19:58:14
436906929171c0fbc4b466cd62d39b1f,41784,38111,19:59:29
89e7963b9e9e3a328c65b40bd04b5547,33599,57377,19:58:55
f9c95b32cc2353d51e1af55f587e9615,41736,32741,19:58:33
dda282e991b6ebe0d14f592a511bf287,62722,10685,19:59:05
63e3f5d94561d64e98fce7c2c28c3e2b,41744,41674,19:59:42
b32f25dffa88995edd452344caee4981,41768,31963,19:59:51
17022680d7a75dbf325519c16aad931f,33576,48040,19:56:51
ebcd7a025afe787a9572bef1a7e7142c,41744,11282,19:57:26
3109666509fdf2d58c641a34a2eb84bc,5676,36566,19:54:48
4f403f9a5d6616a8c18d03e864461eea,41744,36281,19:59:17
0e1d3a52b743677ecf4c8ae4c12c1325,41776,30523,19:59:51
810b386f076edae12ef791234f85c477,41744,45581,20:00:10
ed8e4f38cff2ae81d2114ba60ae1a986,41744,25053,20:00:19
85a676f7ff11aee6d52b67d959838960,41768,2972,20:00:34
8bd534448311596e73dca8d75571d78f,58629,40410,20:01:10
8bd534448311596e73dca8d75571d78f,58629,40410,20:01:28
ac5e54cb5cca76c3c8b2bd27318a4f18,41745,1413,20:01:25
de97a1b24627acdd7a15b51f1991fa3d,41736,41361,20:01:12
3c124f049e520eb1f176e29a2d30ab45,41736,27582,20:01:59
8361722f7367fb3ddbf9aed2f630a2ba,41764,41103,20:02:52
8bccdaf746387f0b532a76a15183f584,41760,31503,20:02:57
2ac544d3dba48f091075569fc0404639,8552,22253,20:02:05
15390f400cd26adfddb11382fbc3f803,41752,26736,20:02:14
572f6b07ceb4c4b828de3b252b3773c2,33557,35341,20:02:40
3c124f049e520eb1f176e29a2d30ab45,41736,27582,20:02:13
4a4305430735a6a93773c5c142ced5e2,41760,19671,20:03:28
ca36976f3da96b19afeec51dde5ee8d0,41776,26283,20:03:38
e36609d926a60468c1738d356417e529,53518,21508,20:02:07
de97a1b24627acdd7a15b51f1991fa3d,41736,41361,20:03:01
e36609d926a60468c1738d356417e529,53518,21508,20:03:28
339d11ba2279e495e2e9f3941c8ed892,55200,51689,20:02:49
39e2faf4a07eebcacb5aa71a9d610114,41753,40855,20:03:03
b9a72dd67007ce47da8a8827d622718c,41776,34362,20:03:57
8bd534448311596e73dca8d75571d78f,58629,40410,20:03:50
d033b09dcd225780702ea97b74fab240,41760,4182,20:04:34
dd201e9eadf687a5f3b810420b8a5075,41784,24093,20:03:56
78b85363737c8db07d829c78043a87d8,41764,45452,20:04:26
985fd1ceb6fdcd33e49a99ca75f40886,41816,49561,20:05:01
6e3641813bfa18b0ae41d92e5f42a547,56401,50116,20:05:03
da891125bc6f44e7420ec58b42686d7e,64771,7813,20:05:13
f9414d2ea619992827002d271ad64479,41792,8274,20:05:51
d01643813a5687e5050e6d96498ddfa2,41776,48461,20:05:31
6295c137f4420c0a6f57d823625b8df3,41736,5704,20:05:35
b9cfdc4207850224f302cc5dab40983f,41745,36215,20:05:46
f575fbbe1d70dfefdbaa05f40b403089,41744,1313,20:05:29
45b0dfd1cb717a85435408f6a6658bcb,41768,6321,20:06:18
4452db0e1d3b7c6f902a62b5146a41e6,41760,20572,20:05:45
879c22d3cce1673bd1780f766c7e8243,41744,37922,20:06:48
ad542701622112b56b1763a80bdb7333,41792,7781,20:05:39
4874586ebb0655b558fa914664bc9a3e,41769,31141,20:05:47
53490aa2fc1840b5affd788e9e8862a9,57621,1849,20:05:51
b7313464017b64a849e22cf875bb1756,41792,22195,20:06:37
73c78f2e9f0bde8ba24aa3f55df3212d,41778,25932,20:06:58
2219d3ba7d612f4ac306921979726e04,41744,1761,20:05:59
ee5e6d66abae4a5079ae143e08d58b29,41736,5001,20:07:12
a8b3d8eac9d346a23ccfec44642847b9,42296,17331,20:07:42
bf4d31bd36ec0589064d59f5b46fa14c,41792,7293,20:07:34
6764ea9b17a5626a320370b4ceb7c38d,41760,12772,20:07:26
15390f400cd26adfddb11382fbc3f803,41752,26736,20:07:50
d171d3c2bf3b12cae96ee130a685f9b2,41764,8771,20:07:25
48a5812a2d5880bb3902e8cf2d24ad8c,41752,38371,20:08:03
f726991d6e1fc04af427e78142d45bf2,41832,38661,20:07:52
78a861e084ffd788dd9a08cfd8e4f956,41736,5561,20:08:39
dce87a4a97e5648565f9a1c23f7bd8d2,41792,31851,20:09:06
7562ca83f4ce2003da15bfdb03c8c05d,41736,39413,20:09:14
fcada3c4f99099ff6ca8bd4956a8fce8,41784,12042,20:08:56
e45529146133bd6fe352689d8731b377,41778,35059,20:09:06
60cd5240dc286017967f7f59515bc436,41736,22071,20:08:43
ee7d330769fdd73fb896d5876cabfdb3,41852,63631,20:09:01
97d654e2eaf61cb7497e590309515c53,42300,12831,20:10:42
7562ca83f4ce2003da15bfdb03c8c05d,41736,39413,20:10:51
15390f400cd26adfddb11382fbc3f803,41752,26736,20:09:52
fe7817e3bcbf0228a93dfd5f39ac3566,41736,22072,20:10:21
39a85e4f435076b178cd2331deb3cd4f,41792,41592,20:10:00
01c51ed5569f680b0ae8d3ee9b1f7c79,41764,28422,20:10:55
fe8692bb67524022579740c91dd74b31,41817,48563,20:10:27
f9cdc1a35a8b6099716b3ca8164cb23f,41752,21193,20:11:27
a72b1359a346f8b6bb6ccb80bf94fcc4,1311,56722,20:11:24
d8319caf657587dbbdb9788e4ae91144,9712,18582,20:08:46
b08921b478f6c573ea5e9bcf652c7531,41784,1942,20:11:24
b08921b478f6c573ea5e9bcf652c7531,41784,1942,20:11:32
e0f87b2dc8dd7ce1d24856eedfd0fcbd,41744,22003,20:11:32
157430cfdf36493d4cb2742a8b87cd2b,41756,2083,20:09:58
95fa6e3cfeea58641d577f04cb47ed4f,41744,24592,20:12:53
31e40fb430eb2bc4980582a0bb651e9f,41756,34881,20:13:33
130d401d55803528ea4b16c3db07e967,41768,26932,20:13:40
10e637d595c32a5e5237e9c44c0634bc,41736,5068,20:13:29
0a5f1ede81ec1a574e052f156e5cc20a,33599,57049,20:13:51
0a5f1ede81ec1a574e052f156e5cc20a,33599,57049,20:13:52
dcfef453343c019be1b032c0add0a4f1,33580,950,20:14:37
a16fbe548562f48bb7201d6c24db9863,33562,7945,20:13:54
c80a3dbba3130bc99bc074574004ceaf,41821,51603,20:14:14
74e7a10d99e4f6983c60758f955b81bc,55040,56961,20:14:55
1f9a21246806e661aa890150677193c9,41736,5423,20:15:49
2958d8eafd9d6b0bfb60fa5cb0183c82,41792,41592,20:16:08
da81c3113201f1626489fea0d0911478,41820,54681,20:15:01
71ad5460d4076c9072bd828ed0eb83b9,41752,38083,20:15:19
fbd9ab5d7d2a2a27322ed4e851d19d96,41784,26571,20:15:51
fbd9ab5d7d2a2a27322ed4e851d19d96,41784,26571,20:15:52
0046791b26bdf9506411da2ad4cca72c,41771,26553,20:16:11
fbd9ab5d7d2a2a27322ed4e851d19d96,41784,26571,20:16:14
480bd9326d7c64190e8cdafce89b00a0,41760,44642,20:16:01
29ba0aadfd8dcd466187318f92adb98c,41792,38993,20:16:15
420635ad550562964eebec463dc039a6,41736,9631,20:17:25
fcd76e5c3201e711cb32944a6b4f07bb,41736,5742,20:16:36
71563b84bd4123fc87f3f69ba9246077,41784,40462,20:16:54
3c82af2d345dae77be50449961a1da73,41764,13466,20:17:17
fcc37b5e780c88d24915d902f610421c,61730,29792,20:17:40
7ff68dbbad832c0543391fdc435dd8bd,41792,39354,20:16:54
c1b469d4423801d551d2b6d189247dc9,41816,46687,20:18:08
736c3751c5b45963a83667fb21577b2c,41768,23012,20:19:25
f7e0161d03b2d55372e5e49eb1f31ad4,61726,11701,20:18:41
d541a2cc295144fdb706a925e8799889,33595,61810,20:18:26
e4bc931f72ba19c6c88792ca91847000,41736,5561,20:19:13
0cd023c9fc8c83477f751a05bc957df6,41784,28284,20:19:41
7d0761449ecde59eb078a0bd7f411d3d,41736,38542,20:18:53
4522616f438229a1ef107c909ed4ccfb,41778,49034,20:19:24
b8ce20c6b78d2911c1a2b3ac5e8c0d6c,41760,38791,20:19:47
130d401d55803528ea4b16c3db07e967,41768,26932,20:19:41
4389d40649fef0d81ebb843c5f029884,41768,35083,20:20:24
57f5a96e2a67b070d7c6e0d998029e76,41744,1061,20:19:43
7353413a5c60dba9d38afbb05840c30c,41745,40701,20:20:26
2db433a979bf8bdd02a971b3614e08f6,46900,37312,20:20:04
e7286e5926d1fa80cf56ed29f52dd22a,41769,31782,20:20:21
14451034d51d65a2d87020772a7bdcff,43044,46792,20:21:27
b8ce20c6b78d2911c1a2b3ac5e8c0d6c,41760,38791,20:20:50
b8ce20c6b78d2911c1a2b3ac5e8c0d6c,41760,38791,20:20:53
20ae293d41d7468d3656618ec5ebd193,41792,7873,20:20:54
791d71b199a9f8a155dd987ea3a2929f,41760,4253,20:18:50
d04f8332174c626053267e8dc5d5551b,62721,16643,20:22:02
aadf5240f30f2ed694c4cc6403f01fc8,41736,17571,20:19:08
5bd6567ef97b687af4956482eb826ffc,41736,5733,20:22:37
3a9f21705808e9c479f261fdba13a9b2,41792,7003,20:23:36
f785a0e58da696005d90f631516e9400,41736,5331,20:22:37
000e1e426b62dd10c4b0ddb91e54ad89,48384,25722,20:22:42
000e1e426b62dd10c4b0ddb91e54ad89,48384,25722,20:22:52
5faae0ca76d89507ba6de835f6d32f77,41773,51063,20:23:37
51df42a76312a01c0919a86d17feecd5,41744,26552,20:20:06
3c33077b3db4c95f7063014ab1984c0c,41736,38563,20:23:25
4a26f2ff062de9a8a02c9398152e008c,57667,14321,20:24:00
934428b4d39bcb8ae4870ce06b20f135,41784,2329,20:21:19
b4b7f7169c96b22aff84bf054ac348be,41852,62003,20:24:10
78ec97d1ef22a5edbd75dc85a63493b1,8402,18191,20:25:15
e6b85155f356bace9fe2e7962252649d,54217,36792,20:24:33
c30bb1c1b4bad3a3ba4c2cbbec612c5a,42320,50751,20:24:30
f6ff141bea743da643de053e8c472a70,41792,7882,20:24:52
78ec97d1ef22a5edbd75dc85a63493b1,8402,18191,20:25:17
65a8b8bb53b972b8ecbf6bed686b196e,33561,43900,20:22:21
95b0de92e8cfda7462b4240f35a587b5,48542,10651,20:26:22
3c277da80fe0ba12444117ec44c70f9b,41792,7712,20:26:35
f18b457895f7d5bd51d1422770e96515,33586,14634,20:26:14
13d0745f4a6d632ea1353dec52423c05,41736,46696,20:26:17
12731e2961f0fdddf8a3d717072e46d4,41833,59541,20:27:19
62d05029a22293d7242896ef487f6c5d,41736,42362,20:27:35
26315d17beb4825bbc6a2c1ebe912152,41784,2323,20:26:18
d88db857fac18eea881af1ec7e4a172e,41760,26385,20:27:31
63ad8a915e30b6cbbd41b84445823efa,41764,10242,20:28:12
8e5310cccd72b81c732643aeaeb27866,41776,50961,20:28:22
a73054e08602aa63028590e53ed82115,41736,15561,20:29:19
fb8cb2cf70f7b567213b0e7f70eeacf2,41736,5081,20:28:38
81919298753a6f252911625f482a78c2,41816,46071,20:28:37
9209c5525f1bd3cddab76773bd2e28b0,41736,5312,20:29:29
6af259f95be3c6a7dd2a403a5601109c,41816,47422,20:28:55
b60817b8161cb069c37bac153d90b3fb,41736,22141,20:29:37
933392faf941bd0689d2a8cca26d271f,41760,45321,20:29:42
ce501f154e92edb5d3e31ab6f99559b1,61709,53594,20:28:37
829c8048d97ff34897fbfe8cb493eb6e,41771,58912,20:29:00
500056da139ffa76d5651017d6af20b6,41822,50143,20:29:29
1acffec32ed56aa856914bd6f8415ec2,33559,54990,20:26:59
f2bdca92fdbc8b749964e5225d2bab27,41736,5702,20:29:50
467746a8345de1f251ea63f7c0e7ba02,41768,2401,20:30:11
90ec9ad287389938935d84e807e30086,41736,22041,20:30:40
b60817b8161cb069c37bac153d90b3fb,41736,22141,20:30:52
b60817b8161cb069c37bac153d90b3fb,41736,22141,20:30:55
f785a0e58da696005d90f631516e9400,41736,5593,20:30:00
9209c5525f1bd3cddab76773bd2e28b0,41736,5312,20:30:41
6e5420aeb3b8bb47d5258c8c308ec9b0,41201,39221,20:30:56
78dee2b010c871fee5c503d6f2115db5,41205,19331,20:30:18
78dee2b010c871fee5c503d6f2115db5,41205,19331,20:30:21
2ace19a69a89c2ff1b3d8e10b7123014,63237,6563,20:30:49
9149cec94766efadeb1c16a5828e2cc3,41816,46912,20:31:26
a5bc1c537a60e5a841cb4b49c0376a97,38201,57123,20:30:47
81edb86eae7c9f9b0bc2064694934dca,41760,42142,20:31:13
279e9c0be8a79178ca158e1a67e13c82,53699,4311,20:31:48
037a5bb365cc37074bd7580dd7e83f4d,41764,43243,20:30:56
e56455728e7d642fd8d2f82749659f6f,41736,22951,20:31:30
e7515acb8d59d6c18f295f6cf9626b78,48387,30117,20:31:59
2784b735b0eb9ef193866828dbc34bb3,41784,1884,20:32:04
fe7580831720792d84012d48c226e30e,57611,14332,20:32:18
c02ff01e83c0d511a847138e08c589b4,55552,4382,20:31:54
f944c9059caacfd9bba9c37e13a4260c,8546,10391,20:33:40
54644b96af89e4c7a0220bd61d77a7fa,41736,5407,20:33:54
6436775267dc55fe5865911f35c8c38a,41048,7833,20:34:07
079b2a369f9f53ea0d8ea312cdaa3e42,41784,1942,20:34:50
36a1b79647e9231e5be2fb8eb7a9ae72,41744,402,20:34:04
241944fc76057875eb87e392474d213e,41760,1711,20:35:17
241944fc76057875eb87e392474d213e,41760,1711,20:35:18
9057f9c127df81bcf23ed0582e6aa38f,41772,28061,20:35:52
d53f29d67801aa8f286c04844fbd1a3e,33590,26417,20:36:13
d541a2cc295144fdb706a925e8799889,33595,61810,20:36:10
9225c3162b21baf1838036daf466011a,41764,9003,20:34:06
9225c3162b21baf1838036daf466011a,41764,9003,20:34:20
e56455728e7d642fd8d2f82749659f6f,41736,22951,20:36:59
d09cc5846521dbd042ef204732054036,41780,2283,20:37:23
debf45597642d8e338c225ed36eb22a2,41745,32932,20:36:56
1235236ccc5da8a33884f5e7d841ea2b,41745,1451,20:37:25
e630c3f6cccd4d17822791e50076deb6,41745,36814,20:38:01
4353a2f7428408cdbfa9d3312e29cb02,41771,33041,20:38:21
4353a2f7428408cdbfa9d3312e29cb02,41771,33041,20:38:32
b598b9d78a66953fd0c3594c2c9eaa2a,61709,801,20:38:26
c9aeb83e1b6a2d170c8a48c8e0266224,41744,24202,20:37:38
b661416960aeef5b14f0b760b8ec1d49,41820,54901,20:37:56
5088c89e7b1a1b0c7fb88dbf780324d5,41764,47961,20:32:16
0fafc9fa6619a2460ee3e07a48b69af5,55641,38452,20:38:32
1e47a6d3d69172a0a95ab23cc8e5b34f,41752,9521,20:39:17
440d064b54d2cdca50eaf7c714edd7ea,41760,4263,20:39:37
2339e0d2a33aa4ca9034add0549b6a41,41816,52405,20:39:25
37dd3e67dcda1f6b262d3a72d3f004b6,41760,47894,20:40:29
625c2d63c0d1ac09cce660e4ded3428c,41773,28773,20:40:44
f1158fcd834224db5f789f848ca06879,41745,1812,20:41:00
16ef572c6875629b18c18a79cf1e20f9,41744,39843,20:41:24
440bdedbe1e62866f879efbf23153750,41776,4102,20:40:18
debf45597642d8e338c225ed36eb22a2,41744,37922,20:41:11
7fa5d49a71676b300e66b4413482a0ff,41777,22353,20:40:40
fa336a2aaf2ba8906fda2b55d4eb5b4c,41792,7453,20:41:28
dfe8c81201ff1f3072f765f33bfcc358,54101,16333,20:41:54
beb58cf8aa4bc2a62d4eed3c16dd4202,41784,2181,20:42:14
f85ae93feff256fb51ade600549c06bc,41833,59166,20:41:28
d2208913016597c063693f6274248d2b,41792,41581,20:41:56
6f872467aeedaff5d0d2e126442a17c8,63234,30094,20:41:34
9c820ffde537f0b7c6cd325dacb4123d,41784,45572,20:42:11
96f4707f05f3a9cd329da1fc16e84612,41792,17361,20:42:41
3d4de71838f0d06805b91439be12aadb,41745,22432,20:43:31
ec1b3493c75317e227788956ac8f72d5,41832,40013,20:43:49
b9da6914ec5a2350a5e86d90046f6741,41824,1143,20:41:03
8c8090572024c54a2b765327f4119b11,41832,39843,20:42:44
8c8090572024c54a2b765327f4119b11,41832,39843,20:43:36
4d917ab1752327c681a56998c770fa3d,41736,5065,20:44:09
067ad8f0c33b8fa49ab58378d25ed34a,61775,4991,20:44:56
11450b1abec854983a177230b36b108b,41792,21802,20:44:41
1c78fc8332f0e13dd98630bbc7938b1f,41752,32293,20:45:48
a2961f09513cfc45719468b39e4496e8,41764,22262,20:45:29
baf0ff3f9a2bfb949b2df6eed2d45067,41778,25939,20:45:22
b5362bc59b2a47b30e2111b97eb564ca,55710,50451,20:46:41
7e3fce5b3b99128985539695aeea71bc,41784,26571,20:47:16
8c8090572024c54a2b765327f4119b11,41832,39843,20:46:41
ed3614e43460fbdde8cafc2df947df41,41768,29931,20:47:53
ed3614e43460fbdde8cafc2df947df41,41768,29931,20:48:01
46750198d31a1f19e0eb49b4819b180a,41736,5567,20:47:57
485ec665c392c08399597fddce93185b,41744,4432,20:48:39
a4421722e6bc21353b77bc5c1e290307,41776,24975,20:49:11
a4421722e6bc21353b77bc5c1e290307,41776,24975,20:49:11
7bc768d100780ccb0a0ea87a27148595,41792,22182,20:48:51
c2c79013868fc897405485d7d075c941,41736,6741,20:50:24
ad8941f345ae3d397fd2128e05a96c69,63313,5152,20:50:18
8603ac7536a9de71ba54bc6a5d0d8b82,61821,715,20:50:48
6e34972ed1e32b851ff777cf5e8fd146,41822,53502,20:51:06
204e4cd1f60fe1573ab440c5f0f34f50,41784,39222,20:51:26
564a1a04589a8f445529f7c7a9c18eed,41832,38331,20:51:23
8db7cdf1d7b085fe2573d77a9911f867,41760,4062,20:50:44
1507a9b6cfe6b55a4005ee9410eb54c6,41792,11842,20:53:37
45ae0a378f6d9082e6303ba4a94564e5,64770,2273,20:53:42
b7fbcd0dccabb33f54e41a8cfa83509e,54080,1811,20:55:33
594d3fdbbf095615ee7f141cb8e3444e,41744,36,20:55:29
b3cdb2117d09a1ef65d4b485a80cebd1,41736,6831,20:56:14
ccc5a49c751772bc4751f5d3350b9965,41792,11071,20:56:12
f607e811d8e137500252b35419c82404,61893,1102,20:55:51
d57d9d933b8b84a74a5e0784647fe1b7,1058,8481,20:54:29
242b7920ddb00a3dfdbec9be4711c571,41777,36655,20:56:48
b661416960aeef5b14f0b760b8ec1d49,41820,54901,20:57:01
2689d1f73634d10961a0fa18bfc9bdaa,41745,42035,20:57:35
f4190154dc9bc8907b40845069bd24d5,41820,51824,20:57:37
4f98089d72391653875868657494a240,41764,43141,20:54:44
74205b87a0364fa00f268d6bf43cc540,41784,2601,20:58:30
91519d21ad7607ecd8472032c3483561,41792,11562,20:58:05
2037a70e0f4ee39863800fa66b2ebfa7,41736,8152,20:58:20
e47d40b32fc5f5300147bc5cfd07cb55,41736,5461,20:58:42
691066ea83ed7df627c5acb52956162a,41816,46363,20:59:02
d44fcdadc2ee5555eda29bd47c43e6ed,41736,40782,20:59:44
beb3c5869c3ee685e22307a315776408,41784,2035,20:59:21
21d137b294aee583200d2110c11af460,41756,37163,20:59:48
ca04f3823af49ead2485a8dd525d0f7d,41792,11562,20:59:01
57eaba88dc45b60dcc926df0d4471afa,41833,43241,20:59:57
b7fbcd0dccabb33f54e41a8cfa83509e,54080,1811,21:00:24
a053429df2c15856223b84a58e9591be,54091,27962,21:00:47
235c84cca14584bcaed491db74d77d83,41792,18931,20:59:41
e9fe0cae33d7d869dd2a8c1f041d5234,53648,54253,21:01:36
d704c2281b261cd576e7c8b3f4096cf9,41745,24563,21:01:47
b7fbcd0dccabb33f54e41a8cfa83509e,54080,1811,21:01:49
ca04f3823af49ead2485a8dd525d0f7d,41792,11562,21:01:57
3e4448cfe6a2f7268c7300c64684d5ff,56846,37900,21:02:10
ea25ff47181d13f616deb517772a090b,41756,56382,21:03:24
9f0063d582705628b47bc19cebad346d,41768,27691,21:02:32
ef10ca95dc0eb0a805f99c4e475d411c,41736,38572,21:02:39
ef10ca95dc0eb0a805f99c4e475d411c,41736,38572,21:03:09
f5b4edc7c41e4badfb803a2dfbb4f5a0,41745,32945,21:03:19
34952aae00a134d2b1a7fa7cb83cf21e,41777,36582,21:03:19
d28298a5f5a7dd562d5bc717c01d71a9,41745,42057,21:03:35
ef10ca95dc0eb0a805f99c4e475d411c,41736,38572,21:03:58
6a9699467a1c005d2f0a38eb29c31a5a,57602,13111,21:05:47
20dc2a54c27be1dc2756c9c6ba8fe175,41853,47961,21:04:53
61640624e55f9dee16bfa50c775f983a,41760,4546,21:05:30
e1e8863d83fbe75f464a13be8d0dfa9b,41752,42561,21:06:38
991390c7e5755049761688e7c2adf979,41752,3041,21:08:05
3490694bdd54aa5f5bed3b782e498760,42409,7023,21:07:32
c37c429f326a5c2757ad4238d61aa304,49462,18602,21:07:31
c37c429f326a5c2757ad4238d61aa304,49462,18602,21:07:44
e21cbb6db7cfaf0c971a0ead220b7409,41771,2461,21:09:20
618d28db7b716f7b0ad6c8860372f1f3,47894,15811,21:08:56
b5acc166224622d6ac58dd646960f2a9,41736,13611,21:09:37
b29273f17cd9b3dd9556365b1515e6d8,43019,46031,21:09:56
658cbef2e1b06e974ab7d75d1d5a7e7d,41784,24085,21:10:44
ac856a7483834010e87570352c5ed227,41753,38631,21:08:03
45b0dfd1cb717a85435408f6a6658bcb,41768,53821,21:10:52
bf4b0ba423a4b9b187b6b2ca30b65a75,41736,23157,21:11:55
b3decbb477882f1d6b9b60edfa09e30f,61711,3543,21:13:15
ed720b6fea8694441c5e21cf376aa418,41792,7732,21:13:57
42002880684ccf56e0ab49b3132a9fce,33155,643,21:14:51
06713ec02ad094fe7cd071bdb64f237a,41778,33566,21:14:29
acd93d363049a234acaa5e372a13c195,41784,40462,21:16:01
7dfb9cf20bfd9bf39eb97e474121d2d5,41752,9762,21:15:21
5b65aa9fc458129df434f3cd0b41b330,41852,61913,21:16:21
c34d969e7b0393fabbe4440eff3deb69,41752,25223,21:16:33
4de053f0084885df5249d88a0dcf28d8,17941,60452,21:17:46
68f0d9fadfe93a0181a618e59ac966ad,41745,25083,21:18:38
8605858bf30aa8231d880ef76299f406,41770,5321,21:19:02
ead6a35471c19c6c3b0da7fefd95cc81,41764,24161,21:18:20
83cafcedf326aecd879f2c57783d398a,41852,63343,21:18:49
bff98d2bbf2ef61ea4446d2352702cc3,41736,5301,21:20:05
3acf5a488ef25ab49b084508a2af7f8c,33567,11288,21:20:14
cc3c9ab3fe53d00ab933ab18fa30dbb5,41792,7422,21:20:06
cc3c9ab3fe53d00ab933ab18fa30dbb5,41792,7422,21:20:59
cc3c9ab3fe53d00ab933ab18fa30dbb5,41792,7422,21:21:07
cad4e3a51c9e31be066678107949d934,41768,51813,21:21:17
b02d4fb1cdbe837cf2d74ddf60d9f045,33552,8836,21:17:47
cc3c9ab3fe53d00ab933ab18fa30dbb5,41792,7422,21:21:53
95b8b16785aa1ec0280f6bb2285795ff,41784,26652,21:22:02
95b8b16785aa1ec0280f6bb2285795ff,41784,26652,21:22:02
8194024eb5ac2638f68511492bc5091a,41823,50724,21:23:32
5b65aa9fc458129df434f3cd0b41b330,41852,61913,21:23:44
a65b7a4f1b162b1facaa762d9ad818cb,61892,1621,21:23:31
fad14b1d401646c56df88f228eb3816a,41784,20283,21:22:38
bdbbaaaa08f5379f79b94d080115ec31,41816,47183,21:23:20
74d59db3159ff55aaf31f69458613a26,33592,14011,21:23:21
bc25369fba5dcf2c8ca3c0da89c30f33,41832,39392,21:24:32
aedb166bc4cccb785f650fc29dae9158,41736,8851,21:24:55
736cbe08008225ee27ebd599646de627,41823,50703,21:24:26
06d1804ade2572c1eb7b2ee5cd708481,7850,17371,21:22:07
793b31ffd857377473e9981ec0295bcd,41050,13613,21:25:01
da129489126feafe8704e28cce210132,41776,50523,21:24:37
92dc6c5f81ae07a484df56c7efc22e43,41764,31288,21:26:32
0f50a699f84a21dacff7fb69d32a68f3,41744,37925,21:26:34
a019a1ed8630a3f4c66e8ea7e02ac886,33590,18357,21:27:23
f11f45329c4ef1dc6a46e5a6832beba5,41824,3543,21:27:13
c916db446fa028c388fd4e8776df904e,41736,5266,21:27:38
793b31ffd857377473e9981ec0295bcd,41050,13613,21:28:01
2a46bf4931282aeabd458a056cc1ae6c,63313,5111,21:28:11
68d2c69f87963ec5ff98d02bbe46024c,41736,5492,21:28:13
6cb7f8ad1bf43ed1ec5c40fe87418d98,41784,1923,21:27:50
b85b2bec265ed1758195d29d32f8deed,41736,23115,21:28:12
b6079e2511eafbdcfdfb71a6f255423d,41744,561,21:28:35
e10398cea46ad1d122e171334d7263c6,41744,9752,21:29:09
e688232e84301ef037dbbd5bde4136e5,41744,802,21:26:23
5fbcccf560aa5fa8194fb6349ecfb73e,13457,3132,21:26:59
4b39cc5a163c73428a50416a89a06339,41764,9052,21:29:29
22684786f796f3246a3a1981bd3a9d2c,41848,59178,21:29:58
d699a6c07be9c6a3cfe4bc51a9b8d246,41744,712,21:25:36
fe48ebf169524075a60a78937f56ce36,1331,12918,21:29:45
35c19c941609f6084c061f3c52a29814,41760,4157,21:31:30
4b95f23b10ab6ee89f6296acf93b931d,41784,2041,21:30:39
2ed345691f342a8f08d356de90b9e91b,41776,54433,21:30:56
5e7963f3cdb67080f04370897b6c49c7,41768,26612,21:31:04
c547ba73d2cb37c0e1b675211f4248eb,42451,19221,21:32:06
35c19c941609f6084c061f3c52a29814,41760,4157,21:32:15
bc933e3019a2cd2d9a1d770da82b4cdf,41752,45932,21:32:46
85a8f1eabdc50b12c7352fe7e6e8aaa5,41745,2311,21:32:53
ac856a7483834010e87570352c5ed227,33591,29904,21:30:45
55a911aa72847660c9a1f233c4bc6127,41745,22435,21:33:49
c673abe57a945b930c3161e7021be563,43023,31031,21:34:29
6a2b556ab37faa0abc2682070a3c8df4,41764,40633,21:33:32
ade6be227e694be156fb4bad15f77f16,41784,38111,21:34:50
fb0457c0c356e127dbcd6217325e5980,41816,46463,21:34:50
1b0b29322e183da2b2da5236f1eee02e,41778,27447,21:35:05
ef62d778f4d8ee8587c506d04b8d3909,41736,24945,21:35:24
3727a484ea75a74e663ec5d02f049d12,41744,30232,21:35:57
79b99cb07ead7ce47feac99a1ade649f,58245,56063,21:35:57
ade6be227e694be156fb4bad15f77f16,41784,38111,21:35:29
ade6be227e694be156fb4bad15f77f16,41784,38111,21:35:34
d8537c4e9951fbc6276a9679adc8faea,41744,38813,21:36:36
a3c8dbdb84b834c3f721ace4e657bf96,46970,10133,21:37:31
a3c8dbdb84b834c3f721ace4e657bf96,46970,10133,21:37:32
9169f8489a91dbd5d5e40051cb68afdd,39201,12271,21:36:11
063d00e67b16a0c51107551d8abcd6f3,41820,51864,21:37:48
dfb9bb63e798216e2d97da88c85e2bb1,41792,41514,21:37:29
a663860d289209716648fb207fb724f3,5651,10514,21:34:49
a663860d289209716648fb207fb724f3,5651,10514,21:35:10
65194687260810c6b4bd34830458e584,41778,54061,21:37:53
a663860d289209716648fb207fb724f3,5651,10514,21:35:16
0c1bb7805c8b95e951dee15fd61b3d8c,41745,21844,21:37:41
9dbba2d345c5eda9e53a94dfd4a8a408,62754,20372,21:39:16
7776954fb4e2c23537e30ab4b392557f,44058,34272,21:39:19
4b039f6381b4df6a5bf88118626e8d2b,41736,41273,21:38:43
8e3ea4dc66a41f97ab813d2bac32acef,41768,53113,21:40:04
fbdc1e15fc75b208039442dbe26fbd8b,41760,12753,21:38:38
cd369740f767121e69722a9413d2e7ce,41768,27611,21:40:28
9fe611fae4aef1e61448fe3e96df46c6,42487,1397,21:40:44
b98959ecce5511a1e812b153c571c9c1,41792,27551,21:40:39
82cf3020fca1144f741c9769227e3e62,41760,4012,21:41:38
f0663f8770cba3956470ebc0f0bda3b1,41817,47623,21:41:27
7226534328a49cd6d9f07d1cf9bbde5c,41773,28742,21:42:13
ac9b523f2eba943f60276bc5e0cac7ef,59262,20332,21:42:27
bdf4f8822e3a5f4e976e442bc1e76163,41848,59162,21:39:44
911da239f15e1ba9eb7127de92943392,41776,23373,21:39:50
22aa4e903c98978047ae66baa108e4a9,41776,24573,21:43:19
e11dc196c31dd9528315ab05676a4b21,41744,43,21:42:28
0ef2ed419ef40f90865362a8fceda6a9,41744,22201,21:42:50
6a51a2529b1425e84cf92ac6300e0e88,41832,38381,21:43:33
bdf4f8822e3a5f4e976e442bc1e76163,41848,59162,21:40:30
12744be165c0bd2b2c7390b5fe7560c1,41792,6905,21:43:47
fdaef59eee72344c9d445c5b90e034da,61723,7577,21:44:40
55dc818cc4fd077517a386a52a3479fa,48438,28153,21:43:36
6050911af3fb0c2290f84cd468efec18,41753,10633,21:44:04
64bb08893bb9c604cddb2f5fb96cc523,41760,3982,21:45:02
bdf4f8822e3a5f4e976e442bc1e76163,41848,59162,21:42:39
9ec711762f523c8bca66ede6137067c7,41776,53701,21:45:06
bccd8adc943af12358f98db6fa409a30,42316,11121,21:46:06
bccd8adc943af12358f98db6fa409a30,42316,11121,21:46:06
6dcbc8d13dc92a0bba7e5400de891cba,41760,16297,21:46:01
7773c719292d89162c4e03542f6eecc8,41744,23601,21:46:36
398974aec70fc4fb5676210a6b0ddb07,41744,30242,21:47:40
a4bdd72e6861134baea296eff336e5cf,41784,1943,21:47:49
c8cabdac1234c2df2066be2f8c44c47e,41744,2801,21:48:42
b673eb632bfd3a8a136de02bd548e9f1,41772,58262,21:50:51
88fe6bf6c519851b43589328a7296a1f,33590,22768,21:51:21
7c375edd6812f63dc39e3032d7ac44df,41764,44423,21:50:46
10721c7f89dbb81ec47e84de89256db4,63744,12039,21:51:27
76b122c18c5690382ad880244a0d8047,41768,31303,21:52:35
de29c78db1092d7a37cc9fdae689471a,41056,17211,21:52:39
624eb44f02d6aba4a0f6e1b68e58819f,41736,42011,21:52:28
8d95038fc62200aac888361cbbd86acf,41792,9861,21:52:48
a377f7875df9be61b023f504551c94c4,41736,11022,21:52:04
053a7eda0b9314015c8478adb8a0e932,41821,3366,21:52:47
8542dd7e3cbe74129e40321acd7f36f6,41823,54002,21:54:15
e3c45872f998de8dc43e2c2e30792874,41822,50287,21:54:21
3ff24653a2f5e44eda1f8066865c9c83,41777,24346,21:53:25
62a73d20ac81cbcfaad92a3b201b608e,41744,45566,21:53:28
54b106f2643c4988442e0459bb4a1e0e,41784,2203,21:56:32
aa469b264fb8563d396eff3e83bfeb01,64770,11575,21:55:49
aa469b264fb8563d396eff3e83bfeb01,64770,11575,21:55:49
59a0c8df48db7a347e76c490d77a0327,63237,58212,21:56:04
de29c78db1092d7a37cc9fdae689471a,41056,17211,21:57:48
4161a3eecd047f7d80c47c6be4c3a954,41744,45563,21:57:17
6c93c65001911a3f2549f370daa5f3f9,41769,23732,21:54:36
8e70fd21e56ffae0f4e5bc10b5c41de7,33579,480,21:54:34
b21326c501a5f8da102169d73fbff045,41816,47331,21:57:20
c76e677ee52a4ab538f268c9826ee332,55064,38813,21:59:14
0a31cec957635d562a48aadbb0e8d87a,41760,26381,21:59:10
867ab95669214699afbca4fe864af6a2,41792,7967,21:58:32
fac1684a542d466d5b1260abb5ecc8f6,41760,39661,21:59:42
893da3df3d98982e8442d45978dd342d,41848,60721,21:59:19
c5d4c968cb6667a9c5f49bf015cddf6b,41823,50548,21:59:26
00551466e17aa371d22dd00a4608453b,41744,162,22:00:31
ef795e1cf9936e9b7d1239b604afbaa4,41745,39785,22:00:31
3fd07be16fffc5f2c697a036b1a8f121,41756,37143,22:00:43
a0c1d93cf547526415400537309e2d40,33592,22852,22:01:45
de29c78db1092d7a37cc9fdae689471a,41056,17211,22:02:25
57976c876a28cda32fa7c92ea4496ad4,55583,11453,22:02:13
ecc12e0e4fca75d79d8276276c5917f1,41768,37551,22:01:43
80c396d66b1669abdce9428baf28ec21,44090,35592,22:01:55
80c396d66b1669abdce9428baf28ec21,44090,35592,22:01:56
ff2fde759884e09075e975c1c6c196d9,41784,26655,22:02:43
8f2a49def35c66946583b6dcf31b95fd,41744,40002,22:03:16
52dd60da2f7d0dc8211a76ad1e9f481d,41852,62491,22:03:18
52dd60da2f7d0dc8211a76ad1e9f481d,41852,62491,22:03:18
f885451a12b25adeda65ec5a186fe3e3,41771,51531,22:05:21
8ec6cbfc5bba7c3e2a7e7560950bcf2b,41736,5001,22:05:37
2f77eaaefe5f482ce50ce04d6ed69349,41736,5453,22:06:58
2f77eaaefe5f482ce50ce04d6ed69349,41736,5453,22:07:04
152cd6df624721d0e9d8166115fc4b24,41853,47783,22:08:01
8438dcbc40b9ffaaabf431207786c9e7,41770,26311,22:07:23
74b2be9b17f190db52b2bc91df4c0748,61892,272,22:08:20
eaaa8654473d9937b7cf0872543bda21,41824,3211,22:08:32
8644dab0559790ff446e3b669d278870,8461,63602,22:05:50
5d6e767e38852375d94d3bbdcc3d0bdb,41817,21091,22:07:50
c8865a2d965f5ac7da805201bb802850,37696,40493,22:05:35
aacf6078efb2d2e952d50a96678fcb44,42295,17221,22:09:07
3e4902bf9404bdd22b5aa32df9086d31,41784,2372,22:09:27
f1dfe1011cc0fbd8f4f096a00e7d659b,41784,1973,22:09:33
c7fbb8d4acb29d38cda5f7080837bf39,37126,21182,22:09:20
409d0033a53c1794b0d59bb2beedc716,41777,24531,22:10:27
51e023cc31d2761c9427c17dcbf5ee2e,41768,29942,22:10:15
df2e9f4e010edd11231c1a4ef9c3224e,33565,7010,22:08:48
e8ea097f505d1ab29d4423d8bd80dc50,46923,12453,22:12:42
597d4acf3560725cff89fadff6573eb8,41816,48652,22:13:08
e1ddbbe842ec9fd7342b377fcf1b4be1,40993,18311,22:11:55
33e311be6fb45a42dfc427b02a2c43e9,41784,26901,22:12:48
cee23ecec415653515f696c84331b550,41768,9221,22:13:12
ed00ced1b9f52fbd511e988ab0ee1731,41768,24041,22:13:34
1d43823988f56022374671405cd3bd90,41736,5863,22:12:49
addb62365bc3426da350b3714c5ea521,33573,3860,22:05:22
1d43823988f56022374671405cd3bd90,41736,5863,22:13:52
e709516a6638372fd39411b80e4f3a4f,41736,5564,22:13:38
ce2db28e2753831a8920f43ffc802d01,41744,2421,22:14:36
f0f5b778f0fb32c29d1714302b955748,41852,62372,22:15:03
50822468843aa29b53d7918a89eaa024,41832,39711,22:16:05
9fe611fae4aef1e61448fe3e96df46c6,42484,7179,22:16:19
739f92b820234b55b6be2768ac7bef2d,41764,19612,22:17:42
bf650dfe3df3592a308b0e2475412ff8,41822,50181,22:18:25
52dd60da2f7d0dc8211a76ad1e9f481d,41852,62491,22:19:36
13244150bf272225131024479a9e40c1,41823,50571,22:21:48
13244150bf272225131024479a9e40c1,41823,50571,22:21:48
71c0cfaeb55bb7bf630f44e6dd48cece,41777,55873,22:21:19
811b8f54b5850681aca9e4f5b73f11b9,63749,15321,22:22:09
811b8f54b5850681aca9e4f5b73f11b9,63749,15321,22:22:09
9a212cb3b33c511bf06cadacf1e9e313,41753,27742,22:22:39
9a212cb3b33c511bf06cadacf1e9e313,41753,27742,22:22:39
efb82832a27e6fe398f0bc95615e2607,63237,16981,22:22:27
8711e232c6ceb9545d4670c02e91cd21,41848,45073,22:23:09
8711e232c6ceb9545d4670c02e91cd21,41848,45073,22:23:09
b3006c898187631d4e1d3067f03d3e9c,41760,14571,22:23:37
b3006c898187631d4e1d3067f03d3e9c,41760,14571,22:23:37
e7ca4a6e91690c9ae87fe9bf981a1215,41744,39294,22:23:08
847fa25e6ac2dd8cba106a4eab0b23b5,41768,29021,22:24:14
fcc1b68e78dbd5a376a79e18a70e3e54,41784,12071,22:24:40
fcc1b68e78dbd5a376a79e18a70e3e54,41784,12071,22:24:40
56a031ae6c954f999eff4eabea72ddc2,41752,10691,22:24:04
56a031ae6c954f999eff4eabea72ddc2,41752,10691,22:24:05
004f8271e84fb7dc8ebdcaa5a8e10aba,44084,35341,22:24:49
8abcef53582e2ff6a69b48ffffc24122,41792,7756,22:26:42
8abcef53582e2ff6a69b48ffffc24122,41792,7756,22:26:42
a7500f838b2ba2175cb7c483b20791dc,43045,22431,22:27:12
f9d492c6e63382431c87759d983c24ce,33566,27710,22:27:14
10888f585f50ecba26319f52953b0e0c,41764,41376,22:27:52
10888f585f50ecba26319f52953b0e0c,41764,41376,22:27:53
b3006c898187631d4e1d3067f03d3e9c,41760,14571,22:28:32
ccbe10808433a7a915015878392333eb,41816,48193,22:29:22
ccbe10808433a7a915015878392333eb,41816,48193,22:29:23
dc776cc0c26c2dd949c6bb271fe723f0,61827,231,22:29:42
dc776cc0c26c2dd949c6bb271fe723f0,61827,231,22:29:42
62991f5d571a53e6f096946c1deb7d8e,41753,3821,22:28:37
62991f5d571a53e6f096946c1deb7d8e,41753,3821,22:28:37
96e3c9454d0eb75c5cfe2f0af735eaa9,41744,45633,22:27:05
eaaa8654473d9937b7cf0872543bda21,41824,3211,22:30:12
6499a4cdcf9eb971e7b524acb03f67b7,41760,1714,22:30:23
6499a4cdcf9eb971e7b524acb03f67b7,41760,1714,22:30:24
d517f4e9a6c53b7b1fc69483c0439a75,41736,40722,22:30:42
d517f4e9a6c53b7b1fc69483c0439a75,41736,40722,22:30:42
f0f5b778f0fb32c29d1714302b955748,41852,62372,22:30:26
655084a3919231a6161ca0e5323b44bc,41760,43075,22:30:09
ee3af46941e0b32824f63631921fe304,41792,7072,22:30:49
ee3af46941e0b32824f63631921fe304,41792,7072,22:30:49
d8e4e0b56aebf1dce40bd12b7c9c5e49,61839,104,22:31:34
7ca78a1aeff360b1c0ef183bf20dfa8e,57618,16582,22:31:01
d3afe25b771708bfe0f7b709ee3b96c8,46413,1082,22:32:33
d3afe25b771708bfe0f7b709ee3b96c8,46413,1082,22:32:33
ac9ff4c4e698dcdb66cf0edca5cb6e42,41792,7662,22:32:07
ac9ff4c4e698dcdb66cf0edca5cb6e42,41792,7662,22:32:07
40cc8fe6bd5756db96f08d5830caacbf,41784,44445,22:32:41
ab6b34c7b0f92f1f7b6c3dcf3ca86435,41792,7812,22:33:24
ab6b34c7b0f92f1f7b6c3dcf3ca86435,41792,7812,22:33:25
9c9144a061ea059f2a8637abc60c0d72,41764,9067,22:33:56
ee3af46941e0b32824f63631921fe304,41792,7072,22:33:32
9cc4f0321d93e58714402d7913275b5b,33595,28040,22:36:28
9cc4f0321d93e58714402d7913275b5b,33595,28040,22:36:28
b432297886a68774da9f38552825bedd,33582,24830,22:36:37
afc5e13d68eecf69522c6a04a48233cf,41784,18681,22:36:27
1cbcc82a8ad6d1d71b3dc4eac07167d3,41792,7142,22:37:43
0839ec63f51c56700f35e97756e5411f,41736,5421,22:37:06
2750ccd107acd38fc9695d20e6d2c58a,41823,3111,22:37:12
2750ccd107acd38fc9695d20e6d2c58a,41823,3111,22:37:12
1a6be48c789aa0f9d618d49de3d7ca00,41784,2262,22:37:04
73e0e912c929e60f58e3e01b481a8713,41760,22763,22:37:12
417e90bdfb7869e9cb849806a2260076,41752,40073,22:37:29
417e90bdfb7869e9cb849806a2260076,41752,40073,22:37:30
417e90bdfb7869e9cb849806a2260076,41752,40073,22:37:33
417e90bdfb7869e9cb849806a2260076,41752,40073,22:37:34
7f2516abf13be00e98dc2ac5605cc5b6,58656,54100,22:37:46
7f2516abf13be00e98dc2ac5605cc5b6,58656,54100,22:37:46
417e90bdfb7869e9cb849806a2260076,41752,40073,22:38:12
6871872deb07e320bb640dd26abb0ffd,61828,3602,22:38:10
6871872deb07e320bb640dd26abb0ffd,61828,3602,22:38:11
f08e7676b25cdb847224974d655bdbef,41768,52942,22:38:21
f08e7676b25cdb847224974d655bdbef,41768,52942,22:38:22
26f38736c2d13fb2551fa919771a1747,41772,28061,22:38:39
655084a3919231a6161ca0e5323b44bc,41760,43075,22:39:14
9cc4f0321d93e58714402d7913275b5b,33595,28040,22:38:27
42160f55683ef1682c9cb43b4fe00fe2,33586,29732,22:39:20
74fb2f01257b4fe2f1e8cec3f471aa2e,41736,42885,22:40:17
74fb2f01257b4fe2f1e8cec3f471aa2e,41736,42885,22:40:18
947952c0113b4f75d6da4fc393897c7f,41736,20131,22:40:44
947952c0113b4f75d6da4fc393897c7f,41736,20131,22:40:44
8d9b005d76dadd5711c45c18928d078a,41816,49884,22:41:39
8d9b005d76dadd5711c45c18928d078a,41816,49884,22:41:39
df07abb4b43a455b6177fe9d68014a63,41744,40383,22:41:33
0c7f34a1eeb7c00fbbf4e7abd08cb7fe,33553,34227,22:42:40
0c7f34a1eeb7c00fbbf4e7abd08cb7fe,33553,34227,22:42:42
a85eaa308c211e8d8497676404af205c,41792,9875,22:43:44
a85eaa308c211e8d8497676404af205c,41792,9875,22:43:44
ac194ad4c24872a1a3da120ab540d834,41753,21261,22:44:39
ac194ad4c24872a1a3da120ab540d834,41753,21261,22:44:39
eaaa8654473d9937b7cf0872543bda21,41824,3211,22:44:11
eaaa8654473d9937b7cf0872543bda21,41824,3211,22:44:11
eaaa8654473d9937b7cf0872543bda21,41824,3211,22:44:11
eaaa8654473d9937b7cf0872543bda21,41824,3211,22:44:11
eaaa8654473d9937b7cf0872543bda21,41824,3211,22:44:11
eaaa8654473d9937b7cf0872543bda21,41824,3211,22:44:11
eaaa8654473d9937b7cf0872543bda21,41824,3211,22:44:13
eaaa8654473d9937b7cf0872543bda21,41824,3211,22:44:13
eaaa8654473d9937b7cf0872543bda21,41824,3211,22:44:14
eaaa8654473d9937b7cf0872543bda21,41824,3211,22:44:14
eaaa8654473d9937b7cf0872543bda21,41824,3211,22:44:14
eaaa8654473d9937b7cf0872543bda21,41824,3211,22:44:14
eaaa8654473d9937b7cf0872543bda21,41824,3211,22:44:15
eaaa8654473d9937b7cf0872543bda21,41824,3211,22:44:15
eaaa8654473d9937b7cf0872543bda21,41824,3211,22:44:15
eaaa8654473d9937b7cf0872543bda21,41824,3211,22:44:15
eaaa8654473d9937b7cf0872543bda21,41824,3211,22:44:16
eaaa8654473d9937b7cf0872543bda21,41824,3211,22:44:16
eaaa8654473d9937b7cf0872543bda21,41824,3211,22:44:16
eaaa8654473d9937b7cf0872543bda21,41824,3211,22:44:16
eaaa8654473d9937b7cf0872543bda21,41824,3211,22:44:17
1b7b564c44d1da5d42d998b3b3604e1c,41833,42052,22:44:29
1b7b564c44d1da5d42d998b3b3604e1c,41833,42052,22:44:30
1a6be48c789aa0f9d618d49de3d7ca00,41784,2262,22:45:07
f2ecd77bbffe65517596efa28eee31c8,41744,9692,22:45:21
0175c28e1addd8d2c20028ee4d6af7c2,41745,25123,22:42:24
913880a5e23c671f2d0673101f333b54,41760,43312,22:46:05
913880a5e23c671f2d0673101f333b54,41760,43312,22:46:06
903407fe0a569555316d5d6b78ead2d9,41784,44434,22:46:56
c665c9992abb3673e5aa4716ca60b9eb,41736,38402,22:48:43
c665c9992abb3673e5aa4716ca60b9eb,41736,38402,22:48:43
a8f84a388cd3d704e7af33c18fd161a9,41760,26385,22:49:01
cdb274b93a8f558b59bca5ab326c3260,33590,3359,22:48:18
e1ddbbe842ec9fd7342b377fcf1b4be1,40993,18311,22:50:04
84427e599dc4884c26bb5ff08529de16,41784,26043,22:50:20
84427e599dc4884c26bb5ff08529de16,41784,26043,22:50:21
81648caa013aa69d65610543bdd98d0b,41753,3723,22:50:28
81648caa013aa69d65610543bdd98d0b,41753,3723,22:50:29
c665c9992abb3673e5aa4716ca60b9eb,41736,38402,22:49:55
434f705dd6e9917d142e87ecfd4bb904,41025,13831,22:49:37
434f705dd6e9917d142e87ecfd4bb904,41025,13831,22:49:38
cabead486941141cf23b5546a5160314,41764,9342,22:50:42
cabead486941141cf23b5546a5160314,41764,9342,22:50:42
77a7911b28fbaadb57203b8aef2881e4,33595,13018,22:51:07
3f23bc74cb49aec68dc3df1fc3bc6a3f,41760,4601,22:51:07
3f23bc74cb49aec68dc3df1fc3bc6a3f,41760,4601,22:51:07
4b3af854503e93e02419e82170980aad,39245,12693,22:52:16
a8f84a388cd3d704e7af33c18fd161a9,41764,44423,22:52:29
3e653d3de1ed3cc95df71d0ca6a4327d,41778,27531,22:52:28
3e653d3de1ed3cc95df71d0ca6a4327d,41778,27531,22:52:28
ce1643dd8dfeb96c1a9baddea5d7547f,41784,28146,22:52:20
ce1643dd8dfeb96c1a9baddea5d7547f,41784,28146,22:52:21
60f510b1d3b4193046ee9cc06be75125,41744,2821,22:53:02
fb78f63ebe2295e70172ff803efa4704,41833,42691,22:53:30
68085c9c6728554a350ab5fb0ab1868e,33577,8396,22:54:52
68085c9c6728554a350ab5fb0ab1868e,33577,8396,22:54:53
9727bcaca7c4b9924eeeaa5a28dfe83e,41764,21422,22:54:59
af99c073220f3a401f0f53a96e223575,41768,27953,22:53:50
af99c073220f3a401f0f53a96e223575,41768,27953,22:53:50
b9cfdc4207850224f302cc5dab40983f,41745,36214,22:55:32
ee1f79743496956e8ccd462b559245a3,42329,2721,22:53:08
e2cc33dff60b9f9840f5d23313e6bad2,41736,25831,22:56:17
8216c510352f3db75c2f3e2b4eb52f07,41792,7451,22:55:57
8216c510352f3db75c2f3e2b4eb52f07,41792,7451,22:55:57
6d9ac832846f7aebfe201ef40b349619,33590,12118,22:55:40
dc74e7c296c323b3161427a7cc4c073b,41792,45171,22:55:52
dc74e7c296c323b3161427a7cc4c073b,41792,45171,22:55:53
398b8bc7fa9aae01e5112637454e2153,41745,22982,22:56:59
398b8bc7fa9aae01e5112637454e2153,41745,22982,22:56:59
e2cc33dff60b9f9840f5d23313e6bad2,41736,25831,22:57:37
9727bcaca7c4b9924eeeaa5a28dfe83e,41764,21422,22:57:01
9e7e08966962692d1c56ad030cc14f30,61720,10301,22:57:21
9e7e08966962692d1c56ad030cc14f30,61720,10301,22:57:22
61271b6a8ea31cbc13ed6a6e8631022a,41832,40203,22:58:05
e289869fbec927a68a30409aee9e7cb5,58337,1791,22:58:26
e289869fbec927a68a30409aee9e7cb5,58337,1791,22:58:26
cd09323a6cdaf289951b42b5737bf835,287,38382,22:58:36
e89690e9c9d267f570eeae595294486a,41771,57363,22:58:48
e89690e9c9d267f570eeae595294486a,41771,57363,22:58:48
f6f1e86a8d3256ec05907acd3bab4715,58120,44911,22:58:59
f6f1e86a8d3256ec05907acd3bab4715,58120,44911,22:58:59
f6f6aef182981056375fd8f3e60ddb53,41768,1392,22:59:18
ed738e9791f85ae3948af908d61cd8ab,41833,42501,22:59:17
ed738e9791f85ae3948af908d61cd8ab,41833,42501,22:59:18
6c9c465bee8f40e108275fe1fd8f7f24,16513,40141,22:59:40
9ffdbb64c325ad5ab77e3bb9b6cab8a0,41736,28812,22:59:46
9ffdbb64c325ad5ab77e3bb9b6cab8a0,41736,28812,22:59:46
b2b7ea6b3d8e5fee061d6badf03bcb39,41752,32292,22:59:18
9e7e08966962692d1c56ad030cc14f30,61720,10301,23:00:40
99e9df76541b6fdb03b55603e228226e,41771,26432,23:00:34
99e9df76541b6fdb03b55603e228226e,41771,26432,23:00:34
7161ed9372e3e8de3bd6b6298c0558fd,41784,1642,23:01:23
7161ed9372e3e8de3bd6b6298c0558fd,41784,1642,23:01:24
ba0ff952c9df2747139e605e010afc4c,41780,48257,23:01:42
ed5417df897a90a89017ff7e9a89bbc2,41792,9793,22:59:37
ef4f527da7643436f59e4a9c297cd049,41736,38432,23:02:49
2c12250652a307e301539de4578e925d,41792,6853,23:03:18
2c12250652a307e301539de4578e925d,41792,6853,23:03:19
001f55119353351d7a78c07046bc4fe7,41760,4642,23:04:13
001f55119353351d7a78c07046bc4fe7,41760,4642,23:04:15
443523e7f1a93481aee2d72ff59066a5,41752,9473,23:04:50
443523e7f1a93481aee2d72ff59066a5,41752,9473,23:04:50
8e7415ffabfee4e6fdd127fe876f8224,41821,4983,23:04:32
8e7415ffabfee4e6fdd127fe876f8224,41821,4983,23:04:33
8e7415ffabfee4e6fdd127fe876f8224,41821,4983,23:04:43
dbfff6c36d866bf88127adf58ac35c28,41784,2182,23:04:56
dbfff6c36d866bf88127adf58ac35c28,41784,2182,23:04:56
8e7415ffabfee4e6fdd127fe876f8224,41821,4983,23:05:16
8e7415ffabfee4e6fdd127fe876f8224,41821,4983,23:05:16
ba5c449914574765256fb57c94d333b8,41752,3371,23:04:47
ba5c449914574765256fb57c94d333b8,41752,3371,23:04:48
cd1caecbfae8e39e457790476f254592,41784,2583,23:06:15
d6d75376d3af54b7557bccb5b7d4dca9,41736,5662,23:05:55
d6d75376d3af54b7557bccb5b7d4dca9,41736,5662,23:05:55
c80e24dac767d01e234649afbc999867,41764,8923,23:07:00
c80e24dac767d01e234649afbc999867,41764,8923,23:07:00
15b6d2ce36c72b1966b933a64daa5098,46582,442,23:08:45
15b6d2ce36c72b1966b933a64daa5098,46582,442,23:08:45
b08255ae0940c797cb462fbe141ec7d7,41784,1882,23:08:46
b08255ae0940c797cb462fbe141ec7d7,41784,1882,23:08:46
e87d2b3316145af640fc6366f08da278,41764,40596,23:08:28
e87d2b3316145af640fc6366f08da278,41764,40596,23:08:29
4a65d22e14f7acd22851e3531174c521,41792,15301,23:08:28
5196d129d49ff5305524d80d1914ee73,41744,38863,23:08:57
5196d129d49ff5305524d80d1914ee73,41744,38863,23:08:58
4a65d22e14f7acd22851e3531174c521,41792,15301,23:09:16
4617b204446075a4f38ab3155c4ee8cb,33586,5090,23:06:24
31485f9758457e395a1baec305594be2,33573,23617,23:09:52
c0cab4623b37db2dae9fb2faa504e94d,41821,52851,23:09:41
c0cab4623b37db2dae9fb2faa504e94d,41821,52851,23:09:41
b08255ae0940c797cb462fbe141ec7d7,41784,1882,23:10:40
0adf812bf44aa3415c1947b0b187da06,41769,55774,23:11:52
46db45586a9745d053dd07ed90ab6434,33595,137,23:11:42
b08255ae0940c797cb462fbe141ec7d7,41784,1882,23:11:40
ac6620e06ef6d037e684fe6617933a27,41853,46652,23:12:19
ac6620e06ef6d037e684fe6617933a27,41853,46652,23:12:20
7f74d0a5d60d31019e950845efc9038d,41760,4140,23:13:06
7f74d0a5d60d31019e950845efc9038d,41760,4140,23:13:06
fdcbf9fdff1a298a1facd226d6562dbe,42547,5033,23:15:14
fdcbf9fdff1a298a1facd226d6562dbe,42547,5033,23:15:14
31b1201db0850122cc8dda6593dea056,41736,45473,23:14:25
31b1201db0850122cc8dda6593dea056,41736,45473,23:14:25
46a084a731bc2f640d3bfd8cd2f91a0e,41824,51224,23:15:07
46a084a731bc2f640d3bfd8cd2f91a0e,41824,51224,23:15:08
7645730ff1c1b48236cf235586c41b13,41736,20982,23:15:19
7645730ff1c1b48236cf235586c41b13,41736,20982,23:15:19
1ee76ce2349f05987a9b55f12ade3db0,41792,17406,23:14:25
1ee76ce2349f05987a9b55f12ade3db0,41792,17406,23:14:26
cf2f0383d421bf4461f2090d0fda38fd,41776,24656,23:15:07
cf2f0383d421bf4461f2090d0fda38fd,41776,24656,23:15:07
bf543ef0617e35fdc2edfa1af0b08dae,55641,16511,23:12:58
95c08bf3983d40235212f22bcc9ab6be,33586,11055,23:16:15
95c08bf3983d40235212f22bcc9ab6be,33586,11055,23:16:27
d1bdb9b27a04f9e637a9e09fd7ecd1dd,41852,61571,23:16:53
d1bdb9b27a04f9e637a9e09fd7ecd1dd,41852,61571,23:16:54
cec4429b274b05e45a6056fe4147f519,41752,21863,23:16:14
a08ae0472c094186d3368d1e55d083e1,41768,51073,23:16:54
a08ae0472c094186d3368d1e55d083e1,41768,51073,23:16:55
95c08bf3983d40235212f22bcc9ab6be,33586,11055,23:17:40
d1bdb9b27a04f9e637a9e09fd7ecd1dd,41852,61571,23:18:55
e331ef818ee9bbd863284387bfccf139,61710,35453,23:17:59
526b01ddc12fc3730ca8cd13234b01de,41768,36314,23:16:09
a12192a5bbaae73b80defc362b674512,41768,50921,23:18:29
a12192a5bbaae73b80defc362b674512,41768,50921,23:18:29
6c06fc8535c23af182b700184b7e0291,41753,3792,23:19:39
6c06fc8535c23af182b700184b7e0291,41753,3792,23:19:39
78013acfb4f78473ab778888bf610dbf,41744,1522,23:18:53
78013acfb4f78473ab778888bf610dbf,41744,1522,23:18:53
9b64fe7d5af82e468ee4cfc142eb72be,63744,11821,23:19:15
9b64fe7d5af82e468ee4cfc142eb72be,63744,11821,23:19:16
d965480626d909ca64b3c983ec54f675,41752,3616,23:19:29
2c5ab1378930e08c0399b01e2ab32cce,41792,40422,23:20:07
2c5ab1378930e08c0399b01e2ab32cce,41792,40422,23:20:07
0adf812bf44aa3415c1947b0b187da06,41769,55774,23:21:48
f302cabc5b0808750d64f8d3873b8f04,48120,15445,23:20:54
f302cabc5b0808750d64f8d3873b8f04,48120,15445,23:20:54
b121464dd770dd70fe64f79f10ff5e79,41792,7242,23:21:18
b121464dd770dd70fe64f79f10ff5e79,41792,7242,23:21:18
9272b4bca42693913369a0182942964f,41848,60724,23:23:06
9272b4bca42693913369a0182942964f,41848,60724,23:23:07
578d940d0d46b07cefe16073d524c1ca,33586,4921,23:23:27
8afeac1ea08cb9a1701d941071593289,41777,36713,23:24:00
8afeac1ea08cb9a1701d941071593289,41777,36713,23:24:00
d965480626d909ca64b3c983ec54f675,41752,3616,23:23:40
d965480626d909ca64b3c983ec54f675,41752,3616,23:23:40
f7829e83cdb8024fd8abe108c878682a,41833,42104,23:24:05
f7829e83cdb8024fd8abe108c878682a,41833,42104,23:24:05
bf996484249ed17476aee9dea4459052,41853,61332,23:25:21
0b85ec5b8dc34a0b99873ff77c761301,63744,22671,23:26:53
0b85ec5b8dc34a0b99873ff77c761301,63744,22671,23:26:53
f23591245f0f1cf3da8845a876b31bac,41848,59402,23:26:50
4f37d5bad9d03036eee14b260b386ec6,41745,24721,23:27:37
4f37d5bad9d03036eee14b260b386ec6,41745,24721,23:27:38
dc551cba76bc67bac5835ae5dec80866,41776,25222,23:27:56
dc551cba76bc67bac5835ae5dec80866,41776,25222,23:27:57
7b4d03ba57cf22b03527bb4ea3d92b76,41768,35723,23:28:22
0b85ec5b8dc34a0b99873ff77c761301,63744,22671,23:30:11
0b85ec5b8dc34a0b99873ff77c761301,63744,22671,23:30:12
c1a17b475a994c504cc5b1739c65e8c6,41792,8273,23:31:29
c1a17b475a994c504cc5b1739c65e8c6,41792,8273,23:31:30
87c72c5661bd3aad82f9f26c1b626771,41832,39956,23:31:58
87c72c5661bd3aad82f9f26c1b626771,41832,39956,23:31:58
78ccac9f6082f17d84950727f828ab47,33595,342,23:31:32
cee288073f08e7dff8dcdf61f9296d7e,12791,32200,23:28:49
0d89610d2850a79bcbb6fe4835678dc0,41823,1281,23:32:32
0d89610d2850a79bcbb6fe4835678dc0,41823,1281,23:32:33
e3cceafd144f578a9acb5ad13084d00a,41771,2161,23:31:40
e3cceafd144f578a9acb5ad13084d00a,41771,2161,23:31:41
75df351cd12aa0acd01bbb413ee3937c,41764,8871,23:32:06
32a92c98e37042ae2959a4b3262fe120,41760,3951,23:32:51
32a92c98e37042ae2959a4b3262fe120,41760,3951,23:32:52
0b85ec5b8dc34a0b99873ff77c761301,63744,22671,23:32:39
c24702354cf2fa7c72ae13783775eb17,41744,1144,23:33:34
501f7428f092f024d8b625c9939cbf85,41848,60582,23:35:09
060ea75d72f20461c6faaec260bfe903,61835,3603,23:35:21
806da2af75e0593a0e52a84da2c1e7e5,41752,3343,23:35:22
806da2af75e0593a0e52a84da2c1e7e5,41752,3343,23:35:23
f1660e2e086cb1a0923f93282ebfcb4f,41745,24566,23:35:20
f1660e2e086cb1a0923f93282ebfcb4f,41745,24566,23:35:21
18a70220ff52365809a3ed3a07def65d,41744,24061,23:34:33
18a70220ff52365809a3ed3a07def65d,41744,24061,23:34:33
2a994cf1c1da7d257e5f889211a44ea8,41760,38273,23:37:28
3e0cff516c2e9b4d25dd421e51098850,41773,28841,23:38:19
495ac5279c1603c06858add1f935b3e3,41769,37512,23:37:28
b722104fbf6a2d96dfe9436c17ede0fc,41736,5568,23:38:35
b722104fbf6a2d96dfe9436c17ede0fc,41736,5568,23:38:35
bf4c168f92fe596906e9d1ec17a39659,41744,39672,23:38:21
eb549baf59bf5b9a2ffd5e14fd99deec,41816,47063,23:39:59
eb549baf59bf5b9a2ffd5e14fd99deec,41816,47063,23:39:59
2a22d9e6dd7dd84e963683026f541742,39239,1516,23:39:29
2a22d9e6dd7dd84e963683026f541742,39239,1516,23:39:29
6878f33430d129642e69840f37ef30d3,54101,15114,23:40:21
2e3c15c189709df44545bf9cb37f5c98,63435,11600,23:40:47
2e3c15c189709df44545bf9cb37f5c98,63435,11600,23:40:47
3e0cff516c2e9b4d25dd421e51098850,41773,28841,23:40:33
7673c427381a722f2fbe8c69658a4890,41773,53031,23:40:26
7673c427381a722f2fbe8c69658a4890,41773,53031,23:40:26
91907c59b3ff8597299dca624f721ea8,41745,30033,23:40:43
e81f63e7fec1cbd08939770663e003a7,41816,48862,23:41:13
e81f63e7fec1cbd08939770663e003a7,41816,48862,23:41:14
3d7435966a8a94141d44d6725a7aec85,41784,31709,23:41:45
02addc141d230c2ffc3c03384d53d639,41752,38372,23:42:07
943e96bc757e3b95fc268b14897c5389,41776,25851,23:39:40
fe950c56fbe1e67c1f0965389de2302c,41744,26321,23:44:07
cdee1514fb14fddf644f94f83ad2a231,41792,7132,23:42:46
d44bfab5643cbb83246c042cb62a06bb,41760,4607,23:43:26
d44bfab5643cbb83246c042cb62a06bb,41760,4607,23:43:27
a8f5c4de11ad65ce4a82c3f0a56b834a,41822,53473,23:44:13
75df351cd12aa0acd01bbb413ee3937c,41764,8871,23:44:35
75df351cd12aa0acd01bbb413ee3937c,41764,8871,23:44:35
2a22d9e6dd7dd84e963683026f541742,39239,1516,23:45:28
c5fc0ee07366d3aeaa62f803922a2904,41772,27482,23:46:03
c5fc0ee07366d3aeaa62f803922a2904,41772,27482,23:46:03
34d01531cd4e2a792406031afb183ea9,33592,22880,23:45:40
74fcbf32baf8bf0444d9948a853d4722,41832,41042,23:46:14
6ed92741ee2adc9da5663c2773f42c6b,41744,1763,23:47:45
6ed92741ee2adc9da5663c2773f42c6b,41744,1763,23:47:45
dcbc343c434f8a7bba5da57c09ba3dd5,41736,5492,23:47:37
dcbc343c434f8a7bba5da57c09ba3dd5,41736,5492,23:47:37
dcbc343c434f8a7bba5da57c09ba3dd5,41736,5492,23:48:54
e9b6f4865f968798173e6515b9dd5cda,41778,49361,23:45:22
1709e2a59b349cd5c8b69b337d7e17fa,33562,417,23:49:48
47ff0394e7500a541d9b652c33d25d75,55638,53321,23:50:11
47ff0394e7500a541d9b652c33d25d75,55638,53321,23:50:11
47ff0394e7500a541d9b652c33d25d75,55638,53321,23:50:17
47ff0394e7500a541d9b652c33d25d75,55638,53321,23:50:18
9232defd19ae8823cc07934257324ad8,63238,40146,23:48:10
9232defd19ae8823cc07934257324ad8,63238,40146,23:48:10
68438d35c5a1bb96e7d4fa7940ef1173,41736,5196,23:49:36
68438d35c5a1bb96e7d4fa7940ef1173,41736,5196,23:49:37
9232defd19ae8823cc07934257324ad8,63238,40146,23:49:43
58172652734d4dc21c8510c7bd4a463f,62832,10252,23:50:18
58172652734d4dc21c8510c7bd4a463f,62832,10252,23:50:18
0c31663d9945ed062081ffe4b169a18e,41768,24073,23:47:11
dcbc343c434f8a7bba5da57c09ba3dd5,41736,5492,23:49:49
dcbc343c434f8a7bba5da57c09ba3dd5,41736,5492,23:49:52
71a791cdc5bfcd00398b8b0eb88e821d,41768,25794,23:51:03
5b6c15517b2ea2a555b10ff6c12450db,41764,8772,23:50:07
6de176a156b339f20aa8cdb92a7bc51f,41760,36584,23:50:54
91b61b66c271f75c6acab6815c76bc92,41764,43861,23:51:19
91b61b66c271f75c6acab6815c76bc92,41764,43861,23:51:19
71603bacbe2592b8156affc4fbd601a8,33562,10210,23:51:24
fe8892fb3f3715825c819e7c6e05d63f,61723,47443,23:51:54
f10afa5ebcf5df69054fb618658c2c47,41778,30488,23:52:37
d107ae8f5001349ec7739683ce1a74d0,41744,22002,23:52:48
d107ae8f5001349ec7739683ce1a74d0,41744,22002,23:52:48
2f3bfcae5b5f12a0b6c260045571ff66,65005,10356,23:53:13
bdbe8e13609a0d7ea5671646b08229ee,41772,28038,23:54:17
bdbe8e13609a0d7ea5671646b08229ee,41772,28038,23:54:17
d99475177dacbd1baed11d921762bfdd,41744,22705,23:53:07
1603f638d105874b1add5f9e09a053d8,41764,8644,23:54:05
1603f638d105874b1add5f9e09a053d8,41764,8644,23:54:06
6e61db5860bc3b39434e98972a0aef8e,41848,59572,23:55:29
6e61db5860bc3b39434e98972a0aef8e,41848,59572,23:55:29
2f3bfcae5b5f12a0b6c260045571ff66,65005,10356,23:53:13
4cae161c58c9c5f0f96d7b789ca76394,61703,17303,23:55:21
4cae161c58c9c5f0f96d7b789ca76394,61703,17303,23:55:22
947ae180cfe2654c0dece7bdaeb15b76,41777,34853,23:55:48
22ceb4ea54eb0aaaea5bd1fb96455cfc,41752,42091,23:56:13
22ceb4ea54eb0aaaea5bd1fb96455cfc,41752,42091,23:56:13
c665c9992abb3673e5aa4716ca60b9eb,41760,8702,23:57:03
09ec2cf074973c1fa2a96237f95669e1,41756,58821,23:57:27
09ec2cf074973c1fa2a96237f95669e1,41756,58821,23:57:27
d7a3809de49314cbb10fbd7d2548f46b,41744,1425,23:57:31
d7a3809de49314cbb10fbd7d2548f46b,41744,1425,23:57:31
d7a3809de49314cbb10fbd7d2548f46b,41744,1425,23:59:19
