0034ae4c4dda50c75628b016bd0dd3d8	41760	44661	12:57:11
0034ae4c4dda50c75628b016bd0dd3d8	41760	44661	12:57:04
0065c4e811c1ba029f7b421bb80e91c4	33565	24100	14:29:08
0065c4e811c1ba029f7b421bb80e91c4	33565	24100	14:29:23
0080f6311aa7a2a27f4430ee848be2cb	41773	53052	12:53:17
008fcb8cf3e86f0e21d0b88b541ad854	33593	6616	21:20:27
008fcb8cf3e86f0e21d0b88b541ad854	33593	6616	20:57:11
00e2328c17ed23dc207689f341001508	57658	20192	15:01:39
00e2328c17ed23dc207689f341001508	57658	20192	15:01:43
01a2f24b75b985a93105cdad6fa7b842	41744	39992	17:13:56
01ef8daf2306a100ec87351f0e0b5c73	41771	32662	09:57:09
01ef8daf2306a100ec87351f0e0b5c73	41771	32662	09:57:09
01ef8daf2306a100ec87351f0e0b5c73	41771	32662	09:54:55
02ca5a6012134dfb92d3ccd26dc075b2	41820	54831	10:59:07
02dd588b12e9957ce72558771b93b95e	41833	42922	12:32:07
0307bddf359c69f71509de901ef8ea23	33557	35340	09:11:25
032a90adc0508a488277249561e6f32f	41768	25791	10:02:40
03b02f9dc0d5f983457e4870f50e7586	33597	3692	14:43:58
03b02f9dc0d5f983457e4870f50e7586	33597	3692	14:43:58
03b02f9dc0d5f983457e4870f50e7586	33597	3692	14:43:53
041b617565846bf24d5e4bc9dd068d9c	41792	9862	08:21:46
041b617565846bf24d5e4bc9dd068d9c	41792	9862	08:22:53
0420cbdbb3d8493c386ececb04362419	33570	47560	14:51:07
0441f943e9f3da9a956f3615a8884c63	33581	28926	19:33:12
0441f943e9f3da9a956f3615a8884c63	33581	28926	19:33:29
0441f943e9f3da9a956f3615a8884c63	33581	28926	19:33:08
0441f943e9f3da9a956f3615a8884c63	33581	28926	19:32:54
048a5c20f26eb284be9d8a8d869416e6	33588	59331	10:29:58
048a5c20f26eb284be9d8a8d869416e6	33588	59331	10:26:40
04c6de0fe1b676c6ffeaf54b6bcd5bf0	33599	55188	08:50:06
04e0f1fb17c04d23da8097079c2c0b65	5665	24214	11:27:53
04e0f1fb17c04d23da8097079c2c0b65	5665	24214	11:27:53
04ea16a9a28cc3841aca103c01420ecf	41776	10031	16:21:52
04ea16a9a28cc3841aca103c01420ecf	41776	10031	16:21:52
05065dd09bf6223d4881e3c3a62ab95d	41768	35744	17:32:54
0551ad37dd82eb30fa0a86cd95150320	41744	573	12:21:02
0644b516dd456a9d5093a1ec6b82aa34	41776	55971	10:55:46
066496151825c3248eb8ba79805a5075	41792	7428	15:22:34
069d16717bf34501a2dc20904b87c127	41764	46221	15:39:32
06f4f0e596295889e7e411854e9c557b	41832	41052	21:29:24
06f4f0e596295889e7e411854e9c557b	41832	41052	21:29:21
06f786575dbdb3612ecc8bc7625ec913	33581	18512	14:09:23
06f786575dbdb3612ecc8bc7625ec913	33581	18512	14:09:05
06f786575dbdb3612ecc8bc7625ec913	33581	18512	14:09:05
072c5580bf8f0b54473376a5da5485b9	41752	21141	16:11:31
077e41459c18b6512cedf63c45ba6583	41792	37101	13:16:30
08337c2828ed956fcc2d65929d9e0820	33594	10249	09:46:16
08b14d96e865b04b3065307edb7f14b7	41821	2312	17:18:45
08e64261a5a30322c8f111c2af3e0834	41778	30483	11:18:51
091f2a5f25b47afef32331917db482aa	41736	28623	16:52:06
091f2a5f25b47afef32331917db482aa	41736	28623	17:11:28
091f2a5f25b47afef32331917db482aa	41780	28361	23:17:43
09679826b0f2cdb95efc312895a22a42	41792	7223	09:38:25
097c225ccec65dbf5c4dcdd385626c3d	41771	33375	08:57:42
09b316b23cfa6afd122ab55cf5977da1	63238	20693	19:18:27
09b316b23cfa6afd122ab55cf5977da1	63238	20693	19:18:27
09c59d2637c880b780f9e6eb1dd98815	58631	53810	09:45:21
09c59d2637c880b780f9e6eb1dd98815	58631	53810	09:45:28
09fcf601b064a24847217eb5c888fb60	41745	45054	11:37:02
0ab65e30c10e158bc7169dbc3b8ef985	41848	60621	09:10:19
0affb78752ab1eaaf464081ad9280e57	41744	22863	16:13:22
0b08f8d3672f6c0b95a98a7faa558691	33571	42070	12:55:01
0b08f8d3672f6c0b95a98a7faa558691	33571	42070	05:55:16
0b152d05f1fdfd1a5a249d8d128f4d76	62754	20105	08:20:07
0b9a3fb06fee4893ef2c0319524e5d9b	41736	45132	16:11:40
0bb4b4c755cc34f22f10687e8e7549a4	33591	26562	16:25:04
0bb4b4c755cc34f22f10687e8e7549a4	33591	26562	16:25:13
0bd4829ce69d82b82e391b369b04c68b	41792	11011	17:25:38
0c7fb394a4f6ccb673e695bc75e0655f	41784	44434	18:41:24
0cb145915f56906afc4eeeb25e693947	41744	1014	16:33:54
0cb145915f56906afc4eeeb25e693947	41744	1014	16:33:39
0cb145915f56906afc4eeeb25e693947	41744	1014	16:33:54
0cb7f4c0f0f9221f98c65d8158f6f410	33170	16513	14:48:22
0cb7f4c0f0f9221f98c65d8158f6f410	33170	16513	14:48:11
0cb7f4c0f0f9221f98c65d8158f6f410	33170	16513	14:48:23
0db0c54e2b28b9e574dbaea912418727	41771	10201	15:40:44
0efc3083f8a976e5715bdc41d6fdca6b	41771	22831	11:05:59
0efc3083f8a976e5715bdc41d6fdca6b	41771	22831	11:06:08
0efc3083f8a976e5715bdc41d6fdca6b	41771	22831	16:35:22
0efcd427bccf017a697aa32bc14a8cd4	41736	5371	06:55:43
0f06121f7dd724297a067642527710e8	41745	24772	10:23:08
0f06121f7dd724297a067642527710e8	41745	24772	10:22:47
107dc8371389603b0c04878279de42a7	41025	17711	22:30:27
109c60e1aaff0238cafa3c6da3dceb1d	29594	13511	22:12:55
109c60e1aaff0238cafa3c6da3dceb1d	29594	13511	22:12:55
109c60e1aaff0238cafa3c6da3dceb1d	29594	13511	22:09:51
1125e92f34af7734a806c37d64fcafbd	9767	7471	22:09:54
1125e92f34af7734a806c37d64fcafbd	9767	7471	22:10:00
1125e92f34af7734a806c37d64fcafbd	9767	7471	06:58:35
1125e92f34af7734a806c37d64fcafbd	9767	7471	22:09:52
1125e92f34af7734a806c37d64fcafbd	9767	7471	06:58:40
114e1684c3175299bd1ae02988b9cfc2	41744	1422	09:25:14
114e1684c3175299bd1ae02988b9cfc2	41744	1422	09:25:00
115ef7b57c677fe21099569588dadf6f	57701	24131	19:14:41
115ef7b57c677fe21099569588dadf6f	57701	24131	19:14:41
11601a4d973128174cb3f254c44e1ed0	41792	20763	16:50:10
11649be6c797c5ba624390023a269f46	41784	24614	13:22:12
1198e1e974bdafc7c0d843d093655392	63364	1671	10:41:02
1198e1e974bdafc7c0d843d093655392	63364	1671	10:40:51
11be602d7d830e46b798c53d201be1af	41768	23484	17:24:37
11be602d7d830e46b798c53d201be1af	41768	23484	17:24:37
11d776b118f67d27a31ced0ad992f58c	45892	15513	08:04:48
1221b81e44a2ff38300f79338eed2310	8731	21321	13:17:14
125905e6616f39133196ffc8a0c3dc78	41768	27284	15:34:14
125905e6616f39133196ffc8a0c3dc78	41768	27284	15:34:21
1286c7a0f2e077f277c54b7306a25195	42485	6681	09:03:29
12d3978caa2b4431925e15fa32fcd64d	41778	33452	12:18:01
13508ad199a50460686915857a1d4ea6	41792	7583	15:46:36
13508ad199a50460686915857a1d4ea6	41792	7583	15:46:54
13746cb0d31e7278abe421844efaf756	41821	52913	17:48:32
1375c79acff24d489851d9878e9c1360	22853	26702	18:53:43
1375c79acff24d489851d9878e9c1360	22853	26702	18:53:43
13f829b58c0dc8bd64416d1055ae5e7b	41784	38111	10:27:15
14ade68115042f96bd1d43ec027ef4c5	7120	36273	09:06:31
14ade68115042f96bd1d43ec027ef4c5	7120	36273	08:53:48
152452a5fbc9b3a937bd14290b1249be	41784	2531	07:56:15
153d5574d923767e6f841766d37a207b	41769	23951	11:35:55
153d5574d923767e6f841766d37a207b	41769	23951	11:35:55
157b8b686f95520d29374f8dc3277b0a	41764	9032	13:24:35
1582aeec1657f59d7503ea2dde147f97	41744	18582	10:00:37
1591109bb721118cb952d0c1dff054bf	13841	58186	15:27:20
15e74496cee8057540b8c8e5c0fe155a	41764	8862	14:36:18
160921f56ea732d24cc7576a2070f7be	33579	18154	15:29:58
165bd93abad510b962764b1d616814f9	41768	33531	16:27:17
16822e6cd54541e7323da5fc050b91ac	46550	10552	10:30:21
1687bfdf0b73f9699ee241cbbc59e83c	41816	46411	11:41:50
168a58fb59c8fb8bf2df91e740aace7c	41744	1002	15:54:07
16a487942200579502e6cc5cc8125ef2	41764	9065	11:19:14
16a487942200579502e6cc5cc8125ef2	41764	9065	11:18:22
1789c871320d7078d9ef25d6d86c7f29	41816	46731	10:15:37
179a3b6fcdb022fef7b4bbfe6d727878	8432	46971	12:03:14
179a3b6fcdb022fef7b4bbfe6d727878	8432	46971	12:03:14
17dd6be365da504ca63896e4ea61c7cb	55678	18121	22:07:22
17e7d2c473ca1c5d27d9995b618bd362	33594	25040	23:03:45
18027e962f1c651225f071a19d4f3238	41744	552	09:44:08
181f7f390ada8245ae620a59470471e3	61716	9563	19:54:51
183d2f8030b7600148ed44c9f695ae90	41778	29415	10:16:21
184ce7b3c0628d75b6366080e88099cb	41760	7691	10:54:30
18ae500699f0976c28a7f10cc208441d	41776	56402	06:38:24
18c665203ce40221a7d119795afedba1	33552	8986	11:50:20
19595d019559fcea40eda5e140629fa5	33582	2119	17:45:00
19595d019559fcea40eda5e140629fa5	33582	2119	17:44:56
19595d019559fcea40eda5e140629fa5	33582	2119	17:45:02
198601a6f625e3df4bfb0d143f76df38	41764	41152	17:12:38
198601a6f625e3df4bfb0d143f76df38	41764	39745	23:48:50
19e8a96c5ee24e8be33bff56dfe5d4a3	41773	53041	07:51:55
19e8a96c5ee24e8be33bff56dfe5d4a3	41773	53041	07:51:55
1a4bcd3bf0312a34b05f1e5c8004bac1	53575	14973	23:47:56
1a70a41a12a495ebc7e08e247e8db84f	289	34223	08:51:00
1ad21efad5933126d01090294a54b181	33552	19747	16:29:58
1ad21efad5933126d01090294a54b181	33552	19747	16:29:43
1b8cbc757bac76ba90f780e7f6fbce88	41784	38801	16:37:42
1bae3537e6aa4446d2cab2ddd61e8527	2189	13213	23:38:50
1bae3537e6aa4446d2cab2ddd61e8527	2189	13213	23:38:49
1bae3537e6aa4446d2cab2ddd61e8527	2189	13213	22:29:19
1bae3537e6aa4446d2cab2ddd61e8527	2189	13213	22:29:19
1c7a4fc20f91d0d9f00891eaa90c4586	33596	11268	17:37:28
1c7a4fc20f91d0d9f00891eaa90c4586	33596	11268	17:37:36
1cd31487e1e0730d0c91b053645fdb12	55554	5113	06:21:12
1ce47e2e1378e6971e6edb2551d87bcc	56337	12274	11:42:58
1ce47e2e1378e6971e6edb2551d87bcc	56337	12274	11:43:23
1d05657004d3861f7f2f665b5b8f0724	41792	32003	07:45:44
1e078e043bd51f939a27354c9eeeb9d2	41776	34052	14:27:14
1ed4df0df61acc3ca9c0e2873cca935d	39202	23633	15:39:18
1f24547ef3a673998bf5032f2b2ac36d	53633	13353	12:37:44
1f4c25b9cbba9f9ea530c4b982c4cea0	41744	33	13:49:43
1fa2a3aaa34c82f96cf1d78e38f48a93	41768	5652	08:37:29
1fb4a315b77eee5943f37a4be355b46e	46554	8394	10:45:18
20f777b632274cb6e70c22d192cc1e12	61839	45224	12:53:46
2127abdd462f781be65b87d1bc65daef	40993	21211	23:54:33
21f3043f0bc85cc49ce3564b55ad14c7	41778	50951	05:51:54
224a46f9930656636a3fc90717e1feba	33559	47650	09:48:59
224c73dadde8ffc2d84fefa0e5a2d138	9636	28836	16:29:28
224c73dadde8ffc2d84fefa0e5a2d138	9636	28836	16:28:52
224c73dadde8ffc2d84fefa0e5a2d138	9636	28836	16:28:52
224f86cf48476ae57025d1b879fc46b2	41768	23283	15:14:05
224f86cf48476ae57025d1b879fc46b2	41768	23283	15:14:05
231d2d1f451d3f405ca72e6162b42330	41833	43382	12:41:30
23230c769ae05fc62d28c2422dbd52c8	33563	15869	12:13:19
235c40e1c0dc4d2451082681ba9f71b3	41744	45832	16:13:00
238556780ed1ef543ff85b8e0e6a0ea5	33593	23018	13:23:03
242965e0b4c61e4b1874a67fa2f6bc31	41744	25134	16:34:05
249661e60f39c8e0afb77f476cd8eb36	41736	5752	06:38:12
253225a57f92bad4614061a907016ef9	41760	8633	12:04:38
253225a57f92bad4614061a907016ef9	41760	8633	12:03:19
2620e2bd520c529fdf8763192b3bb45a	41769	58453	08:45:18
263394fccc07ede10b0c0d2d2ae6e626	33571	53280	05:40:09
264df74e6c7958619d61ffc4bc5cd1df	41833	60693	13:16:38
26574a9cbceed1527d241d3155744abe	41822	50144	11:53:26
267853f3f2c818daf1e178aa3ef6c432	41768	52482	18:50:10
27b4fa247dd0170f353d787b9cc83333	33595	11468	11:45:07
27b4fa247dd0170f353d787b9cc83333	33595	22721	11:33:49
27b4fa247dd0170f353d787b9cc83333	33595	22721	11:33:53
27b4fa247dd0170f353d787b9cc83333	33595	11468	11:45:16
27b4fa247dd0170f353d787b9cc83333	33595	11468	11:47:30
27b4fa247dd0170f353d787b9cc83333	33595	11468	11:47:29
2840649f34029d843f98c8c453bcdb75	41769	51972	11:05:12
289bc55bdd6bc95e1bfa304c3e509ff1	41768	52265	09:28:56
28f9e50780417908223ba00cb56d5388	41745	2012	09:41:32
29314ab45c2817690139e8696ab43663	41760	22052	16:56:38
29f5980b7296eba3dd91fc8f4e5d72c4	41777	30951	17:27:53
2a10a1190cc22d4424991bcbbd0495ee	63361	415	20:30:06
2a10a1190cc22d4424991bcbbd0495ee	63361	415	20:30:06
2a25421d7010cba35df69717aacda3c9	33573	14827	10:40:27
2a25421d7010cba35df69717aacda3c9	33573	14827	10:40:27
2a3e9f1c4fc55c69a93d2d2a95edf6f2	41736	5037	15:25:41
2a3e9f1c4fc55c69a93d2d2a95edf6f2	41736	5037	15:24:32
2aae2575939037ff60bba710ced0091b	41776	27991	18:43:32
2aae2575939037ff60bba710ced0091b	41776	27991	18:32:54
2ab6ea927f6ce62b0bae1854f542cb8e	27026	22281	10:43:25
2acda5a94b76d8134f3cd07870917b28	45378	263	06:35:21
2acda5a94b76d8134f3cd07870917b28	45378	263	06:35:21
2b5623f54112b40cca07b5a6433f4c33	41760	43812	08:33:20
2befa8d673646fed7bda58c4bb41e60a	41792	7991	14:18:10
2bf6013c372b054f740cd71658ed81c5	63297	3673	12:57:10
2bf6013c372b054f740cd71658ed81c5	63297	3673	13:00:04
2c020a832a20ec30f3e311a6f926123c	41768	56822	13:31:00
2c020a832a20ec30f3e311a6f926123c	41768	56822	13:29:11
2c53ab02adc9fcd6248105abf733045e	45316	16422	10:45:33
2c53ab02adc9fcd6248105abf733045e	45316	16422	10:42:36
2cb83bc4b8c4053559a6fa678a1a88e2	41816	47426	12:14:48
2d00cb7be7f744258804425a2ca8764d	33559	52311	05:10:28
2d00cb7be7f744258804425a2ca8764d	33559	52311	05:10:15
2d00cb7be7f744258804425a2ca8764d	33559	52311	05:10:44
2d00cb7be7f744258804425a2ca8764d	33559	52311	05:10:28
2d26f32ed7a5b10c57b13fa7cdbe60fa	41778	49032	20:02:24
2d26f32ed7a5b10c57b13fa7cdbe60fa	41778	49032	20:02:10
2dc5aa25d5f89cc9dc37aee7fdfc8ef1	42678	3853	11:26:24
2ef050d94bc8886f1c75ab4c12d96c07	46962	11943	17:37:45
2f20a74128001057e8e205163b97da41	41780	49492	16:43:16
2f6ca7bee273967b0ef3e14dd7459a0b	41823	53575	13:56:04
2fe3d664a6275b5e61c747eec06910e0	33573	27812	07:16:16
302b9b675b7ecc618883c70ccf64b527	41776	36153	08:09:43
306a08b6fd8848923314eee767f189a9	33562	18340	15:33:30
30dbee915a8188d13311167641649aaf	41792	40412	14:02:45
316bb9802122e625032a54aa4bf017e6	41832	38651	08:16:11
3216879b5b8897544d0e25567648a3f8	55637	25952	12:18:28
327f0845907d0d7766fdbfeeead55df0	41768	53142	17:35:51
3294e15c866f0f45f4f904f168a57605	41853	61333	14:16:19
330fc0406ebbda19746840964467f946	41764	46731	11:50:08
33271d00036358f453b328aa21755071	41792	7437	12:30:58
3361220232273b26d2bf1143b85c1c51	41760	25805	21:04:45
3458df807314af3f7f407bb3e7960834	41773	28911	07:01:08
3478c49ab8712735d6a45ad416fcfa04	53536	54131	12:10:20
35c22295fdea78b03d3bf6bfa068a23e	41792	8503	13:45:53
35c9bd9989f214a93019feb9a3b41b72	33597	17510	11:17:30
360e7cc12c62d4ecce7b18fb065c6462	41760	44662	17:37:56
360e7cc12c62d4ecce7b18fb065c6462	41760	44662	17:37:49
36273c3734d45c67ea5d16dd11f37f30	9731	17371	08:48:51
367e4a0485fdf8e5a9b525651c1e38f4	41768	23603	16:43:43
36960d5b387a3f4eb3c848f57f0f787b	41768	25602	12:30:28
36f4d2724f3ec8f59f7a25b99b1e614e	61764	4431	11:01:22
3765f20fb199f7b1f49d21892a2610f5	9518	55676	10:44:12
3765f20fb199f7b1f49d21892a2610f5	9518	55676	10:44:12
3833d62a34d64b565dff17334726b2b6	59245	15383	09:36:08
386ac91757ce7a821cad8ff1921b9be0	41777	36642	10:24:02
386ac91757ce7a821cad8ff1921b9be0	41777	36642	10:24:02
386ac91757ce7a821cad8ff1921b9be0	41777	36642	10:23:36
38ed2128d9e62cab111d897c83cef87a	33565	23596	07:36:50
3a0386304881b3a65ade2a23edee7ca5	33553	36652	14:28:27
3a58b11f8d4976b6d072e226ceb13b09	41756	53643	16:12:08
3a58b11f8d4976b6d072e226ceb13b09	41756	53643	16:12:08
3a781471ae032db852489f27a84bdf68	63236	40022	10:24:48
3a9d7a1167351be609fa2fa257c09cf2	41736	5004	11:56:00
3ae0314c31625f342b9ddc641e435f57	41745	2064	16:00:06
3ae0314c31625f342b9ddc641e435f57	41745	2064	16:00:06
3ae0314c31625f342b9ddc641e435f57	41745	2064	16:00:01
3b8de5d735661153ab621b93707b455a	41736	11021	14:59:01
3bc2a26d3a3732b4cf5e33074ab9c737	41780	3961	02:37:35
3bca48f043aaf8c3860eedf2dc3a10a8	41784	11745	14:31:19
3c447776bc8f8805776f5e03e9dfa695	41832	38162	14:52:54
3c447776bc8f8805776f5e03e9dfa695	41832	38162	14:52:59
3c447776bc8f8805776f5e03e9dfa695	41832	38162	14:52:51
3cadc26c109fe997f6c4872bf0ad80dc	33562	16398	01:24:37
3ce882068e04c1054d6e060af3299378	33582	5921	13:17:34
3ce882068e04c1054d6e060af3299378	33582	5921	13:17:34
3d06b6a8a00b895b6a8085b612f82bc7	33552	25770	17:52:15
3d48b73f11ff6d0e9e44efd2e3e85b48	41745	1702	12:35:57
3d48b73f11ff6d0e9e44efd2e3e85b48	41745	1702	11:38:08
3d48b73f11ff6d0e9e44efd2e3e85b48	41745	1702	11:38:00
3de94738e2db69e7a51ae89029727021	33570	44460	21:55:39
3def6ed98747b25c49cf36755199ab5b	41784	11533	22:46:50
3e86ad51e0e2e42c1b23c80786d193c7	41760	4312	15:58:02
3e86ad51e0e2e42c1b23c80786d193c7	41760	7541	08:37:37
3ef0e8c5f19dec491d1073235b98656f	62785	63872	08:29:28
3ef0e8c5f19dec491d1073235b98656f	62785	63872	08:29:17
3ef0e8c5f19dec491d1073235b98656f	62785	63872	08:29:28
3fba05a3cfcc86df6bf45c9f0e90bca4	41753	21051	15:43:53
3fba05a3cfcc86df6bf45c9f0e90bca4	41753	21051	15:43:53
3fbaf0ecff665d5736e9db7a5e246ed4	41817	48721	16:31:18
3fc36f29b611c42dce522b10911416d0	33558	48921	10:03:40
3fc74b78601779bd0db13c9d54efc2e1	41832	40261	01:32:45
3fc74b78601779bd0db13c9d54efc2e1	41832	40261	01:32:52
3fd36699a2cbf20fdfcd8a6ee710e37a	43028	10841	10:08:22
406fa6a542b8cbc53215dcf2ab2a1d94	41760	4329	11:31:14
41258234e55ab155d99a901addb91ad7	41776	823	13:18:40
41258234e55ab155d99a901addb91ad7	41776	823	13:17:07
419ad3e617e5f5f3b36c5146f5354609	41792	7878	22:40:21
41b02ef835aad5352e2a200618092f48	33570	42505	17:21:53
4247b5156a1b3d6726f24b2beb9b3265	33577	13771	10:34:55
4250eff534e57c5741f9ddd7331d1dee	41816	49402	09:14:52
4250eff534e57c5741f9ddd7331d1dee	41816	49402	09:12:30
4250eff534e57c5741f9ddd7331d1dee	41816	49402	09:15:01
427ef3934e977cb4844a0c2b6b5abf58	58277	50102	20:24:39
42e14e8f15b82b35cb891f530464640c	41764	8843	07:47:03
4306a1faad582f34c44028ef6326380d	41848	60441	12:17:43
4306a1faad582f34c44028ef6326380d	41848	60441	12:17:34
4306a1faad582f34c44028ef6326380d	41848	60441	12:17:43
43076f5548a265a3f71d0726b3a9000d	46960	10381	11:47:57
43b5341ee83c93429903954241d535f0	41820	4183	12:04:50
441cb2eb7dcbc936ce571cd56cf7f4ff	42255	23473	23:02:53
443f955b4cd26212ee5be4af55d9c018	41792	20762	09:17:05
4471a4c2173f9e2cdb22cc375cb66578	41744	362	08:39:05
44ec6696f9ac408d9712c2bc5d43a41f	41760	19932	16:19:23
44ec6696f9ac408d9712c2bc5d43a41f	41764	43113	09:48:23
44f71f1ee38b14f12babbd2b3ca486d1	41760	4421	08:18:33
4578ccabbe16a0a7b75ac6462a025c7c	41768	36321	10:14:59
4578ccabbe16a0a7b75ac6462a025c7c	41768	36321	10:14:35
45b0a2d53fe0d2d99190c4a98c9a7d78	41760	14571	12:24:11
45b0a2d53fe0d2d99190c4a98c9a7d78	41760	14571	12:23:58
4654f0e5a322073dc9ba4675411c2889	41760	44592	11:30:58
478889bc2c16a2a24af44f24e08b5b59	41776	30523	07:24:37
478889bc2c16a2a24af44f24e08b5b59	41776	30523	07:24:16
47d05b2236a11073d10e2e734a1918e6	41816	48983	10:13:01
483f72d9da915e9cf276161865aa9e16	41778	4054	16:20:55
48bc79c3326c9944ec91df9168138d10	50947	39041	09:23:41
48fef6235f7d00ec2c6bc7b6666da63e	41744	11502	06:53:40
4926dbeef96b67678bc02c14895edbce	41760	43082	08:50:40
499ff8c271f639befb592b6e5e3bfccd	20834	15641	08:13:57
499ff8c271f639befb592b6e5e3bfccd	20834	15641	08:13:57
499ff8c271f639befb592b6e5e3bfccd	20834	15641	08:13:57
4a92d83a12c890251815ed2539748797	61827	3002	09:04:06
4a9c02b98a9bd7dbbc8f8cc8e8f59c85	54066	57524	08:40:53
4a9c02b98a9bd7dbbc8f8cc8e8f59c85	54066	57524	08:40:53
4a9c02b98a9bd7dbbc8f8cc8e8f59c85	54066	57524	08:40:42
4ac3738438d7a30e14c3e076af7e4546	41764	10315	15:45:04
4ae274ddde7c0735f8851217d79304ce	41768	32872	14:30:34
4b6cefc14d3df02d113cea59f3ecda0f	33551	38072	10:23:17
4b93dde72abea8e0e6df901f3fb51610	41853	46833	08:54:19
4c5715b56070897345e17bcd7921598f	56834	9037	23:44:58
4c6ba66c634b2cb2bf02aed45f8489b8	41784	1684	08:02:50
4c998470d136b3dfef0b0a770646e490	41760	11555	17:40:24
4dcfda9b3a4341769fdeb2a14a368a03	41760	27056	08:32:27
4dd9c52796a2198d15833723c2225e70	46873	13603	09:17:48
4e4f5a4600c40b70849c1d27e4581b66	41768	50412	09:58:12
4ef84b2c295bbde9ce544c9c6945706d	58204	61015	17:55:38
4f392d3e1f3948bffa82a2382befe6c2	33562	10188	17:48:00
4f392d3e1f3948bffa82a2382befe6c2	33562	10188	17:48:00
4f392d3e1f3948bffa82a2382befe6c2	33565	15560	16:21:44
4f392d3e1f3948bffa82a2382befe6c2	33565	25670	10:55:12
4f392d3e1f3948bffa82a2382befe6c2	33565	25670	10:55:12
4f392d3e1f3948bffa82a2382befe6c2	33565	25670	10:54:55
4f392d3e1f3948bffa82a2382befe6c2	33562	15017	22:10:11
4f639a773bd86d8d697d90c1010a4968	33565	2570	19:06:59
4f639a773bd86d8d697d90c1010a4968	33565	2570	19:06:36
4f639a773bd86d8d697d90c1010a4968	33565	2570	19:06:36
4f639a773bd86d8d697d90c1010a4968	33565	2570	19:04:30
4f639a773bd86d8d697d90c1010a4968	33565	2570	19:07:10
4fd9e556997d91280606516eb925b0a0	61838	4381	20:39:41
4ff2d879bd04b370cc55eccbf49a0000	42260	16822	13:35:55
50475d7142c93f6580cf0a7fbd84ea94	41744	26013	14:20:00
506ded84b089434ec72dbb5fb39ba6d0	41204	12421	17:39:04
506ded84b089434ec72dbb5fb39ba6d0	41204	12421	17:39:04
511a42ef3e930b66222c8b79ccde7d60	41778	29452	09:04:10
51b553a82bbbf8418b574bf8658d54ea	41745	40026	08:37:45
51b553a82bbbf8418b574bf8658d54ea	41792	38914	08:39:06
51ea8e1c94bb4d5038b0ab4c59b2a688	41764	40642	00:04:44
525dc65e27a8c528d18c631712af33cf	41768	2673	13:51:54
525dc65e27a8c528d18c631712af33cf	41768	2673	13:51:55
5274eb7b24d9126ec043166910702f20	41792	7003	09:46:50
52d2457fa61eaf59d5d66875f49a74be	41777	24403	14:31:10
52e866de0d368aaf318b1198a20eef76	41823	50631	08:58:00
52eac6c3c13f735784ed75a7da47e7f7	41778	35585	09:35:16
53728c334509711f3e44b0c218861089	46340	39112	12:19:30
53b281748ae928748621e03d4e013354	41778	31043	12:19:06
545759740e4167b6c6f78d8940a2122b	21945	31512	15:53:06
5474dffe08060be9281979c05bf448aa	41744	3961	07:34:11
5667083db0da4819e76cec09d1904bc5	41771	53364	00:07:36
569585a34429edeeeb9d505de7efc807	41744	26013	13:22:09
56ec07095ace643127753c1be7861b22	33568	23384	10:48:02
56ec07095ace643127753c1be7861b22	33568	23384	10:48:02
56ec07095ace643127753c1be7861b22	33568	23384	10:53:30
5712e6dda9bf27fd861e3029ae67d010	41736	5563	07:28:28
57360b9e2e53123e6b5894b0488b1ec3	41792	26843	14:57:01
575fceeb83639681710611a3f559f1c2	41764	41191	17:33:51
57c3ec691bc326aa8d36b57e79d12f08	61895	941	17:14:46
5859e70c15302190f1970314ef78d216	41744	11301	12:23:22
58a9b5c1e20f31d790ae4d70ad541514	39319	21221	17:54:53
58a9b5c1e20f31d790ae4d70ad541514	39319	21221	17:54:53
58f7c4d2f249b46d2225877fe0dcd9c5	41792	23921	19:01:43
594bbcdb9757797d910afb96d25d2c7d	41817	47473	12:43:04
59644dd29b30d99c4cf8ca0ddfe77ce6	41768	37552	01:49:51
5990c2b2956aff5dc9012637168e2843	41752	11382	14:59:27
59cca90610cbc7a46c8765d91a3597ac	21124	20592	00:53:06
59cca90610cbc7a46c8765d91a3597ac	21124	20592	00:53:06
5ac7d342b139cdfde22ca1f07900c536	41771	34963	11:56:28
5ad3158eb3aa40ae3796d7fb35d5750a	41823	982	16:49:45
5ad3158eb3aa40ae3796d7fb35d5750a	41823	982	16:52:37
5ad3158eb3aa40ae3796d7fb35d5750a	41823	982	16:52:37
5ae19fc2bbcc52be70b6e81ac5911f36	41833	42191	17:47:59
5afcb8589200c86bcb6dc864a5080ef2	33592	13930	19:24:00
5b51bb862b17f32452a8fd7b3ba6e792	41744	562	07:48:21
5b721dcf18d1c92a73bb04822bf78bac	53537	16282	15:13:59
5b721dcf18d1c92a73bb04822bf78bac	53537	16282	15:17:06
5b721dcf18d1c92a73bb04822bf78bac	53537	16282	15:17:06
5b7c0e48097598b5f4e5facdbe6bfc29	41772	51171	20:47:29
5c2269e95aceb53194a9b8f98de648f2	41778	54581	10:00:13
5ca60dd675a03c2b46520b72fcec255e	46914	13382	14:32:39
5cac71a192f64ead63322ad78976792b	9738	25434	06:58:38
5d1ffb49a888b8c24c80e4fe2748bb33	33570	44580	12:22:37
5dbef80fcb8f474a5390f5c96b615c76	38528	3553	09:28:31
5e1b09ce8916cab13ed9b865e839abec	41792	11565	16:11:43
5ee67f654f4a00b695f1fa687dc7e64a	41764	8711	07:30:15
5f07df02c34ea4578b723ad7e3fb1167	41768	2203	09:13:17
5f07df02c34ea4578b723ad7e3fb1167	41768	2203	09:13:39
5f37aafc5fb359b14ecc434b902d3200	48449	25343	13:10:34
5f4d6ed522f4a9f8f68688d005d1dd69	41784	16781	13:06:34
5f64681b9cba1a5a2a347ac39f4b710b	63745	12453	08:10:58
5f64681b9cba1a5a2a347ac39f4b710b	63745	12453	08:35:29
5fbdf100af5afc9570369e08f9416d6e	61753	3593	07:04:06
5fc91223eabd953088a4aa073cb7028b	41820	51824	20:22:22
5ff58ba24c8fd504f23bd1613cf52cfc	41821	51612	14:34:01
5ff58ba24c8fd504f23bd1613cf52cfc	41821	51612	14:33:55
60136aa7f049bfaadc38bea8127d7ffb	8660	11902	21:34:31
60136aa7f049bfaadc38bea8127d7ffb	8660	11902	21:34:22
609bf3a835d792499094862c2fc5fa16	54673	13071	11:12:14
609bf3a835d792499094862c2fc5fa16	54673	13071	11:14:36
60a4f42e216a98fe207413b32cd8cea8	41792	9861	06:59:09
612f7d73f40a383fb376cd2819089717	41823	52671	12:54:04
617ed7de4f3a5ddb2890884bb2ab16dd	63425	902	11:20:01
6221e3c0ed569deb44cb1f087149a5e6	62753	12893	20:33:24
627065dc3624975c1aeee3527b67260d	41784	44483	11:31:12
628245d7c2526bf140dce6db1d3a79f3	41778	33784	09:15:13
628245d7c2526bf140dce6db1d3a79f3	41778	33784	18:14:35
628b3a0f1830509b220b24a949ea10fe	48004	46972	11:45:10
62ecfb4a22a8687224be50bc4883fbab	57734	3072	08:55:26
6313166738abc95943794aec7b9edccd	41848	59453	12:16:22
63229bf263090d01c90aaff1c9c4915c	41744	39802	09:45:35
63229bf263090d01c90aaff1c9c4915c	41744	39802	09:46:26
6336f1a46c0cdca98631341c30394665	41821	4962	00:12:38
6354f9c9bfdabc6ddc1fd16be5df8d06	41771	49533	04:54:02
646d79e1cfee7dcb3e17e7b7b8e9425a	33599	59391	21:10:31
646d79e1cfee7dcb3e17e7b7b8e9425a	33599	59391	21:10:42
646d79e1cfee7dcb3e17e7b7b8e9425a	33599	59391	21:10:43
651c0519102934b793a67402fd5eefd4	41736	5351	07:31:55
652489a57a30bad4940d4a80b7c0b1a1	41744	583	15:13:01
652dc46a2e50f1b31756a51bbf87df0d	41753	22351	11:47:10
652dc46a2e50f1b31756a51bbf87df0d	41753	22351	11:47:10
652de3522882872a871809bff17c816d	41760	4364	10:54:32
652de3522882872a871809bff17c816d	41760	4364	10:54:26
6536bb9d0b45279bdbbaf35d114e49bb	33597	10588	16:16:12
655d26d2276e5e1aba2514c070f16f7d	41764	39741	10:51:13
65816edee8a123c3f0cafbdbdf123d5c	41760	8701	07:54:47
658f6fc7056f5f371e6420536f526896	8650	58525	17:51:52
65ade814eb35e784aae74a8afdaf46a9	41768	56508	21:12:18
65cc229040033ec64b05d2599f07ff49	41744	2761	07:54:43
65e09e7ffda85742786520c2d79bf4e5	41770	28573	11:50:36
65f3951d3f126300916962eca2ca462c	41736	6285	08:19:03
66da5050331d17a1e035f678f1671d89	41744	37771	12:09:42
66da5050331d17a1e035f678f1671d89	41744	37771	12:09:29
673fa79c70d2aaf326873d67e7137e43	41792	8503	10:12:56
682f0e82b0913d764e367caec3772a12	41736	28922	07:21:28
6843295887615230d753889406bdf650	61770	4203	11:25:37
68630d39a5e2f4bd376aa1b44e6f705f	41760	31466	15:11:26
69000116feea2a6a877236ea21ac2b71	41853	61753	11:07:11
69342e425393a779b986c84c67048d6b	41209	26331	09:06:58
69342e425393a779b986c84c67048d6b	41209	26331	09:07:11
6993a267079b707a25cbc29d2240a3b6	41821	5012	20:19:48
69b7a2258d3cb52e50ce23ab8a1c4d9a	45411	1804	09:43:38
69b893b6e0922be24f11ad1f6d93be21	41784	38114	12:31:38
69dcdcceeac9a55de7e39599b7c4741c	41768	44672	08:49:30
69ea30377a0541f45770b5816cb7e52f	41768	32853	10:07:32
69ea30377a0541f45770b5816cb7e52f	41768	32853	15:50:09
6a994926cb5c52c67fedc3a1ba7b6919	41792	8148	11:25:59
6ab7e18b9ec875fac0e1414411c7eceb	41745	24552	08:52:47
6af7c6089e208a5435522f0c9ef5f62a	41832	39801	11:35:31
6b38bf74c5b5ed05ea297a11b338ac64	41764	9073	19:11:33
6b78cda68ce75e890b7b134256aeb2d6	41776	25681	12:03:32
6b91467632f8ea3eb8c7764cb6b0981b	33575	45406	11:44:32
6b91467632f8ea3eb8c7764cb6b0981b	33575	45406	11:43:51
6b91467632f8ea3eb8c7764cb6b0981b	33575	45406	11:44:31
6c1b58e423a91386ebe069f25e7eba95	8731	23523	17:25:45
6c1b58e423a91386ebe069f25e7eba95	63364	8511	07:28:01
6c23325e88f8cf4d544510a62c387c60	9245	60547	21:23:15
6c9c59121aa9d4eef9d3e098a19bc02f	41792	11853	13:14:59
6c9c59121aa9d4eef9d3e098a19bc02f	41792	11853	13:07:17
6ca19b52cd10ba35cced3f1fedb2c114	41744	1161	17:42:08
6cb5548e3fed43e11f1fc363937447d7	41764	42072	19:28:43
6cb5548e3fed43e11f1fc363937447d7	41764	42072	19:30:19
6ce0ba9795ead973c799969df493148b	41744	723	07:47:22
6e1cc20f9025331a067034d4d17e60b4	33569	44896	08:09:30
6e57e359ef1ccbbec109b9d622649596	41768	31363	01:19:46
6e6c0ced31077bbbbffd8cf1e521bf43	41744	30232	06:54:42
6e6c0ced31077bbbbffd8cf1e521bf43	41744	26631	12:06:37
6ec90d0a0f3a6a1053df3007945a53ef	42284	48741	22:45:41
7031d083e2bd4996efbeaec489e521ee	41744	30396	22:46:54
706d5261a4da8577fe63f43ec5b51128	41760	44541	18:24:34
70f2bfe6754e27ad73eb75c46690ab25	41736	42631	08:21:09
70fc72e1e1987328349b049c92d12611	33589	52560	16:06:09
7108e2c95fe2dd3e7f4c5ff7ad631413	41792	11043	23:48:01
71cc26a4abf3467be27a8f243373d4c3	41744	26011	08:42:32
71e705375a8fb1939e247b906e7d012b	41832	39403	08:37:10
71ecb079865f80fcfa546601bdcfeab6	41768	26721	12:32:33
72448461058616ee26819fd7d01c4753	41821	1673	08:52:59
724a599922b2454108f0abcf8005fdb0	41744	5273	14:30:32
72eaab9e688974cb3140c0275505f9ef	41784	1957	09:55:04
7366b6f366a3d9b8b039cc2b70126128	41824	51213	10:07:04
7377bc94add466fdb292dca090e3bb32	41745	1993	09:40:05
738d9fe9d45c29c692b6ef860b124d55	54176	18362	16:30:11
738d9fe9d45c29c692b6ef860b124d55	54176	18362	16:30:11
73bcfaa2151d21199caf3ff06a37c8b5	41768	6252	20:20:23
741c69860e90450771de7f0753d792ed	1323	55998	19:54:39
74311b2d1160c52dbf9e0043370b1f58	33598	58032	09:26:25
7449cacbc1eee9ee3aad65d9738131d7	41832	39032	09:43:24
753a235416e46abfbdd365298c9a0a3e	41792	41962	13:21:19
75b18b3b2f88c7c6c15bacfb732b6c4c	41792	7212	13:09:35
75de9be9e9b853634d45c82c1c7d9242	41764	42595	09:03:09
761a486c44c8714210e66311970041e9	41816	21013	06:33:39
761a486c44c8714210e66311970041e9	41816	47253	23:29:49
761a486c44c8714210e66311970041e9	41816	47253	18:06:27
761a486c44c8714210e66311970041e9	41816	47253	18:06:27
761a486c44c8714210e66311970041e9	41816	21013	13:32:07
763b120b54f17ebdee3fd407509084c6	41784	31631	07:27:49
7658486395fefd0df81f15bf02f4ce54	33589	46740	13:39:28
7679e615e8f7cf39c498941db874213d	41744	2842	13:05:18
7679e615e8f7cf39c498941db874213d	41744	2842	13:05:27
76d1ef5801da5ed91f28925a9c3817ba	41736	5393	08:21:50
77718f14864bb9236ce45707df60ca21	41832	38392	11:01:15
7784e06cc8578b534984351118f1a7ef	33562	18240	12:56:42
77c10355ff2d099f0e5b8cc00d6042ea	9611	21481	07:19:02
77c10355ff2d099f0e5b8cc00d6042ea	9611	21481	17:41:39
78190d38b7b0594dea0c73f8e2bbff95	41821	5361	22:29:42
78490a8024444eab2326eb9d6a5d0d62	41736	45073	08:58:43
78d7665b239f699c7e9059c48a2ddc25	33553	36912	09:00:39
79523113a6d2c7274eb76d0a5f4cff9e	54216	32533	18:45:00
7975b45ce78bc0659864160db3664148	41778	33783	18:44:51
798f8639e9643c9f8b3797af5407470c	41792	10212	08:05:11
79d3defae9ee0860d8a6c425d60f07d3	41744	46162	16:14:58
7a19d8883ee7897b53b35689be1980c3	33566	2400	22:46:17
7a9efc84daca3d96d8d461e9a047d42f	41769	31142	16:32:29
7ab2e37fd70c54c02a4ac1b4c6a0ea8d	61707	45172	17:11:54
7b1174c4e846424d8783d238a24ea342	62848	11573	07:24:21
7b1174c4e846424d8783d238a24ea342	62848	11573	07:23:24
7b362d96ce53537ac8346ab5d958364d	33558	54422	08:44:08
7b362d96ce53537ac8346ab5d958364d	33558	54422	08:44:08
7b362d96ce53537ac8346ab5d958364d	33558	54422	08:42:56
7b362d96ce53537ac8346ab5d958364d	33558	54422	08:45:30
7b362d96ce53537ac8346ab5d958364d	33558	54422	08:46:32
7b362d96ce53537ac8346ab5d958364d	33558	54422	08:42:30
7b39978cfaee6f251a31fabe384f8c82	33558	47852	07:23:12
7b45a5ccdd5159eccbbea482f23245fd	41745	2318	18:52:28
7b71e446aa3b76634cad9282e0c93627	41764	40629	10:51:44
7b848bfdfc57439d319623b92dcf014c	55110	6391	18:03:49
7bb34e033a7b7edd831e2402283ec757	41768	53091	15:53:00
7be6b6ad1363ca96b6affef5858df161	33592	5991	00:06:10
7be6b6ad1363ca96b6affef5858df161	33592	5991	00:06:10
7c31d9edf3b77cd1680b0d1926d70f98	41780	56782	10:45:58
7c31d9edf3b77cd1680b0d1926d70f98	41780	56782	10:45:58
7c445cf6c8dd4a8f4f1ca34aabb20ca9	41768	53181	15:35:25
7c51ca91751b329bc5fb206770e8362c	41764	39759	17:11:54
7c51ca91751b329bc5fb206770e8362c	41764	39759	17:11:12
7cafad4d8b9b558b1097e07c9899793c	33563	7056	19:47:14
7ceab14def5122221a12c7b987a2e940	41752	3061	17:44:56
7d82824f99eab32975f3daa490c72d0a	41784	2578	11:04:23
7d8d339c1fdf996b9b63f87ac0257e35	41776	58181	10:01:47
7de091b6aff483e42f6455dfa7b34413	54113	11921	11:08:09
7de091b6aff483e42f6455dfa7b34413	54113	11921	11:08:13
7eab5ad2f4444c5f9293ada10f2556f0	41764	13551	23:08:06
7ecf34b9f4a792694bf3e7df78f8f345	41736	5151	13:06:42
7ecf34b9f4a792694bf3e7df78f8f345	41736	5151	13:07:02
7eda451ba998b058977beb13a71a900d	4098	28026	14:00:49
7f4018489a1d70482c8a7ca78d03865c	41769	22282	09:15:31
7f4018489a1d70482c8a7ca78d03865c	41769	22282	09:15:24
7fa766c251d2dd9f9bcf442f9ec8e1bf	41745	24722	05:59:18
8028f7fd8ce650a6c30be5f75728311a	41744	23601	15:28:26
80bed67be71b8c402fe565403e62b209	8414	50551	17:00:14
80bed67be71b8c402fe565403e62b209	8414	50551	17:32:37
80bed67be71b8c402fe565403e62b209	8414	50551	17:32:37
8179ca4c91eb04166f1b650e69149dc2	41823	1353	09:41:12
821a81323e919dea6a5416789550d84e	41768	29962	20:08:51
824f69626c91e18e1bd56d8fcb0c7128	33552	13898	07:39:15
824f69626c91e18e1bd56d8fcb0c7128	33552	13898	07:39:51
824f69626c91e18e1bd56d8fcb0c7128	33552	13898	07:39:51
824f69626c91e18e1bd56d8fcb0c7128	33552	13898	07:39:23
824f69626c91e18e1bd56d8fcb0c7128	33552	13898	07:40:46
824f69626c91e18e1bd56d8fcb0c7128	33552	13898	07:40:46
824f69626c91e18e1bd56d8fcb0c7128	33552	13898	07:39:05
824f69626c91e18e1bd56d8fcb0c7128	33552	13898	07:39:15
824f69626c91e18e1bd56d8fcb0c7128	33552	13898	07:39:15
82591697072533aecd52772143dedfa8	41764	45452	17:13:29
82591697072533aecd52772143dedfa8	41764	45452	17:13:25
82ade6811677d0f48a1ed3b153765cf6	63235	32832	07:40:44
82c32e5e40e668821911dafab0e4e964	41760	25843	18:44:41
82ce2b538acc05c5be2f272b5bc03751	41744	25051	15:28:08
82ce2b538acc05c5be2f272b5bc03751	41744	25051	15:29:15
8307f07aefe65e9b78e0c2308a21a64c	54091	10251	16:57:56
8307f07aefe65e9b78e0c2308a21a64c	54091	10251	16:57:28
832913b883638211d2761b127d8c892c	41823	50652	17:46:09
839606330f10446cb693f934ec229d2b	63763	21011	12:56:04
839606330f10446cb693f934ec229d2b	63763	21011	12:53:24
83fb48f687287505c073a3671b6dc893	43015	47141	07:52:12
841e8383bb8f06fe68621570a3a560d7	41768	1392	10:45:07
841e8383bb8f06fe68621570a3a560d7	41768	1392	10:45:07
8436332b2f3bf78f8d066b2072d2bc77	41752	46185	14:02:42
8436332b2f3bf78f8d066b2072d2bc77	41752	46185	14:02:45
8438dcbc40b9ffaaabf431207786c9e7	61707	4572	09:21:10
84907114c16777c81774059af911746e	33557	33460	15:24:35
84907114c16777c81774059af911746e	33557	33460	15:24:34
84907114c16777c81774059af911746e	33557	33460	15:24:23
84907114c16777c81774059af911746e	33557	33460	15:23:51
84907114c16777c81774059af911746e	33557	33460	15:24:23
84b87ee4e5f889399446ce7fd13bfae0	41792	18931	10:06:48
84b87ee4e5f889399446ce7fd13bfae0	41792	18931	10:06:26
85959e6aa68a4604888ff72b72fcb8a1	8690	24165	16:10:08
85959e6aa68a4604888ff72b72fcb8a1	8690	24165	16:10:19
85e675e1f4cbbb27dc77742d027cf30f	47088	10168	16:53:42
860e40fd2861c833b9b534f254a60d12	41784	39222	07:40:33
86246f705cd5027b6dadefc44643e874	50436	54476	19:11:02
8634a888f259e4a0a74dc119d237a620	45361	1673	10:55:57
86441a3da49aecbf1e850c1bcf3a0d9c	41768	609	19:04:54
8660ca68ef2a513064e2549e2acf8000	41736	5703	14:09:48
8660ca68ef2a513064e2549e2acf8000	41736	5703	14:09:33
868ab8f4ca2b5834993f299ae2243274	41744	211	08:54:55
86dff49bc47cab86c824a7c19567bab3	33580	22190	12:08:33
86ec3740f0c97edd44e834af244c3ac3	33570	46260	22:56:19
86ec3740f0c97edd44e834af244c3ac3	33570	46260	22:56:01
86ec3740f0c97edd44e834af244c3ac3	33570	46260	22:56:19
8721669327ebd4080fb6df5479712c1d	41768	24213	13:05:39
8748a1bddf7ea199a0cc7dde4ba27770	41756	32321	07:06:38
87e9d9efaa57a23694dd1443d68c70d4	41736	6174	12:00:38
87e9d9efaa57a23694dd1443d68c70d4	41736	6174	12:00:30
88d0e87de80d7b77f8d65e1d51f072a9	41745	24563	16:21:02
88e9bd9d3d61fc86392facef131ca494	41784	2322	14:31:30
88e9bd9d3d61fc86392facef131ca494	41760	4393	08:25:49
89392792b69f58a02a87d37f06bd95d5	41756	37113	08:22:26
894700066cb767e19dcafde2c463573a	41776	29502	16:38:25
895c0b0f97789b660ee4ac386f911d5a	33562	17647	06:12:54
895c0b0f97789b660ee4ac386f911d5a	33562	17647	06:12:54
89c64f8ddc28389bf1cd4be0698ab273	55637	14812	00:37:22
8a6afdbebc3379159a39962defcd4f3e	17934	64808	10:51:17
8ae5b514d41ef2e00cebb163e78fe593	41760	20332	13:33:03
8ae5b514d41ef2e00cebb163e78fe593	41760	20332	13:32:53
8af150cca7f0dbc7c2ae3ba854b4953f	41760	31501	11:26:27
8bd937e2579b187ea68765fa31807199	41848	59063	17:18:39
8bd937e2579b187ea68765fa31807199	41848	59063	17:18:39
8c3c335948e5d12bace1f25f2a9a391b	41792	11651	01:59:11
8c3c335948e5d12bace1f25f2a9a391b	41792	11651	07:41:29
8c3c335948e5d12bace1f25f2a9a391b	41792	11651	01:59:07
8d0d7defcf276ef37f97cb5489c42cf8	41821	52842	12:41:23
8d0dbe636ea07e93d4baf347424c54e0	41824	51091	05:40:16
8d0dbe636ea07e93d4baf347424c54e0	41824	51091	05:52:52
8dc90a41e6f56687010e29d14738ef62	41736	5191	12:22:17
8debc6023d9826de9b9c230ccf958d38	54235	35811	14:24:29
8ec3a8889262334ecec5da30072829d3	55238	1972	23:18:03
8f0fa6a94a69c0d83ba883150c8e6e37	33567	15209	01:48:30
8f0fa6a94a69c0d83ba883150c8e6e37	33567	15209	02:19:54
8f0fa6a94a69c0d83ba883150c8e6e37	33567	15209	02:28:38
8f8a76f5f4e1ab93771517164475054b	41784	28284	12:50:55
8f8a76f5f4e1ab93771517164475054b	41784	28284	12:50:52
90bc54633bed5cd444e87fbeb4d15530	58121	39336	01:33:12
90bc54633bed5cd444e87fbeb4d15530	58121	39336	01:32:56
90cd18ff3fada4b27e6658050daf2acd	33598	56387	14:02:34
90cd18ff3fada4b27e6658050daf2acd	33598	56387	21:28:22
90d5f57c44cbd16eb06c03a4936a42e6	62864	10723	09:36:26
916f6f1230eac4be3c6fd2ce76060992	41744	203	13:30:45
916f6f1230eac4be3c6fd2ce76060992	41744	203	13:30:46
916f6f1230eac4be3c6fd2ce76060992	41744	203	13:28:02
91a0934f3ebf264aadd07673800a96a2	61722	15281	14:49:45
91e93f3b278c948b145f03bb6493f1b1	45473	14729	12:39:10
91e93f3b278c948b145f03bb6493f1b1	45473	14729	12:38:59
91f979eeb3155555ce6f634dd153852a	41770	5543	15:50:55
9224159aeb24aa64b3f21537bbfefbc8	41792	7132	07:42:34
9224159aeb24aa64b3f21537bbfefbc8	41792	7132	07:42:34
94d6140c71c0ecbfa07979089ff3efad	41784	1973	17:17:17
9579ac6774198d38d7665dddecfc423d	41760	3983	07:03:23
9579ac6774198d38d7665dddecfc423d	41760	3983	07:03:18
95b6560e787b66b2e22be615436cdb0e	33582	12216	11:51:12
95b6560e787b66b2e22be615436cdb0e	33582	12216	11:51:11
95dfe0f4258f492b0999b9c2dfb70ee0	55643	48162	21:43:16
95f919a23f0b039abd458d4e22df38e6	41792	7844	11:37:24
968cacf89d7192b4221ce64fc3642bed	41744	45301	17:45:56
96bcc7ec04f5ef838c39660b6dc8a07e	43042	32541	13:02:38
96bcc7ec04f5ef838c39660b6dc8a07e	43042	32541	13:02:41
96cc9d566ab272be22c3bd887e4e59ef	41753	11362	17:46:14
96cc9d566ab272be22c3bd887e4e59ef	41753	11362	17:46:14
970f5c073492f7c812dfc2e6c844b13f	41744	2642	09:26:32
973ff6d73b3274332a49acefb566ac1f	41784	24401	23:48:25
977b5ca3434017780ac4d750b38d0cc6	41784	24091	12:55:49
98a7e3bfffd5e937252803dc6a3da9c4	41745	11152	10:06:36
99796767def3e1c9d6a056280eacaadb	1059	20276	00:21:52
99796767def3e1c9d6a056280eacaadb	1059	20276	00:22:51
99796767def3e1c9d6a056280eacaadb	1059	20276	00:22:48
9a0c3f438f5a124dcf127ad04664f0a9	64887	11506	00:24:45
9a0c3f438f5a124dcf127ad04664f0a9	48449	25112	09:57:25
9a0c3f438f5a124dcf127ad04664f0a9	48449	25112	09:57:25
9a2a856f7bf1a5a8bdda3b60bc1d8589	41760	46352	12:57:02
9a92757676db349d7fd3380fe513eaaf	55120	9498	11:16:42
9af0d2504f05d7c4d6dc7f9d8f3516bd	41768	56044	16:40:59
9b0303f2d0dd15786d8924305b584f0d	41744	26873	12:51:08
9b0303f2d0dd15786d8924305b584f0d	41744	26873	12:57:33
9b08fbef0ec5303ec1d3c2dd4199c810	41736	9613	17:05:05
9b271b261f292ffa013b189f0cd3a97e	10115	10111	17:53:02
9b271b261f292ffa013b189f0cd3a97e	10115	10111	17:53:02
9b271b261f292ffa013b189f0cd3a97e	10115	10111	17:54:15
9b271b261f292ffa013b189f0cd3a97e	10115	10111	17:53:12
9b271b261f292ffa013b189f0cd3a97e	10115	10111	17:53:12
9b45a3af276a079663a78c9de43c0419	58626	8510	01:38:04
9b45a3af276a079663a78c9de43c0419	58626	8519	18:01:15
9b6e5f055615abc27aab0b7a36e0633b	41768	2932	13:26:38
9b85898afcaa54bffeb74d392efd4112	41784	21401	12:45:55
9bbd1447df567a0d44e61d53384d6e7c	33586	14635	16:06:26
9bbd1447df567a0d44e61d53384d6e7c	33586	14635	16:06:26
9bbd1447df567a0d44e61d53384d6e7c	33586	14635	11:38:05
9c1a5ccd62816393b770275c2b9e4e09	41784	2221	00:34:18
9c1a5ccd62816393b770275c2b9e4e09	41784	2221	00:38:41
9c1a5ccd62816393b770275c2b9e4e09	41784	2221	00:38:41
9c6391eb6bef3a94daaefd83491d1e56	41824	54341	13:38:38
9c6cb4de527ee71d71ce28d9e7e83fab	41744	23491	14:24:03
9cdf647960f7e84c93c0cdca145e6248	41777	3573	12:29:45
9d111c825a6ef4a968cf8877a0c0aa06	41764	21871	16:02:28
9d111c825a6ef4a968cf8877a0c0aa06	41764	21871	16:02:45
9d111c825a6ef4a968cf8877a0c0aa06	41764	21871	16:04:27
9d9e18a4e3c909d8ca0bfe12542b74e9	33573	22398	09:57:09
9d9e18a4e3c909d8ca0bfe12542b74e9	33573	22398	22:14:54
9db8a15128d540b438b0e9a2a4559d83	282	5573	17:15:09
9db8a15128d540b438b0e9a2a4559d83	282	5573	17:15:03
9db8a15128d540b438b0e9a2a4559d83	282	5573	17:15:09
9e0633da1156381f4fed17f7724d3c1a	41768	21875	12:36:59
9e07d43bf8813226ff8fcb75990b55d7	33595	13021	23:53:23
9e07d43bf8813226ff8fcb75990b55d7	33595	13021	23:53:39
9e09d85664f879977aa358f5e1330997	41792	38253	10:52:43
9e09d85664f879977aa358f5e1330997	41792	38253	10:52:43
9e09d85664f879977aa358f5e1330997	41792	38253	10:50:27
9ed10d7d999310c6941c72ce4d68c6d2	41777	56752	06:39:40
9f58e717c1ea5871406b7b94a597e5d4	41736	21782	10:03:38
9f9ace591620877c847c4d0790e1c270	41792	7002	08:35:17
9f9ace591620877c847c4d0790e1c270	41792	7002	08:35:33
9fdfdec8f0eec2964a7df5ec6caa2f3f	41744	30193	08:13:30
9fe2939fa3afca1abc73d78073b22bf3	34705	1141	18:31:57
9fe6d5e4eabb5ccc55b853f04c0b6e78	41784	1951	08:54:15
9fe6d5e4eabb5ccc55b853f04c0b6e78	41784	1951	08:59:04
a03d91f7d3faa1f8783f8c8ded03a354	41753	40583	16:39:05
a068aacee80fb5cebded886ddea77fc8	41776	31061	09:36:09
a068aacee80fb5cebded886ddea77fc8	41776	31061	09:36:07
a068aacee80fb5cebded886ddea77fc8	41776	31061	09:36:07
a068aacee80fb5cebded886ddea77fc8	41776	31061	09:36:15
a068aacee80fb5cebded886ddea77fc8	41776	31061	09:36:15
a06942a0356c8ea05112aa00ff17f0b9	41771	53653	07:51:48
a0a185a739901aaf190a2cca16a364f3	41792	7644	12:28:05
a0a185a739901aaf190a2cca16a364f3	41792	7644	12:28:13
a0cce0306d5b0ed44f0a3113ef3daed4	41778	33451	12:24:38
a15f7931b3e48f92a3d220353fc768d9	41736	6012	19:46:20
a15f7931b3e48f92a3d220353fc768d9	41736	6012	19:45:14
a15f7931b3e48f92a3d220353fc768d9	41736	6012	19:46:20
a1d024ea313eda73c47d34c356b16fe4	41760	44584	07:07:53
a288311acab05ef9e83942364d4af77d	41848	60506	11:25:49
a2f911dd06a91208ba670809963594ef	43028	10383	19:16:23
a31294fd36a187cc4146be294833a093	41744	821	12:39:06
a31294fd36a187cc4146be294833a093	41744	821	12:39:07
a31294fd36a187cc4146be294833a093	41744	821	12:39:00
a3d55a06a924e7f4917b4cc0f35f8d38	41752	9765	14:18:58
a3d55a06a924e7f4917b4cc0f35f8d38	41752	9765	14:19:06
a3fbef36b6dbc4a511768e3fd3792931	41848	45081	09:07:34
a41106910f10d8c704d8ec8503856a0b	33596	10362	16:00:26
a41106910f10d8c704d8ec8503856a0b	33596	10362	16:00:26
a41a485d8b491f8ff3c46cb000826ca4	41770	36931	09:18:13
a41a485d8b491f8ff3c46cb000826ca4	41770	36931	09:18:13
a41dbf798bd1a696e5ce23be00a5cea6	33034	11256	11:53:29
a41dbf798bd1a696e5ce23be00a5cea6	33034	11256	21:11:15
a454c86060124cf74b4e8f241c7763d7	33557	31000	09:22:06
a4c0ae1cf2cc501cfdcd8d32e8189728	42324	4821	18:32:26
a4eb6e6f62ff35a15b522340facbff82	41736	32745	08:42:56
a4eb6e6f62ff35a15b522340facbff82	41736	32745	08:43:01
a4f64169fbc0aa0a8a25787193602cd8	3301	12102	15:46:01
a4f64169fbc0aa0a8a25787193602cd8	3301	12102	15:46:02
a4f64169fbc0aa0a8a25787193602cd8	3301	12102	15:45:52
a4fade4a91d33a336f01421b13b9551a	41736	5432	17:58:53
a5151befbeeab2e35bcc7c79af380e30	63235	20522	10:45:28
a528fa6761b1c044e11754d1b6483eb3	33591	10844	17:32:09
a588a7aa3f6c396e7f6f9be565fbbc9f	41753	46873	17:33:00
a59b03f2eaf7f79ee44a12e8b6a64a7e	33563	9656	08:17:09
a59b97af2b3cbfccd44e698e630dff60	41752	39571	11:54:50
a59b97af2b3cbfccd44e698e630dff60	41752	39571	11:54:50
a5af1f0723f3dc1f4b724663d410bc97	41753	30752	17:17:35
a5c0e0843da1e37aa34f336e47812f5f	41776	26912	11:59:44
a6d5981944beeab1a93df62b9942bd9e	58628	15620	08:53:23
a6d5981944beeab1a93df62b9942bd9e	58628	15620	02:42:59
a6d8c23391be89c91005eb788b005981	33569	40276	12:10:38
a6d8c23391be89c91005eb788b005981	33569	40276	12:09:45
a6d8c23391be89c91005eb788b005981	33569	40276	12:09:48
a6d8c23391be89c91005eb788b005981	33569	40276	12:10:37
a6d8c23391be89c91005eb788b005981	33569	40276	12:09:30
a6ffcffc1fcdb51d2fdca556080027ce	55284	30362	14:59:12
a721c3540766ba06323cc20df9adb8ca	64770	3221	21:20:05
a721c3540766ba06323cc20df9adb8ca	64770	3221	21:19:58
a721c3540766ba06323cc20df9adb8ca	64770	3221	21:19:58
a721c3540766ba06323cc20df9adb8ca	64770	3221	14:43:18
a74bb4d2561cca37c81113ed5373eeea	47079	10091	09:01:14
a74bb4d2561cca37c81113ed5373eeea	47079	10091	09:01:20
a74bb4d2561cca37c81113ed5373eeea	47079	10091	09:01:20
a74fdc3263ed68d49adbdb46bb05d4d6	41744	16433	09:00:31
a74fdc3263ed68d49adbdb46bb05d4d6	41744	16433	09:00:26
a79f75bac7838c6ce4ec5efd187ddf59	41792	31902	12:19:29
a8026b94d10927c227534e2cf719ae8d	61713	21405	19:37:13
a8460f32330726abeb35c231e3719518	41768	561	07:29:32
a84cb4405be1c94d4b46dade0b773395	41736	5453	10:27:05
a8647c0e2a4380e73b1f45d3c08dbfda	41817	21071	06:50:27
a8647c0e2a4380e73b1f45d3c08dbfda	41817	21071	06:50:33
a892d12b12f6001f0461484bdd7b8038	63238	45262	07:28:13
a892d12b12f6001f0461484bdd7b8038	63238	45262	07:28:17
a892d12b12f6001f0461484bdd7b8038	63238	45262	07:28:17
a8f39ae57fee6eaaadb378fe3516905a	33597	6477	18:28:50
a8f39ae57fee6eaaadb378fe3516905a	33596	23198	07:25:40
a8f39ae57fee6eaaadb378fe3516905a	33596	23198	07:25:53
a8f39ae57fee6eaaadb378fe3516905a	33596	23198	07:25:53
a90bbe9852c0140eaf26bf7a28f3a1a6	43044	31561	16:06:32
a90bbe9852c0140eaf26bf7a28f3a1a6	43044	31561	16:06:39
aa218bf9406a0e51c3f323c606c5ea91	41832	38862	19:23:36
aaacff5ab365c457e4438e48ce86c0c8	41832	39501	13:34:38
ab163a7296330b6ab9d33d366a399248	55040	49971	16:56:46
ab5611e90be635576c745e9a73386221	33568	6197	21:00:11
ab5611e90be635576c745e9a73386221	33568	6197	21:00:21
ab5611e90be635576c745e9a73386221	33568	6197	21:00:26
ac02e713df885be38ee083a4ffa3e21d	41832	45434	09:10:59
ad9a8ea264a0cb2959c552cf7a41796c	41792	7962	04:05:22
ad9a8ea264a0cb2959c552cf7a41796c	41792	7962	04:05:15
add003969f91e638804e424f8decd3eb	33596	15450	16:43:11
addcbe48424d3bef6bb1fafaebe996ae	41832	61011	12:04:25
addcbe48424d3bef6bb1fafaebe996ae	41832	61011	12:04:25
addcbe48424d3bef6bb1fafaebe996ae	41832	61011	12:03:09
adfd495c22d7d851ca2089e43428b5d5	41852	63692	13:59:21
ae18ae6f6f12ed8cf85c4b7aba7a0627	55114	19231	01:55:44
af034b6f1b304f5457fc3ce07e59b703	41744	23481	08:45:35
af355520311b8189a17a807724647647	33565	77	06:52:00
af355520311b8189a17a807724647647	33565	77	06:50:51
af3b1530fe003b4377b1ea1d94f06a35	41744	41671	10:06:28
af3c02307ae13fcc01568d22f2308f6f	41776	31061	16:12:29
af59c3853025d4e561a263fcaee6f9ec	41784	1641	09:04:16
af62ba602cff783bdb0a8fc5b33e38c0	41772	27488	13:06:05
b0d30177be078464f27cfa5378ac92b4	33558	46510	11:13:49
b12d082b742d07d2be5b41b2a4287987	41816	46207	15:32:46
b12d082b742d07d2be5b41b2a4287987	41816	46207	15:32:39
b12d082b742d07d2be5b41b2a4287987	41816	46207	15:32:46
b1b554a7ed8642a933b449c891203ca3	41745	30001	15:20:44
b1b554a7ed8642a933b449c891203ca3	41745	30001	15:22:30
b1c525763467dfcced78f6cd19baa4ae	41816	46208	15:52:34
b205a2e306d5b08d7f3ead8034fd542c	41778	55991	09:58:13
b205a2e306d5b08d7f3ead8034fd542c	41778	55991	09:58:11
b285b8e5e3e6366aec40dae64b060444	57745	48142	06:48:08
b285b8e5e3e6366aec40dae64b060444	57745	48142	06:48:12
b296a652a69ea6aa7035dfb41ae8b6bb	41784	2232	17:37:02
b29a4df7f23666e611577a45c8e9d4f4	63434	13770	15:41:14
b29a4df7f23666e611577a45c8e9d4f4	63434	13770	15:47:34
b2af2797139a571f3afe103c895f604c	33569	41625	09:00:43
b2af2797139a571f3afe103c895f604c	33569	41625	09:00:19
b2af2797139a571f3afe103c895f604c	33569	41625	09:00:19
b3be356d050949dc9d76bf3a019f1fc3	41744	27861	12:50:56
b43e3dd46bdce0f9bc8e3315ded603bf	46344	16661	22:10:06
b497860fa3da99602b2a05cd3b4008a8	41744	22822	17:34:55
b4d611bcafede36dd3a35c71d9a808be	41744	22025	22:38:20
b531b684f5c99a9a295906cb36e70049	48449	25662	06:50:08
b5c522d60074b77bac768fe4942a3158	41784	2278	13:55:27
b5e5df389fcb78ecb76a58ab058d1934	41756	2705	23:00:37
b694f5cd9b59e22775dba3aea3b7b418	41792	40142	09:38:44
b69d26700ff49752af860753c78b5bd6	46444	9193	14:12:12
b69d26700ff49752af860753c78b5bd6	46444	9193	14:12:03
b69d26700ff49752af860753c78b5bd6	46444	9193	14:12:03
b6b28b46a5fa88c9d7da0a48def165c7	41011	6131	07:10:49
b6e370f6173f85c6e3469e75073299c0	41764	5572	11:27:59
b6e370f6173f85c6e3469e75073299c0	41764	5572	11:27:46
b72ea1d61a60e9ea44be89e44502756b	41792	10323	10:05:12
b74d8039c2c5387684e737595f1cddd5	29742	51162	08:01:46
b8104dfc0a3340f56d7b5e8dc7380e65	64959	39252	07:50:55
b8104dfc0a3340f56d7b5e8dc7380e65	64959	39252	07:50:55
b842aee0ea3c6d2e8cc180df39df2b0c	41773	28852	06:37:28
b88e7454fe024621e66e0ee4257f2c7d	33566	5860	17:51:32
b8dbc1bfb9582757a3e3389d685c45d7	63234	31182	13:23:07
b8fc7f3940a93d3ab56629d3db7a4e20	48114	30602	16:49:10
b9180bdc57c29b7212be61c0949f6ba3	33597	352	12:09:43
b989b7d672e32ba83c0e7df8e9d9104b	41744	17	05:32:06
b9bc07855313832691dc94b63502a007	41769	34242	06:53:27
b9bc07855313832691dc94b63502a007	41769	31882	10:52:45
b9bc07855313832691dc94b63502a007	41769	34242	07:01:52
ba6b6b0343ac7ac4506ed3d6f98c35fa	33568	13545	08:13:11
ba6b6b0343ac7ac4506ed3d6f98c35fa	33568	13545	08:13:12
bb16decd84073384e531601dfc244337	41745	45746	08:47:07
bb16decd84073384e531601dfc244337	41745	45746	08:48:08
bb1e0ef5427bafa4b5ab58f389e872f8	41852	61592	16:45:21
bc0f07fe425027463de758e582ccb53b	33133	64555	08:24:53
bc280878931c42ec92dcab54458b9730	63362	5802	23:56:49
bc7589ab26bb63edbe878fc92447cdee	41776	53773	21:32:51
bc8a8ec3ee03ffb9bb44c77831695b46	41756	53646	13:51:01
bccd8d92c4b5a385bc938305c3080739	41736	41423	13:08:49
bcf4468cb435f78b1c124ba7068cf11c	41772	54082	09:22:57
bd33ea63ef47974c1b0a5b3d010f6cac	41816	48958	16:39:07
bdca661418447a45b28f9ac094f9284c	41736	5291	07:12:04
bde01a56a9e197cf8e34c5c80912578a	41764	8532	17:19:50
be330e4402851d7068eea7ca4ff4354c	41736	5068	11:58:20
be33ebdda70830a03454b717c41657ee	41768	31011	14:04:35
be33ebdda70830a03454b717c41657ee	41768	31011	14:04:28
be78bb87faab7779aab808ecf6940895	56832	832	07:27:19
be79a3ed0fa1071d2738a59cc1ff8fbd	33595	12767	20:28:59
be79a3ed0fa1071d2738a59cc1ff8fbd	33595	12767	20:28:52
be79a3ed0fa1071d2738a59cc1ff8fbd	33595	12767	20:28:58
be7ac010cb31aa4f6ea8fd878a9703cc	10112	14612	11:48:01
be7ac010cb31aa4f6ea8fd878a9703cc	10112	14612	11:47:45
becb116adb53771e3e2a4d37aa580bfc	41744	36282	10:06:54
becb116adb53771e3e2a4d37aa580bfc	41744	36282	10:06:58
bef66b390ae5530d06d269d20afd0311	33562	13788	09:48:33
bf0508f4db221559211093bca7d3c1d7	41736	8152	21:38:11
bf0508f4db221559211093bca7d3c1d7	41736	8152	21:38:17
bf5a8ab26fe2892331134da34eea3427	41753	21681	07:34:29
bf93cf63bbe9353c6df56d8f10b1f1c1	16912	21234	04:20:40
bfb8f79d37e10fda9be26a509b3807e5	41736	5996	18:43:07
c042c8cd73203847443ae17fde846a6e	41764	8911	22:53:10
c042c8cd73203847443ae17fde846a6e	41764	8911	22:53:17
c042c8cd73203847443ae17fde846a6e	41764	8911	22:53:18
c042c8cd73203847443ae17fde846a6e	41764	8641	16:34:10
c042c8cd73203847443ae17fde846a6e	41764	8641	16:34:10
c042c8cd73203847443ae17fde846a6e	41764	8641	16:31:55
c06e7aedc6631861bfe9411bfb2539dc	41744	45223	19:01:14
c09c92b4bd8b5132b3e6af418713b3c4	33577	18005	16:28:11
c09c92b4bd8b5132b3e6af418713b3c4	33577	18005	16:28:11
c0b5fcac98801a902864d0897b00b11b	41744	232	14:03:26
c0dab4ceb2c3b60dfbfbda4f9ca371ea	56838	25049	06:30:04
c0dab4ceb2c3b60dfbfbda4f9ca371ea	56838	25049	06:30:04
c1093287dab5ecb29aa3ea85f9b042b7	41784	38117	12:26:22
c1093287dab5ecb29aa3ea85f9b042b7	41784	38117	12:27:03
c11ddec8e3ade35e93750a371fcc2d27	29257	27262	19:39:21
c1e4e3826a13bea896cffac266c2b823	41816	49383	16:38:56
c24072f8abc6a5ff9758834366eb617f	41744	45252	14:24:07
c24072f8abc6a5ff9758834366eb617f	41744	45252	14:03:31
c2bb24a20941cacc5f1e25512d51d1af	58337	12502	13:01:28
c2bb24a20941cacc5f1e25512d51d1af	58337	12502	13:01:48
c2bb24a20941cacc5f1e25512d51d1af	58337	12502	13:01:48
c2c00075a7d11e470f14eb89e39c22ba	41760	26388	08:03:27
c316931a4d59dbd9b0a8bd3c9cfffdf8	41760	4354	11:03:07
c329da759432b40a36c700f0ba137018	41744	483	12:26:36
c38e9189614dd7ac0f21f06f2604e46e	42481	1759	12:59:02
c39a45fd104fe44c711ba170cc1c13ac	41744	16801	09:06:15
c3b89286d8359f8ec18d3f416d9e081b	5670	14713	13:55:49
c3b89286d8359f8ec18d3f416d9e081b	5670	14713	13:55:49
c471f50a3abb2ad633190023bc5f7a2b	33595	19559	16:12:08
c471f50a3abb2ad633190023bc5f7a2b	33595	19559	16:13:07
c5b93f1bab5d8023c3d337841175b79a	41736	5560	07:30:53
c5e481dd4bd7735747ea08f9a2fa1ed7	41736	39391	04:44:10
c61a961dd9b07c2387cd5ef4b730477b	41768	53622	14:42:11
c62c75dc968186a8968e14389d5a1971	58631	58420	12:47:12
c63d745f168850e7b8a2395f5915cb15	41780	28395	02:14:27
c65848892d54b78363229e54d04c9f86	8522	12502	22:22:24
c65848892d54b78363229e54d04c9f86	8522	12502	22:22:24
c6834617236950bf631fd0f4e87cbf6f	41756	58722	11:26:46
c6cc702b5f6e044157cf739fa34b69da	33566	6925	08:12:18
c6cc702b5f6e044157cf739fa34b69da	33566	6925	08:11:58
c6cc702b5f6e044157cf739fa34b69da	33566	6925	08:08:02
c6cc702b5f6e044157cf739fa34b69da	33566	6925	08:08:00
c6cc702b5f6e044157cf739fa34b69da	33566	6925	08:07:44
c73c9d370b78920f31233958bd866ed0	41820	4272	15:58:56
c75f9050786308b300cda9a4faa0ddfc	33557	35780	10:59:50
c8856330b08998b11b6360aff5a22b86	33579	19795	11:19:50
c8856330b08998b11b6360aff5a22b86	33579	19795	11:09:22
c8856330b08998b11b6360aff5a22b86	33579	19795	11:14:58
c8856330b08998b11b6360aff5a22b86	33579	19795	11:15:05
c8856330b08998b11b6360aff5a22b86	33579	19795	11:19:50
c8bf98bcd709bde147a3bb5a53c7f4ba	41764	41373	18:56:25
c9c5ea0aca1f7856249efa5a7ba83d64	56401	50095	16:54:24
cc57c0b4d0b60f9e3304a2b8b8c582e5	41760	4332	19:56:54
cca72d4ec3a3ff477d23a10604d86d5f	41753	38622	16:00:24
cd0f8c7883ab0a1ab19bfa1163bbbba9	41744	931	14:10:12
cddc9f486897c3d7d5d2a0f634b97591	41768	50341	10:15:59
cddc9f486897c3d7d5d2a0f634b97591	41768	50341	10:15:59
cddc9f486897c3d7d5d2a0f634b97591	41768	50341	10:14:16
cddc9f486897c3d7d5d2a0f634b97591	41768	50341	10:14:16
cdec4b799799848e5d516782181773f3	61839	5355	10:31:29
ce268551298be7b847b59d3389067cf8	41772	28181	10:57:41
ce268551298be7b847b59d3389067cf8	41772	28181	10:57:21
ce59f7393817be00ad07b592f8b8ef18	41776	51242	07:56:43
cf577a950b6734e6e06f7349d789caf0	41776	35252	09:50:47
cf577a950b6734e6e06f7349d789caf0	41776	35252	09:50:45
cf7d307a3a745e120c8ca96d06d7bde6	41784	38804	11:25:49
cfcedbde117007ff06368f01aa67aa18	57721	821	07:44:19
d0985c11d2d0e1cbf73f0a2ca722c724	41778	29403	07:58:57
d0b838edfd0158dd6e3590584f1f752a	41821	4482	12:02:30
d0efe2f4195c1b0794b37d3c8f190980	41068	10623	17:55:15
d0f331a1845328b307c4182c5d63cdb2	41780	52361	11:48:35
d164ce208d232870dbd1ed90f3e00b0b	41832	40643	12:09:08
d1ba6881f1f775a4698bbcee0fef836f	41833	43182	09:12:58
d1c8cbd5e27c30e6685ffba27c13dcd9	41744	46542	10:12:17
d233235507d70e5a9c183e253b85d264	41736	6031	16:37:02
d233235507d70e5a9c183e253b85d264	41736	6031	16:37:02
d2a82501e12c31d2507e17d18b49ce76	41792	39603	08:57:22
d342c76edce3079dce5f4bdf2e4647f1	40984	12631	21:50:43
d350e29ea0e508188dbe8629bc0beacb	41744	22731	09:40:48
d350e29ea0e508188dbe8629bc0beacb	41744	22731	09:39:14
d4a7e611579b5e2e9f64ae23ee3bcf7f	41784	2033	08:54:01
d4bce0b7231409ff7bdbe6ef9a28fe99	41778	25352	10:36:17
d4bce0b7231409ff7bdbe6ef9a28fe99	41778	25352	10:36:11
d4ca5bc8f05979ec71fbf7b4caddde63	41821	3962	06:58:19
d4d1011f39c0ca5213f7aefbd5fd6dbf	41756	56382	13:14:17
d525b0e21b1978c9fb9c16dd6b991a3a	22816	24503	08:50:07
d525b0e21b1978c9fb9c16dd6b991a3a	22816	24503	08:50:15
d525b0e21b1978c9fb9c16dd6b991a3a	22816	24503	08:50:16
d5e470acc8867e047790819f7f81d404	41744	45253	04:47:43
d6dbfdcbdae171688be020f8feffbaab	41816	48433	16:27:25
d6ef93f7d6d9625d5fb880607d5f473e	46852	33493	12:01:14
d6ef93f7d6d9625d5fb880607d5f473e	46852	33493	12:01:19
d6ef93f7d6d9625d5fb880607d5f473e	46852	33493	12:01:14
d7850d102f4cc00706cf5b05aef6c968	33112	30554	16:25:37
d7857c2447de4dfc259cd6a05e0de3e2	62816	18301	12:08:38
d7857c2447de4dfc259cd6a05e0de3e2	62816	18301	12:08:38
d78b0e5ca03f2e42ad4aa918123ca9e2	45842	40231	13:57:20
d7fac65363d631c8016595d4577c4f0a	38201	14671	09:45:31
d7fac65363d631c8016595d4577c4f0a	38201	14671	01:08:01
d91112908df7b1b7f9fddb34d766687a	41752	3192	12:56:37
d91112908df7b1b7f9fddb34d766687a	41752	3192	10:26:51
d91112908df7b1b7f9fddb34d766687a	41752	3192	12:56:37
d91c7324cb520ad27b1cd1f634f30a62	48448	10172	14:19:51
d9bec4e19f9b5a3671e02f145db4eb17	33552	7392	08:50:56
d9bec4e19f9b5a3671e02f145db4eb17	41778	26103	17:03:01
d9c77193abf3d73c7043c1c93968f376	41776	7083	22:52:20
d9c77193abf3d73c7043c1c93968f376	41776	7083	22:52:20
d9d4847d6ffecb535dc508a535f2406d	3331	1101	13:44:36
d9dfff04bfffd1191f542a35e96aa457	41744	26777	20:36:37
d9dfff04bfffd1191f542a35e96aa457	41744	26777	20:36:33
d9dfff04bfffd1191f542a35e96aa457	41744	26777	20:36:37
dac33d5aab0a6f51a6174bbb1d58f925	41760	4013	09:52:57
dac33d5aab0a6f51a6174bbb1d58f925	41760	4013	09:53:50
db3c67ac1b3fad063c33cf06e57b4669	33565	22229	15:08:02
db3c67ac1b3fad063c33cf06e57b4669	33565	29997	15:07:20
db96b27bbd4bdaef69ae04ee9e644d2b	41768	54471	16:30:05
db9a8d836ba4f7c1f6cf57eb23370384	41772	34203	09:12:35
dba9d9c1fd1daa1fd09a7776c5c04bad	41744	141	14:44:00
dbde51c25d19cf5cf5779c91d25878e0	62881	11243	18:49:04
dc2d1764da57290f796700316453942a	33595	29959	05:12:02
dc2d1764da57290f796700316453942a	33595	29959	05:17:20
dcb94f7137654d02d43b949a8c8cafc4	33580	16136	14:41:21
dcb94f7137654d02d43b949a8c8cafc4	33580	16136	14:41:27
dcd89cc81ec435da3ef9d0d561f60e82	57634	55871	23:28:24
dcd89cc81ec435da3ef9d0d561f60e82	57634	55871	23:30:57
dd1b3bdfc216a8dcf159b634c0928bf2	62880	10352	15:05:45
dd2889cd36821f57d0fa4984320461dd	41744	28322	16:47:52
dd71bb50e5ce12448dafc37eaa7e27ee	41832	38642	11:58:32
dd71bb50e5ce12448dafc37eaa7e27ee	41832	38642	11:59:39
dd949fb0ddc5d7a22d35af14a7949a71	18710	23001	11:19:03
dd949fb0ddc5d7a22d35af14a7949a71	18710	23001	11:19:03
de0467cef9c9c4914f29a95a7cd6536f	33598	55054	17:12:00
de0467cef9c9c4914f29a95a7cd6536f	33598	55054	17:10:56
de0467cef9c9c4914f29a95a7cd6536f	33598	55054	17:12:00
df5003179d16e2bf07fe4dceb2f8413f	41764	40613	07:50:37
df8961ac4a62db7998397c64e4412a53	41771	51602	09:46:47
df8a52f90475ee081fc741ee81f430f1	41736	5102	21:25:20
dff17df2d23820096936b93a72ace173	61703	2281	16:09:06
e0311f2081d1cf00dd9246fceccb13f7	41744	512	07:56:32
e0396d34bef1345fc2134b0ebcb6404d	61827	1823	19:06:58
e04b7be39e757d1254c53bcc75c90bac	41769	23806	09:44:15
e04b7be39e757d1254c53bcc75c90bac	41769	23806	09:44:13
e09f99dd4f589888735324367dc2279e	41817	48132	09:46:13
e0f25c3f842676d0ce8c1da33a511d2d	41736	21991	12:21:05
e0f25c3f842676d0ce8c1da33a511d2d	41736	21991	12:18:54
e0ff3d3b632e82bcb5055acaffbf131f	41778	33565	16:56:05
e12f220fa837d7057006122250bf9487	13575	52671	21:00:55
e12f220fa837d7057006122250bf9487	13575	52671	21:01:19
e12f220fa837d7057006122250bf9487	13575	52671	21:01:18
e1be5db2eb87fc739857982e86f8fc23	41777	24533	16:09:27
e240baaeb237494b6ae412f9e078194f	41753	3686	06:46:32
e240baaeb237494b6ae412f9e078194f	41753	3686	06:52:14
e240baaeb237494b6ae412f9e078194f	41753	3686	06:49:33
e24d050cb1118475b73f13758d0d75de	41784	22601	23:17:48
e268c134befb285362c14f660d5f9824	33573	26232	19:21:40
e26c38254d4cabf1eb32b7e6b07a045b	41736	45131	09:58:06
e2bf3aaa5fc458489c9d57ed505b5fd6	41744	11781	15:20:23
e3aad6dd18af46b9299a6d480aaacb9f	33558	42550	15:59:09
e40b77f2f8c68ddd6d7a6f71196bf763	41760	4543	12:15:03
e41e1733f37fa59411921121030f53ea	61803	45404	13:30:17
e41e1733f37fa59411921121030f53ea	61803	45404	13:30:11
e41e1733f37fa59411921121030f53ea	61803	45404	13:30:17
e47fe8967c1742495b317b1e2be4c9c3	41760	4313	10:05:09
e4ba4e4cd5eeaf4861c8f2e367b7c0d7	41784	1954	08:19:58
e56d89dffcfeef40224ec1fea0ee7c90	62753	38491	08:51:42
e59921e369feb0295879305ca6c42233	41817	52292	13:14:34
e613842a1ccfad5de549a027af2040fe	58631	34400	16:31:36
e6817276a2acdaabfdb6e63f943659ec	47883	20951	08:31:37
e6817276a2acdaabfdb6e63f943659ec	47883	20951	08:31:45
e6817276a2acdaabfdb6e63f943659ec	47883	20951	08:31:37
e6b18209e93e4e566cc90aaa45cafe71	41744	533	16:20:56
e6b18209e93e4e566cc90aaa45cafe71	41744	533	16:19:04
e6b2ad29c308292a684eeac47d5a8d0f	41760	38791	12:54:18
e72822ffac6c7c606e5f77437e159cee	41752	11681	20:50:23
e7a793fb054b7b14ac643cff97a7688d	41777	34803	10:59:23
e86d26c7600f787430d5b966dfb44b07	57670	931	14:05:53
e86d26c7600f787430d5b966dfb44b07	57670	931	14:06:02
e86e45115a7906bdeb5bdb811d33250f	33577	4206	13:29:42
e8714651310d31bd1b21b0fd9f7f10f0	41824	51171	02:23:17
e8714651310d31bd1b21b0fd9f7f10f0	41824	51171	02:23:17
e8714651310d31bd1b21b0fd9f7f10f0	41824	51171	02:23:06
e8776e34b6212ecf15eeaaed4a135d37	41744	45611	08:08:20
e880e1164fdf46bcbeea70cc0cf6ffe2	41744	592	15:36:49
e8d23a3de30cb5069c54db7ccef02a6a	8732	2113	06:34:25
e8d23a3de30cb5069c54db7ccef02a6a	8732	2113	06:34:25
e913995ce0bc98e93702deb7f9ab601e	57745	19042	10:00:57
e92d00ecd43dab486a8667b32e93408d	33590	61583	10:26:15
e92d00ecd43dab486a8667b32e93408d	33590	61583	10:26:15
e9c9576fcda9fc55105fd0f018891daa	41832	40223	10:46:10
e9c9576fcda9fc55105fd0f018891daa	41832	40223	10:45:38
e9f4bb2b05d7af1c6a0424a92cb77221	41792	7991	11:36:50
ea17fe7b395d58bed698beddc3c785ac	33569	43160	12:38:05
ea493ace2f5cdea8f01f8120470f22ce	41768	37851	10:17:14
ea493ace2f5cdea8f01f8120470f22ce	41768	37851	10:17:11
eaec40a5151b3dd8bf865986879b528f	41745	21841	17:37:55
eb26e0713ecc9fb80448c6bb75b54501	41756	37143	07:40:00
eb26e0713ecc9fb80448c6bb75b54501	41756	37143	07:39:51
eb26e0713ecc9fb80448c6bb75b54501	41756	37143	07:40:00
ebb2398371ae199ea6ef4f2ac4e7fd07	41833	42333	17:10:49
ebc12bd0952beef356cc79b9293517db	9620	51683	12:21:34
ec80ce4c0c05559cd750d5eadbf7757a	41768	56505	16:09:18
ecc8e28f5b9f2665928263488bafd6db	41784	1941	12:35:10
ecc8e28f5b9f2665928263488bafd6db	41784	1941	12:34:45
ed2bdc9e451cba77041893b130228723	33592	13952	22:45:23
ed36a140f04e5f5bb7b99bacba1935d1	46945	17783	00:23:59
ed5af17cc1682b465b4655f43d3f1ebe	29955	21783	20:48:21
eda4a7f6bda9a5df0eb6cc1ada8827d0	33589	48652	06:33:44
edaa9178cfe421d9af87abdda9e52dce	41769	5261	13:52:54
ee098eebbe8605ae559fefab9cef7514	41760	25912	08:06:27
ee71bf31af2530d3bd2823c958ee6121	50593	11431	19:05:00
eeabd2c1376d773f30471338f932efb4	61708	8684	11:23:00
eecf4c59fd067bfbf57838bb7bbc9434	41769	55771	07:01:57
ef341d8881f0aefe96f9276ee7a360e0	61698	671	22:28:28
eff276d44d08b448c8ca822bb70398c3	61828	2313	12:34:58
eff276d44d08b448c8ca822bb70398c3	61828	2313	12:34:56
eff276d44d08b448c8ca822bb70398c3	61828	2313	12:34:44
f0a9b6a1fb06b298cb668d6dfc20952c	41744	291	16:54:37
f0a9b6a1fb06b298cb668d6dfc20952c	41744	291	16:55:44
f10fce00af6c6d4dd502f4367b75b39e	62880	50282	23:21:04
f113b0f77dae9da24757d43fe7f4340f	8521	56153	14:42:41
f113b0f77dae9da24757d43fe7f4340f	8521	56153	09:19:19
f1623f6d4a054e9e42a7d87ee4fdedb4	41784	1361	13:33:56
f180e5732ae585648cf6f29022fa32e9	63237	18351	17:10:55
f1b546bf724221fd16132ebbe644400d	41777	24391	17:16:02
f1d2635acf981c3511703a996cdcc23d	13708	32512	21:08:35
f1dc149e3ec651638ec2b596f42b53b4	49430	30412	15:51:15
f2650686cab0d5b115546dba6e2f6c5b	20995	32731	22:04:05
f2650686cab0d5b115546dba6e2f6c5b	20995	32731	22:04:19
f2696623200d735365afc131141020e8	33561	47290	21:48:51
f2696623200d735365afc131141020e8	33561	47290	21:46:20
f598164d1fd13bb6e1f828da1c35fc1a	41852	62131	16:33:30
f598164d1fd13bb6e1f828da1c35fc1a	41852	62131	16:34:14
f5c6ab227c21b141c98a262e189f85aa	39251	10430	09:59:49
f5c6ab227c21b141c98a262e189f85aa	39251	10429	00:18:10
f5c6ab227c21b141c98a262e189f85aa	39251	10429	00:17:36
f5c6ab227c21b141c98a262e189f85aa	39251	10429	00:17:10
f5c6ab227c21b141c98a262e189f85aa	39251	10429	00:15:35
f5c6ab227c21b141c98a262e189f85aa	39251	10429	00:17:11
f5c6ab227c21b141c98a262e189f85aa	39251	10429	00:17:36
f6460c855fade521afae3d0e201926dc	41760	25921	07:19:57
f6460c855fade521afae3d0e201926dc	41760	25921	07:18:45
f64abe981f96248a3a7894a70c86ce8b	287	22144	15:12:30
f64abe981f96248a3a7894a70c86ce8b	287	22144	15:12:14
f724947e17151132b87acf3b18fe3fb7	41736	45465	14:14:41
f724947e17151132b87acf3b18fe3fb7	41736	45465	14:14:47
f74e0b9ba2111a19076b314aa88b529a	41760	4422	08:36:58
f7c41bfd9e49211e2e9861fd00cb1444	13104	20801	11:13:40
f7c41bfd9e49211e2e9861fd00cb1444	13104	22145	19:55:34
f7c41bfd9e49211e2e9861fd00cb1444	13104	20801	11:41:32
f7c41bfd9e49211e2e9861fd00cb1444	13104	20801	11:41:32
f8321b30cf7b8ec0dcc93037b81ed936	41821	5691	05:58:24
f8321b30cf7b8ec0dcc93037b81ed936	41821	5691	05:59:29
f867c84015ea6b7cbfc5ad1882f9e693	41752	38374	17:04:15
f880ff65ae5fdd93e39c6d5c29fa0923	41768	26582	10:14:38
f880ff65ae5fdd93e39c6d5c29fa0923	41768	26582	10:04:08
f880ff65ae5fdd93e39c6d5c29fa0923	41768	26582	10:14:38
f8cf55895d48f762e0c15bcea9db10e9	41736	5662	09:01:21
f8cf55895d48f762e0c15bcea9db10e9	41736	5651	17:15:32
f8cf55895d48f762e0c15bcea9db10e9	41736	5662	09:01:10
f8cf55895d48f762e0c15bcea9db10e9	41736	5662	09:01:21
f8d6dc59615fd17c8a896baa4b491336	33577	16622	09:13:40
f8e7de661feff004d3fe2428a6d1b3cb	41792	47342	16:56:55
f94301ba093dadab1bba06889129daa3	41764	39741	02:40:31
f955b87a495cc73888ed929a122f4c3f	41744	371	14:39:15
f995218a7abb1100ec2163c8688e2eeb	41744	30441	17:50:07
f9d957e8246943e9a95a74d3f2a66dfc	9635	2391	21:03:39
f9d957e8246943e9a95a74d3f2a66dfc	9635	2391	21:03:39
f9d957e8246943e9a95a74d3f2a66dfc	9635	2391	19:35:41
fa02ba5dd5d6ed2d5bc0fc3f148957d6	41776	51712	09:28:33
fae1b4a7b2ef33147d41329a83f0af1a	41792	38913	15:47:01
fae1b4a7b2ef33147d41329a83f0af1a	41792	38913	15:42:12
fae1b4a7b2ef33147d41329a83f0af1a	41792	38913	15:47:00
fb48f5a95b85feca15469eec0f5fd6ef	41776	54633	08:40:05
fb6576dcc6bc337d1e96e33c9ad48e78	41768	573	15:30:55
fb6576dcc6bc337d1e96e33c9ad48e78	41768	573	15:30:34
fb91e05fc7644679818db8608f4a5239	41768	22083	16:08:21
fb91e05fc7644679818db8608f4a5239	41768	22083	16:08:17
fbe4ab25f3394058eaeea3dc3cd1445c	41852	61383	11:11:47
fc1eb363b3c2d67c23af489f47ef6f9a	41736	20672	10:07:32
fc1eb363b3c2d67c23af489f47ef6f9a	41736	20672	10:07:38
fc1ff2d4102773e53a5929fe33e6441b	41792	7125	12:51:48
fc376474ae1564d167cec491920846f8	50480	20662	12:35:48
fc376474ae1564d167cec491920846f8	50480	20662	12:35:43
fc8d9418bdd54c190afcc0cbfdae5ac1	20858	48849	10:13:26
fc964df0d1c84b6786714798b3dc3b2c	41744	51692	12:45:49
fc964df0d1c84b6786714798b3dc3b2c	41744	51692	12:45:44
fc9b8c9fe88f386321f0d08b6538620a	33596	10527	10:11:34
fcaf4716900850de57bca29b1664f827	33598	59432	07:07:43
fcaf4716900850de57bca29b1664f827	33598	59432	07:08:11
fcaf4716900850de57bca29b1664f827	33598	59432	07:08:07
fcb540b7b1a7d21967379edbda15afc5	41768	29645	08:39:15
fcc117dd96f3c6da6b9e5558621c6d8b	62731	54188	09:34:12
fcc117dd96f3c6da6b9e5558621c6d8b	62731	54188	09:33:49
fcd9dabd68e0f3553139b3b203903558	33567	14169	21:22:11
fd05999d363a8017cd49518e980f0d73	55041	44852	23:14:44
fd05999d363a8017cd49518e980f0d73	55041	44852	23:15:00
fd68837f6f412546a0f1bce150e74140	41820	50954	15:54:19
fd6c176c1dfa31b70809c4289e489b71	41776	50968	14:56:25
fdcd960804238a9931a7c0f8617a131c	41752	3132	11:34:58
fdd91372fadfb7c282296f35525e3fbf	33561	52062	06:11:15
fdd91372fadfb7c282296f35525e3fbf	33561	52062	06:11:03
fdd91372fadfb7c282296f35525e3fbf	33561	52062	06:11:15
fdda958d0871a9489dca97e7bdbea719	42292	14211	21:13:56
fdda958d0871a9489dca97e7bdbea719	42292	14511	13:44:13
fdda958d0871a9489dca97e7bdbea719	42292	14511	13:44:13
fdda958d0871a9489dca97e7bdbea719	42292	14511	13:42:36
fde210aaa5a264295da261ca661e2056	10081	14541	07:58:42
fde210aaa5a264295da261ca661e2056	10081	14541	07:56:06
fe041bd1f762920b59e6ef879e9f2f0d	57657	7421	09:14:04
fe1c913a0967d84eaea38c518f648ddf	41756	29334	16:45:05
fe75f102cd2666239c674be2b599d8fe	41853	61882	08:57:00
feb462bccc06b956c94bbf81f18572fa	41736	23271	13:20:25
fef90834eb249ddd2997b817c3e0d309	41816	46593	11:16:04
ff06fcaef46e047e3757cb4bd5d8cf6e	41768	4063	14:03:55
ff46835e09d0a5faa1f88a3cd53587a1	41745	24511	04:05:46
ff46835e09d0a5faa1f88a3cd53587a1	41745	24511	04:05:41
ff85512b799acbd193260761ec6111f5	41745	1818	07:19:33
ff85512b799acbd193260761ec6111f5	41745	1818	07:19:40
ff85512b799acbd193260761ec6111f5	41745	1818	07:19:40
ffb9a4b55b8e30eed43bcf66ca41872d	61886	2251	20:38:47
